atm_id,event_date,min_cash_mwk,max_cash_mwk,avg_cash_mwk,total_withdrawal_mwk,refill_count,hours_below_threshold,cash_ma_7d,withdrawal_ma_7d,prev_min_cash,cash_status
ATM_001,2023-01-01,478859,499507,489582.500000000000,42282,0,0,489582.500000000000,42282.000000000000,,healthy
ATM_001,2023-01-02,464553,478527,471839.375000000000,28612,0,0,480710.937500000000,35447.000000000000,478859,healthy
ATM_001,2023-01-03,450320,464244,457541.958333333333,28466,0,0,472987.944444444444,33120.000000000000,464553,healthy
ATM_001,2023-01-04,436037,450015,443272.625000000000,28566,0,0,465559.114583333333,31981.500000000000,450320,healthy
ATM_001,2023-01-05,421750,435707,429001.666666666667,28574,0,0,458247.625000000000,31300.000000000000,436037,healthy
ATM_001,2023-01-06,407799,421429,414833.333333333333,27902,0,0,451011.909722222222,30733.666666666667,421750,healthy
ATM_001,2023-01-07,386447,407319,397246.125000000000,42704,0,0,443331.083333333333,32443.714285714286,407799,healthy
ATM_001,2023-01-08,365182,385994,376004.666666666667,42530,0,0,427105.678571428571,32479.142857142857,386447,healthy
ATM_001,2023-01-09,351061,364867,358235.416666666667,28242,0,0,410876.541666666667,32426.285714285714,365182,healthy
ATM_001,2023-01-10,336823,350752,344053.541666666667,28476,0,0,394663.910714285714,32427.714285714286,351061,healthy
ATM_001,2023-01-11,322542,336519,329829.916666666667,28562,0,0,378457.809523809524,32427.142857142857,336823,healthy
ATM_001,2023-01-12,308203,322187,315471.750000000000,28678,0,0,362239.250000000000,32442.000000000000,322542,healthy
ATM_001,2023-01-13,294093,307883,301231.583333333333,28220,0,0,346010.428571428572,32487.428571428571,308203,healthy
ATM_001,2023-01-14,272963,293620,283710.458333333333,42260,0,0,329791.047619047619,32424.000000000000,294093,healthy
ATM_001,2023-01-15,251896,272478,262530.541666666667,42134,0,0,313580.458333333333,32367.428571428571,272963,healthy
ATM_001,2023-01-16,237675,251576,244922.125000000000,28442,0,0,297392.845238095238,32396.000000000000,251896,healthy
ATM_001,2023-01-17,223566,237340,230686.833333333333,28218,0,0,281197.601190476190,32359.142857142857,237675,healthy
ATM_001,2023-01-18,209443,223244,216620.250000000000,28246,0,0,265024.791666666667,32314.000000000000,223566,healthy
ATM_001,2023-01-19,195275,209100,202447.166666666667,28336,0,0,248878.422619047619,32265.142857142857,209443,healthy
ATM_001,2023-01-20,181237,194981,188364.750000000000,28076,0,0,232754.589285714286,32244.571428571429,195275,healthy
ATM_001,2023-01-21,160122,180763,171765.386363636364,40322,0,0,216762.436147186147,31967.714285714286,181237,healthy
ATM_001,2023-01-22,138678,159648,149569.958333333333,21444,0,0,200625.209956709957,29012.000000000000,160122,healthy
ATM_001,2023-01-23,124528,138363,131694.875000000000,14150,0,0,184449.888528138528,26970.285714285714,138678,healthy
ATM_001,2023-01-24,110587,124235,117678.333333333333,13941,0,0,168305.817099567100,24930.714285714286,124528,healthy
ATM_001,2023-01-25,96268,110249,103542.208333333333,14319,0,0,152151.811147186147,22941.142857142857,110587,low
ATM_001,2023-01-26,70748,95731,83740.500000000000,25520,0,0,135193.715909090909,22538.857142857143,96268,low
ATM_001,2023-01-27,50422,500000,189747.500000000000,25647,1,0,135391.251623376623,22191.857142857143,70748,low
ATM_001,2023-01-28,458479,495687,477800.500000000000,38038,0,0,179110.553571428571,21865.571428571429,50422,healthy
ATM_001,2023-01-29,420685,457629,439791.875000000000,37794,0,0,220570.827380952381,24201.285714285714,458479,healthy
ATM_001,2023-01-30,395240,420076,408113.083333333333,25445,0,0,260059.142857142857,25814.857142857143,420685,healthy
ATM_001,2023-01-31,369776,394725,382702.125000000000,25464,0,0,297919.684523809524,27461.000000000000,395240,healthy
ATM_001,2023-02-01,355629,369447,362829.791666666667,14147,0,0,334960.767857142857,27436.428571428571,369776,healthy
ATM_001,2023-02-02,341520,355316,348681.833333333333,14109,0,0,372809.529761904762,25806.285714285714,355629,healthy
ATM_001,2023-02-03,327461,341179,334607.416666666667,14059,0,0,393503.803571428571,24150.857142857143,341520,healthy
ATM_001,2023-02-04,305949,326999,316851.500000000000,21512,0,0,370511.089285714286,21790.000000000000,327461,healthy
ATM_001,2023-02-05,284884,305481,295649.625000000000,21065,0,0,349919.339285714286,19400.142857142857,305949,healthy
ATM_001,2023-02-06,270695,284562,277875.750000000000,14189,0,0,331314.005952380952,17792.142857142857,284884,healthy
ATM_001,2023-02-07,256403,270373,263666.833333333333,14292,0,0,314308.964285714286,16196.142857142857,270695,healthy
ATM_001,2023-02-08,242205,256081,249427.708333333333,14198,0,0,298108.666666666667,16203.428571428571,256403,healthy
ATM_001,2023-02-09,228146,241863,235280.125000000000,14059,0,0,281908.422619047619,16196.285714285714,242205,healthy
ATM_001,2023-02-10,214019,227815,221200.458333333333,14127,0,0,265707.428571428571,16206.000000000000,228146,healthy
ATM_001,2023-02-11,192577,213531,203424.791666666667,21442,0,0,249503.613095238095,16196.000000000000,214019,healthy
ATM_001,2023-02-12,171436,192133,182170.958333333333,21141,0,0,233292.375000000000,16206.857142857143,192577,healthy
ATM_001,2023-02-13,157165,171094,164361.833333333333,14271,0,0,217076.101190476190,16218.571428571429,171436,healthy
ATM_001,2023-02-14,142951,156843,150161.833333333333,14214,0,0,200861.101190476190,16207.428571428571,157165,healthy
ATM_001,2023-02-15,128975,142643,136089.208333333333,13976,0,0,184669.886904761905,16175.714285714286,142951,healthy
ATM_001,2023-02-16,114749,128645,121993.208333333333,14226,0,0,168486.041666666666,16199.571428571429,128975,healthy
ATM_001,2023-02-17,100547,114429,107763.791666666667,14202,0,0,152280.803571428571,16210.285714285714,114749,healthy
ATM_001,2023-02-18,79214,100070,90029.708333333333,21333,0,0,136081.505952380952,16194.714285714286,100547,low
ATM_001,2023-02-19,57930,78764,68788.500000000000,21284,0,0,119884.011904761905,16215.142857142857,79214,low
ATM_001,2023-02-20,50893,500000,257286.541666666667,14117,1,0,133158.970238095238,16193.142857142857,57930,low
ATM_001,2023-02-21,479707,493657,486904.916666666667,14270,0,0,181265.125000000000,16201.142857142857,50893,healthy
ATM_001,2023-02-22,465538,479394,472727.458333333333,14169,0,0,229356.303571428571,16228.714285714286,479707,healthy
ATM_001,2023-02-23,451232,465225,458493.375000000000,14306,0,0,277427.755952380952,16240.142857142857,465538,healthy
ATM_001,2023-02-24,436820,450920,444111.708333333333,14412,0,0,325477.458333333333,16270.142857142857,451232,healthy
ATM_001,2023-02-25,415573,436320,426359.125000000000,21247,0,0,373524.517857142857,16257.857142857143,436820,healthy
ATM_001,2023-02-26,377667,414742,396903.000000000000,37906,0,0,420398.017857142857,18632.428571428571,415573,healthy
ATM_001,2023-02-27,352199,377060,365059.333333333333,25468,0,0,435794.130952380952,20254.000000000000,377667,healthy
ATM_001,2023-02-28,326798,351635,339699.625000000000,25401,0,0,414764.803571428571,21844.142857142857,352199,healthy
ATM_001,2023-03-01,312679,326487,319860.333333333333,14119,0,0,392926.642857142857,21837.000000000000,326798,healthy
ATM_001,2023-03-02,298517,312379,305761.458333333333,14162,0,0,371107.797619047619,21816.428571428571,312679,healthy
ATM_001,2023-03-03,284116,298183,291413.666666666667,14401,0,0,349293.791666666667,21814.857142857143,298517,healthy
ATM_001,2023-03-04,262710,283605,273543.875000000000,21406,0,0,327463.041666666667,21837.571428571429,284116,healthy
ATM_001,2023-03-05,241212,262235,252141.000000000000,21498,0,0,306782.755952380952,19493.571428571429,262710,healthy
ATM_001,2023-03-06,227059,240887,234261.416666666667,14153,0,0,288097.339285714286,17877.142857142857,241212,healthy
ATM_001,2023-03-07,212887,226736,220121.333333333333,14172,0,0,271014.726190476190,16273.000000000000,227059,healthy
ATM_001,2023-03-08,198994,212566,206081.416666666667,13893,0,0,254760.595238095238,16240.714285714286,212887,healthy
ATM_001,2023-03-09,184963,198672,192092.208333333333,14031,0,0,238522.130952380952,16222.000000000000,198994,healthy
ATM_001,2023-03-10,170613,184650,177873.750000000000,14350,0,0,222302.142857142857,16214.714285714286,184963,healthy
ATM_001,2023-03-11,149484,170141,160211.250000000000,21129,0,0,206111.767857142857,16175.142857142857,170613,healthy
ATM_001,2023-03-12,128265,149000,139002.250000000000,21219,0,0,189949.089285714286,16135.285714285714,149484,healthy
ATM_001,2023-03-13,113987,127930,121227.833333333333,14278,0,0,173801.434523809524,16153.142857142857,128265,healthy
ATM_001,2023-03-14,99947,113658,107064.333333333333,14040,0,0,157650.434523809524,16134.285714285714,113987,low
ATM_001,2023-03-15,85749,99631,92915.041666666667,14198,0,0,141483.809523809524,16177.857142857143,99947,low
ATM_001,2023-03-16,71427,85443,78731.375000000000,14322,0,0,125289.404761904762,16219.428571428571,85749,low
ATM_001,2023-03-17,57274,71088,64403.583333333333,14153,0,0,109079.380952380952,16191.285714285714,71427,low
ATM_001,2023-03-18,51420,500000,309438.458333333333,21163,1,0,130397.553571428571,16196.142857142857,57274,low
ATM_001,2023-03-19,465048,485737,475790.625000000000,21215,0,0,178510.178571428571,16195.571428571429,51420,healthy
ATM_001,2023-03-20,451073,464738,458195.083333333333,13975,0,0,226648.357142857143,16152.285714285714,465048,healthy
ATM_001,2023-03-21,437052,450751,444168.166666666667,14021,0,0,274806.047619047619,16149.571428571429,451073,healthy
ATM_001,2023-03-22,422887,436735,430069.041666666667,14165,0,0,322970.904761904762,16144.857142857143,437052,healthy
ATM_001,2023-03-23,408875,422572,415984.458333333333,14012,0,0,371149.916666666667,16100.571428571429,422887,healthy
ATM_001,2023-03-24,394763,408580,401958.791666666667,14112,0,0,419372.089285714286,16094.714285714286,408875,healthy
ATM_001,2023-03-25,373551,394287,384372.083333333333,21212,0,0,430076.892857142857,16101.714285714286,394763,healthy
ATM_001,2023-03-26,335631,372713,354838.833333333333,37920,0,0,412798.065476190476,18488.142857142857,373551,healthy
ATM_001,2023-03-27,310557,335030,323290.083333333333,25074,0,0,393525.922619047619,20073.714285714286,335631,healthy
ATM_001,2023-03-28,285033,310007,297975.500000000000,25524,0,0,372641.255952380952,21717.000000000000,310557,healthy
ATM_001,2023-03-29,259648,284471,272581.916666666667,25385,0,0,350143.095238095238,23319.857142857143,285033,healthy
ATM_001,2023-03-30,234107,259097,247111.916666666667,25541,0,0,326018.446428571429,24966.857142857143,259648,healthy
ATM_001,2023-03-31,208497,233548,221485.791666666667,25610,0,0,300236.589285714286,26609.428571428571,234107,healthy
ATM_001,2023-04-01,187414,207988,198057.791666666667,21083,0,0,273620.261904761905,26591.000000000000,208497,healthy
ATM_001,2023-04-02,166154,186934,176930.708333333333,21260,0,0,248204.815476190476,24211.000000000000,187414,healthy
ATM_001,2023-04-03,151986,165802,159198.916666666667,14168,0,0,224763.220238095238,22653.000000000000,166154,healthy
ATM_001,2023-04-04,137864,151616,145015.708333333333,14122,0,0,202911.821428571429,21024.142857142857,151986,healthy
ATM_001,2023-04-05,123771,137546,130932.041666666667,14093,0,0,182676.125000000000,19411.000000000000,137864,healthy
ATM_001,2023-04-06,109530,123480,116798.291666666667,14241,0,0,164059.892857142857,17796.714285714286,123771,healthy
ATM_001,2023-04-07,95372,109196,102530.083333333333,14158,0,0,147066.220238095238,16160.714285714286,109530,low
ATM_001,2023-04-08,73861,94908,84839.166666666667,21511,0,0,130892.130952380952,16221.857142857143,95372,low
ATM_001,2023-04-09,52753,73351,63464.875000000000,21108,0,0,114682.726190476191,16200.142857142857,73861,low
ATM_001,2023-04-10,50168,500000,345880.375000000000,14204,1,0,141351.505952380952,16205.285714285714,52753,low
ATM_001,2023-04-11,474519,488409,481732.291666666667,14214,0,0,189453.875000000000,16218.428571428571,50168,healthy
ATM_001,2023-04-12,460373,474210,467541.291666666667,14146,0,0,237540.910714285714,16226.000000000000,474519,healthy
ATM_001,2023-04-13,446362,460057,453507.250000000000,14011,0,0,285642.190476190476,16193.142857142857,460373,healthy
ATM_001,2023-04-14,432144,446046,439399.458333333333,14218,0,0,333766.386904761905,16201.714285714286,446362,healthy
ATM_001,2023-04-15,410932,431680,421721.208333333333,21212,0,0,381892.392857142857,16159.000000000000,432144,healthy
ATM_001,2023-04-16,389466,410483,400385.583333333333,21466,0,0,430023.922619047619,16210.142857142857,410932,healthy
ATM_001,2023-04-17,375166,389159,382418.958333333333,14300,0,0,435243.720238095238,16223.857142857143,389466,healthy
ATM_001,2023-04-18,360995,374864,368194.291666666667,14171,0,0,419024.005952380952,16217.714285714286,375166,healthy
ATM_001,2023-04-19,346988,360692,354157.625000000000,14007,0,0,402826.339285714286,16197.857142857143,360995,healthy
ATM_001,2023-04-20,333023,346709,340144.708333333333,13965,0,0,386631.690476190476,16191.285714285714,346988,healthy
ATM_001,2023-04-21,318844,332699,326017.625000000000,14179,0,0,370434.285714285714,16185.714285714286,333023,healthy
ATM_001,2023-04-22,297744,318348,308442.541666666667,21100,0,0,354251.619047619048,16169.714285714286,318844,healthy
ATM_001,2023-04-23,276252,297282,287184.125000000000,21492,0,0,338079.982142857143,16173.428571428571,297744,healthy
ATM_001,2023-04-24,262097,275910,269273.125000000000,14155,0,0,321916.291666666667,16152.714285714286,276252,healthy
ATM_001,2023-04-25,247773,261754,254990.833333333333,14324,0,0,305744.369047619048,16174.571428571429,262097,healthy
ATM_001,2023-04-26,222129,247182,235196.000000000000,25644,0,0,288749.851190476190,17837.000000000000,247773,healthy
ATM_001,2023-04-27,196704,221549,209589.000000000000,25425,0,0,270099.035714285714,19474.142857142857,222129,healthy
ATM_001,2023-04-28,171326,196142,184242.125000000000,25378,0,0,249845.392857142857,21074.000000000000,196704,healthy
ATM_001,2023-04-29,133358,170466,152630.416666666667,37968,0,0,227586.517857142857,23483.714285714286,171326,healthy
ATM_001,2023-04-30,95118,132442,114476.250000000000,38240,0,0,202913.964285714286,25876.285714285714,133358,low
ATM_001,2023-05-01,81043,94808,88138.500000000000,14075,0,0,177037.589285714286,25864.857142857143,95118,low
ATM_001,2023-05-02,66775,80717,74025.625000000000,14268,0,0,151185.416666666667,25856.857142857143,81043,low
ATM_001,2023-05-03,52994,66463,59982.875000000000,13781,0,0,126154.970238095238,24162.142857142857,66775,low
ATM_001,2023-05-04,50059,500000,327867.583333333333,14151,1,0,143051.910714285714,22551.571428571429,52994,low
ATM_001,2023-05-05,475503,489503,482770.250000000000,14310,0,0,185698.785714285714,20970.428571428571,50059,healthy
ATM_001,2023-05-06,454206,475001,465031.583333333333,21297,0,0,230327.523809523809,18588.857142857143,475503,healthy
ATM_001,2023-05-07,433267,453733,443883.750000000000,20939,0,0,277385.738095238095,16117.285714285714,454206,healthy
ATM_001,2023-05-08,419008,432953,426186.833333333333,14259,0,0,325678.357142857143,16143.571428571429,433267,healthy
ATM_001,2023-05-09,404974,418663,412077.875000000000,14034,0,0,373971.535714285714,16110.142857142857,419008,healthy
ATM_001,2023-05-10,390758,404666,397973.208333333333,14216,0,0,422255.869047619047,16172.285714285714,404974,healthy
ATM_001,2023-05-11,376506,390428,383737.916666666667,14252,0,0,430237.345238095238,16186.714285714286,390758,healthy
ATM_001,2023-05-12,362425,376190,369542.375000000000,14081,0,0,414061.934523809524,16154.000000000000,376506,healthy
ATM_001,2023-05-13,341142,361950,351921.166666666667,21283,0,0,397903.303571428571,16152.000000000000,362425,healthy
ATM_001,2023-05-14,320051,340650,330744.000000000000,21091,0,0,381740.482142857143,16173.714285714286,341142,healthy
ATM_001,2023-05-15,305832,319746,313073.750000000000,14219,0,0,365581.470238095238,16168.000000000000,320051,healthy
ATM_001,2023-05-16,291781,305525,298893.791666666667,14051,0,0,349412.315476190476,16170.428571428571,305832,healthy
ATM_001,2023-05-17,277727,291418,284815.916666666667,14054,0,0,333246.988095238095,16147.285714285714,291781,healthy
ATM_001,2023-05-18,263573,277387,270760.833333333333,14154,0,0,317107.404761904762,16133.285714285714,277727,healthy
ATM_001,2023-05-19,249394,263265,256586.625000000000,14179,0,0,300970.869047619048,16147.285714285714,263573,healthy
ATM_001,2023-05-20,228294,248914,238956.083333333333,21100,0,0,284833.000000000000,16121.142857142857,249394,healthy
ATM_001,2023-05-21,206823,227821,217706.458333333333,21471,0,0,268684.779761904762,16175.428571428571,228294,healthy
ATM_001,2023-05-22,192654,206525,199878.541666666667,14169,0,0,252514.035714285714,16168.285714285714,206823,healthy
ATM_001,2023-05-23,178417,192341,185619.750000000000,14237,0,0,236332.029761904762,16194.857142857143,192654,healthy
ATM_001,2023-05-24,164380,178107,171556.666666666667,14037,0,0,220152.136904761905,16192.428571428571,178417,healthy
ATM_001,2023-05-25,150129,164063,157324.166666666667,14251,0,0,203946.898809523810,16206.285714285714,164380,healthy
ATM_001,2023-05-26,124527,149528,137401.125000000000,25602,0,0,186920.398809523810,17838.142857142857,150129,healthy
ATM_001,2023-05-27,85782,123646,105401.708333333333,38745,0,0,167841.202380952381,20358.857142857143,124527,low
ATM_001,2023-05-28,50084,500000,123346.458333333333,38325,1,0,154361.202380952381,22766.571428571429,85782,low
ATM_001,2023-05-29,473007,497709,485811.291666666667,25257,0,0,195208.738095238095,24350.571428571429,50084,healthy
ATM_001,2023-05-30,447473,472418,460368.666666666667,25534,0,0,234458.583333333333,25964.428571428571,473007,healthy
ATM_001,2023-05-31,422179,446871,435033.625000000000,25294,0,0,272098.148809523810,27572.571428571429,447473,healthy
ATM_001,2023-06-01,407870,421866,415140.000000000000,14309,0,0,308928.982142857143,27580.857142857143,422179,healthy
ATM_001,2023-06-02,393665,407570,400865.750000000000,14205,0,0,346566.785714285714,25952.714285714286,407870,healthy
ATM_001,2023-06-03,372533,393206,383280.583333333333,21132,0,0,386263.767857142857,23436.571428571429,393665,healthy
ATM_001,2023-06-04,351385,372094,362156.791666666667,21148,0,0,420379.529761904762,20982.714285714286,372533,healthy
ATM_001,2023-06-05,337400,351082,344507.125000000000,13985,0,0,400193.220238095238,19372.428571428571,351385,healthy
ATM_001,2023-06-06,323153,337070,330364.416666666667,14247,0,0,381621.184523809524,17760.000000000000,337400,healthy
ATM_001,2023-06-07,309214,322834,316293.041666666667,13939,0,0,364658.244047619048,16137.857142857143,323153,healthy
ATM_001,2023-06-08,295059,308903,302280.625000000000,14155,0,0,348535.476190476191,16115.857142857143,309214,healthy
ATM_001,2023-06-09,280623,294723,287957.083333333333,14436,0,0,332405.666666666667,16148.857142857143,295059,healthy
ATM_001,2023-06-10,259353,280218,270144.708333333333,21270,0,0,316243.398809523810,16168.571428571429,280623,healthy
ATM_001,2023-06-11,238147,258865,248923.041666666667,21206,0,0,300067.148809523810,16176.857142857143,259353,healthy
ATM_001,2023-06-12,224158,237828,231229.541666666667,13989,0,0,283884.636904761905,16177.428571428571,238147,healthy
ATM_001,2023-06-13,209997,223821,217222.416666666667,14161,0,0,267721.494047619048,16165.142857142857,224158,healthy
ATM_001,2023-06-14,195704,209669,202965.875000000000,14293,0,0,251531.898809523810,16215.714285714286,209997,healthy
ATM_001,2023-06-15,181534,195390,188765.916666666667,14170,0,0,235315.511904761905,16217.857142857143,195704,healthy
ATM_001,2023-06-16,167549,181198,174627.708333333333,13985,0,0,219125.601190476191,16153.428571428571,181534,healthy
ATM_001,2023-06-17,146030,167094,156998.875000000000,21519,0,0,202961.910714285714,16189.000000000000,167549,healthy
ATM_001,2023-06-18,124659,145537,135527.166666666667,21371,0,0,186762.500000000000,16212.571428571429,146030,healthy
ATM_001,2023-06-19,110436,124360,117700.958333333333,14223,0,0,170544.130952380952,16246.000000000000,124659,healthy
ATM_001,2023-06-20,96345,110123,103489.416666666667,14091,0,0,154296.559523809524,16236.000000000000,110436,low
ATM_001,2023-06-21,82389,96052,89478.041666666667,13956,0,0,138084.011904761905,16187.857142857143,96345,low
ATM_001,2023-06-22,68336,82066,75457.333333333333,14053,0,0,121897.071428571429,16171.142857142857,82389,low
ATM_001,2023-06-23,54297,67988,61408.458333333333,14039,0,0,105722.892857142857,16178.857142857143,68336,low
ATM_001,2023-06-24,50454,500000,343839.708333333333,21351,1,0,132414.440476190476,16154.857142857143,54297,low
ATM_001,2023-06-25,461716,482553,472525.500000000000,21301,0,0,180557.059523809524,16144.857142857143,50454,healthy
ATM_001,2023-06-26,436260,461115,449142.916666666667,25456,0,0,227905.910714285714,17749.571428571429,461716,healthy
ATM_001,2023-06-27,410534,435674,423618.250000000000,25726,0,0,273638.601190476190,19411.714285714286,436260,healthy
ATM_001,2023-06-28,385131,409962,398006.375000000000,25403,0,0,317714.077380952381,21047.000000000000,410534,healthy
ATM_001,2023-06-29,359567,384562,372546.000000000000,25564,0,0,360155.315476190476,22691.428571428571,385131,healthy
ATM_001,2023-06-30,334130,358975,346999.875000000000,25437,0,0,400954.089285714286,24319.714285714286,359567,healthy
ATM_001,2023-07-01,313100,333639,323786.833333333333,21030,0,0,398089.392857142857,24273.857142857143,334130,healthy
ATM_001,2023-07-02,292205,312621,302757.958333333333,20895,0,0,373836.886904761905,24215.857142857143,313100,healthy
ATM_001,2023-07-03,278130,291869,285262.916666666667,14075,0,0,350425.458333333333,22590.000000000000,292205,healthy
ATM_001,2023-07-04,263978,277798,271188.708333333333,14152,0,0,328649.809523809524,20936.571428571429,278130,healthy
ATM_001,2023-07-05,249842,263656,257004.250000000000,14136,0,0,308506.648809523809,19327.000000000000,263978,healthy
ATM_001,2023-07-06,235634,249521,242852.041666666667,14208,0,0,289978.940476190476,17704.714285714286,249842,healthy
ATM_001,2023-07-07,221640,235347,228741.458333333333,13994,0,0,273084.880952380952,16070.000000000000,235634,healthy
ATM_001,2023-07-08,200549,221159,211262.333333333333,21091,0,0,257009.952380952381,16078.714285714286,221640,healthy
ATM_001,2023-07-09,179437,200029,190175.000000000000,21112,0,0,240926.672619047619,16109.714285714286,200549,healthy
ATM_001,2023-07-10,165104,179118,172357.041666666667,14333,0,0,224797.261904761905,16146.571428571429,179437,healthy
ATM_001,2023-07-11,150864,164805,158122.333333333333,14240,0,0,208644.922619047619,16159.142857142857,165104,healthy
ATM_001,2023-07-12,136707,150565,143902.541666666667,14157,0,0,192487.535714285714,16162.142857142857,150864,healthy
ATM_001,2023-07-13,122457,136389,129741.500000000000,14250,0,0,176328.886904761905,16168.142857142857,136707,healthy
ATM_001,2023-07-14,108339,122115,115551.458333333333,14118,0,0,160158.886904761905,16185.857142857143,122457,healthy
ATM_001,2023-07-15,87029,107873,97872.208333333333,21310,0,0,143960.297619047619,16217.142857142857,108339,low
ATM_001,2023-07-16,65986,86581,76665.458333333333,21043,0,0,127744.648809523809,16207.285714285714,87029,low
ATM_001,2023-07-17,51792,65676,58986.208333333333,14194,0,0,111548.815476190476,16187.428571428571,65986,low
ATM_001,2023-07-18,50249,500000,401161.750000000000,14115,1,0,146268.732142857143,16169.571428571429,51792,low
ATM_001,2023-07-19,473511,487418,480733.541666666667,14248,0,0,194387.446428571428,16182.571428571429,50249,healthy
ATM_001,2023-07-20,459459,473213,466612.375000000000,14052,0,0,242511.857142857143,16154.285714285714,473511,healthy
ATM_001,2023-07-21,445393,459130,452509.875000000000,14066,0,0,290648.773809523809,16146.857142857143,459459,healthy
ATM_001,2023-07-22,424443,444910,435055.166666666667,20950,0,0,338817.767857142857,16095.428571428571,445393,healthy
ATM_001,2023-07-23,403118,423962,413973.416666666667,21325,0,0,387004.619047619048,16135.714285714286,424443,healthy
ATM_001,2023-07-24,388974,402800,396135.541666666667,14144,0,0,435168.809523809524,16128.571428571429,403118,healthy
ATM_001,2023-07-25,374826,388725,382067.333333333333,14148,0,0,432441.035714285714,16133.285714285714,388974,healthy
ATM_001,2023-07-26,349480,374217,362363.375000000000,25346,0,0,415531.011904761905,17718.714285714286,374826,healthy
ATM_001,2023-07-27,323995,348914,336914.125000000000,25485,0,0,397002.690476190476,19352.000000000000,349480,healthy
ATM_001,2023-07-28,298779,323398,311585.458333333333,25216,0,0,376870.630952380952,20944.857142857143,323995,healthy
ATM_001,2023-07-29,260633,297899,280063.791666666667,38146,0,0,354729.005952380952,23401.428571428571,298779,healthy
ATM_001,2023-07-30,222474,259765,241847.375000000000,38159,0,0,330139.571428571429,25806.285714285714,260633,healthy
ATM_001,2023-07-31,196685,221903,209791.416666666667,25789,0,0,303518.982142857143,27469.857142857143,222474,healthy
ATM_001,2023-08-01,182475,196393,189692.125000000000,14210,0,0,276036.809523809524,27478.714285714286,196685,healthy
ATM_001,2023-08-02,168279,182170,175487.916666666667,14196,0,0,249340.315476190476,25885.857142857143,182475,healthy
ATM_001,2023-08-03,154373,167983,161404.666666666667,13906,0,0,224267.535714285714,24231.714285714286,168279,healthy
ATM_001,2023-08-04,140237,154044,147439.333333333333,14136,0,0,200818.089285714286,22648.857142857143,154373,healthy
ATM_001,2023-08-05,118828,139796,129726.375000000000,21409,0,0,179341.315476190476,20257.857142857143,140237,healthy
ATM_001,2023-08-06,97557,118365,108339.458333333333,21271,0,0,160268.755952380952,17845.285714285714,118828,low
ATM_001,2023-08-07,83231,97226,90480.750000000000,14326,0,0,143224.375000000000,16207.714285714286,97557,low
ATM_001,2023-08-08,69144,82908,76297.875000000000,14087,0,0,127025.196428571429,16190.142857142857,83231,low
ATM_001,2023-08-09,55046,68793,62212.750000000000,14098,0,0,110843.029761904762,16176.142857142857,69144,low
ATM_001,2023-08-10,50156,500000,292376.333333333333,13985,1,0,129553.267857142857,16187.428571428571,55046,low
ATM_001,2023-08-11,477901,491605,485031.916666666667,14011,0,0,177780.779761904762,16169.571428571429,50156,healthy
ATM_001,2023-08-12,456485,477413,467314.791666666667,21416,0,0,226007.696428571429,16170.571428571429,477901,healthy
ATM_001,2023-08-13,435435,456016,446170.833333333333,21050,0,0,274269.321428571429,16139.000000000000,456485,healthy
ATM_001,2023-08-14,421245,435097,428420.000000000000,14190,0,0,322546.357142857143,16119.571428571429,435435,healthy
ATM_001,2023-08-15,407155,420975,414306.250000000000,14090,0,0,370833.267857142857,16120.000000000000,421245,healthy
ATM_001,2023-08-16,392853,406805,400109.666666666667,14302,0,0,419104.255952380952,16149.142857142857,407155,healthy
ATM_001,2023-08-17,378915,392582,386068.333333333333,13938,0,0,432488.827380952381,16142.428571428571,392853,healthy
ATM_001,2023-08-18,364844,378579,371998.416666666667,14071,0,0,416341.184523809524,16151.000000000000,378915,healthy
ATM_001,2023-08-19,343373,364311,354224.250000000000,21471,0,0,400185.392857142857,16158.857142857143,364844,healthy
ATM_001,2023-08-20,321805,342902,332775.583333333333,21568,0,0,383986.071428571429,16232.857142857143,343373,healthy
ATM_001,2023-08-21,307869,321516,314993.791666666667,13936,0,0,367782.327380952381,16196.571428571429,321805,healthy
ATM_001,2023-08-22,293741,307526,300911.791666666667,14128,0,0,351583.119047619048,16202.000000000000,307869,healthy
ATM_001,2023-08-23,279536,293446,286784.083333333333,14205,0,0,335393.750000000000,16188.142857142857,293741,healthy
ATM_001,2023-08-24,265349,279194,272492.208333333333,14187,0,0,319168.589285714286,16223.714285714286,279536,healthy
ATM_001,2023-08-25,251189,265006,258359.416666666667,14160,0,0,302934.446428571429,16236.428571428571,265349,healthy
ATM_001,2023-08-26,213064,250341,232483.291666666667,38125,0,0,285542.880952380952,18615.571428571429,251189,healthy
ATM_001,2023-08-27,174892,212183,194222.416666666667,38172,0,0,265749.571428571429,20987.571428571429,213064,healthy
ATM_001,2023-08-28,149349,174291,162309.916666666667,25543,0,0,243937.589285714286,22645.714285714286,174892,healthy
ATM_001,2023-08-29,123895,148771,136811.666666666667,25454,0,0,220494.714285714286,24263.714285714286,149349,healthy
ATM_001,2023-08-30,98274,123343,111326.125000000000,25621,0,0,195429.291666666667,25894.571428571429,123895,low
ATM_001,2023-08-31,72835,97725,85816.416666666667,25439,0,0,168761.321428571429,27502.000000000000,98274,low
ATM_001,2023-09-01,58679,72487,65835.916666666667,14156,0,0,141257.964285714286,27501.428571428571,72835,low
ATM_001,2023-09-02,51145,500000,292127.750000000000,21336,1,0,149778.601190476191,25103.000000000000,58679,low
ATM_001,2023-09-03,466207,487252,477159.125000000000,21573,0,0,190198.130952380953,22731.714285714286,51145,healthy
ATM_001,2023-09-04,452003,465847,459244.291666666667,14204,0,0,232617.327380952381,21111.857142857143,466207,healthy
ATM_001,2023-09-05,438149,451683,445154.916666666667,13854,0,0,276666.363095238095,19454.714285714286,452003,healthy
ATM_001,2023-09-06,423999,437811,431167.208333333333,14150,0,0,322357.946428571429,17816.000000000000,438149,healthy
ATM_001,2023-09-07,409549,423662,416914.833333333333,14450,0,0,369657.720238095238,16246.142857142857,423999,healthy
ATM_001,2023-09-08,395475,409225,402607.791666666667,14074,0,0,417767.988095238095,16234.428571428571,409549,healthy
ATM_001,2023-09-09,374269,395003,385054.583333333333,21206,0,0,431043.250000000000,16215.857142857143,395475,healthy
ATM_001,2023-09-10,352995,373771,363789.458333333333,21274,0,0,414847.583333333333,16173.142857142857,374269,healthy
ATM_001,2023-09-11,338843,352668,346040.500000000000,14152,0,0,398675.613095238095,16165.714285714286,352995,healthy
ATM_001,2023-09-12,324731,338500,331882.125000000000,14112,0,0,382493.785714285714,16202.571428571429,338843,healthy
ATM_001,2023-09-13,310509,324436,317723.208333333333,14222,0,0,366287.500000000000,16212.857142857143,324731,healthy
ATM_001,2023-09-14,296145,310149,303425.375000000000,14364,0,0,350074.720238095238,16200.571428571429,310509,healthy
ATM_001,2023-09-15,282123,295834,289293.583333333333,14022,0,0,333886.976190476190,16193.142857142857,296145,healthy
ATM_001,2023-09-16,261156,281635,271775.333333333333,20967,0,0,317704.226190476190,16159.000000000000,282123,healthy
ATM_001,2023-09-17,240027,260690,250798.500000000000,21129,0,0,301562.660714285714,16138.285714285714,261156,healthy
ATM_001,2023-09-18,226016,239722,233143.916666666667,14011,0,0,285434.577380952381,16118.142857142857,240027,healthy
ATM_001,2023-09-19,211712,225705,218958.666666666667,14304,0,0,269302.654761904762,16145.571428571429,226016,healthy
ATM_001,2023-09-20,197402,211389,204690.583333333333,14310,0,0,253155.136904761905,16158.142857142857,211712,healthy
ATM_001,2023-09-21,183290,197117,190469.250000000000,14112,0,0,237018.547619047619,16122.142857142857,197402,healthy
ATM_001,2023-09-22,169054,182973,176260.083333333333,14236,0,0,220870.904761904762,16152.714285714286,183290,healthy
ATM_001,2023-09-23,147820,168568,158606.708333333333,21234,0,0,204703.958333333333,16190.857142857143,169054,healthy
ATM_001,2023-09-24,126305,147350,137215.583333333333,21515,0,0,188477.827380952381,16246.000000000000,147820,healthy
ATM_001,2023-09-25,112231,125989,119409.666666666667,14074,0,0,172230.077380952381,16255.000000000000,126305,healthy
ATM_001,2023-09-26,86453,111663,99548.208333333333,25778,0,0,155171.440476190476,17894.142857142857,112231,low
ATM_001,2023-09-27,61287,85898,74108.083333333333,25166,0,0,136516.797619047619,19445.000000000000,86453,low
ATM_001,2023-09-28,50615,500000,274500.583333333333,25190,1,0,148521.273809523809,21027.571428571429,61287,low
ATM_001,2023-09-29,461852,486746,474736.208333333333,25477,0,0,191160.720238095238,22633.428571428571,50615,healthy
ATM_001,2023-09-30,423968,461004,443194.291666666667,37884,0,0,231816.089285714286,25012.000000000000,461852,healthy
ATM_001,2023-10-01,402678,423456,413522.208333333333,21290,0,0,271288.464285714286,24979.857142857143,423968,healthy
ATM_001,2023-10-02,388540,402346,395689.000000000000,14138,0,0,310756.940476190476,24989.000000000000,402678,healthy
ATM_001,2023-10-03,374571,388200,381692.583333333333,13969,0,0,351063.279761904762,23302.000000000000,388540,healthy
ATM_001,2023-10-04,360375,374251,367588.708333333333,14196,0,0,392989.083333333333,21734.857142857143,374571,healthy
ATM_001,2023-10-05,346315,360043,353421.083333333333,14060,0,0,404263.440476190476,20144.857142857143,360375,healthy
ATM_001,2023-10-06,332251,345965,339321.500000000000,14064,0,0,384918.482142857143,18514.428571428571,346315,healthy
ATM_001,2023-10-07,310991,331771,321748.708333333333,21260,0,0,367569.113095238095,16139.571428571429,332251,healthy
ATM_001,2023-10-08,289664,310515,300468.333333333333,21327,0,0,351418.559523809524,16144.857142857143,310991,healthy
ATM_001,2023-10-09,275402,289334,282650.125000000000,14262,0,0,335270.148809523809,16162.571428571429,289664,healthy
ATM_001,2023-10-10,261257,275076,268476.458333333333,14145,0,0,319096.416666666666,16187.714285714286,275402,healthy
ATM_001,2023-10-11,247061,260914,254227.458333333333,14196,0,0,302901.952380952381,16187.714285714286,261257,healthy
ATM_001,2023-10-12,232683,246735,239979.583333333333,14378,0,0,286696.023809523809,16233.142857142857,247061,healthy
ATM_001,2023-10-13,218595,232392,225787.416666666667,14088,0,0,270476.869047619047,16236.571428571429,232683,healthy
ATM_001,2023-10-14,197432,218090,208245.333333333333,21163,0,0,254262.101190476190,16222.714285714286,218595,healthy
ATM_001,2023-10-15,176241,196950,187002.875000000000,21191,0,0,238052.750000000000,16203.285714285714,197432,healthy
ATM_001,2023-10-16,161953,175923,169189.208333333333,14288,0,0,221844.047619047619,16207.000000000000,176241,healthy
ATM_001,2023-10-17,147854,161617,155044.000000000000,14099,0,0,205639.410714285714,16200.428571428571,161953,healthy
ATM_001,2023-10-18,133573,147546,140827.291666666667,14281,0,0,189439.386904761905,16212.571428571429,147854,healthy
ATM_001,2023-10-19,119409,133277,126588.708333333333,14164,0,0,173240.690476190476,16182.000000000000,133573,healthy
ATM_001,2023-10-20,105331,119061,112460.541666666667,14078,0,0,157051.136904761905,16180.571428571429,119409,healthy
ATM_001,2023-10-21,84241,104830,94942.041666666667,21090,0,0,140864.952380952381,16170.142857142857,105331,low
ATM_001,2023-10-22,62989,83754,73802.500000000000,21252,0,0,124693.470238095238,16178.857142857143,84241,low
ATM_001,2023-10-23,50207,500000,149636.750000000000,14420,1,0,121900.261904761905,16197.714285714286,62989,low
ATM_001,2023-10-24,484725,498336,491797.375000000000,13938,0,0,170007.886904761905,16174.714285714286,50207,healthy
ATM_001,2023-10-25,470814,484400,477895.833333333333,13911,0,0,218160.535714285714,16121.857142857143,484725,healthy
ATM_001,2023-10-26,445168,470238,458244.166666666667,25646,0,0,265539.886904761905,17762.142857142857,470814,healthy
ATM_001,2023-10-27,419749,444602,432609.833333333333,25419,0,0,311275.500000000000,19382.285714285714,445168,healthy
ATM_001,2023-10-28,381377,418900,400831.958333333333,38372,0,0,354974.059523809524,21851.142857142857,419749,healthy
ATM_001,2023-10-29,342980,380515,362510.708333333333,38397,0,0,396218.089285714286,24300.428571428571,381377,healthy
ATM_001,2023-10-30,317595,342408,330466.375000000000,25385,0,0,422050.892857142857,25866.857142857143,342980,healthy
ATM_001,2023-10-31,291977,317046,305005.125000000000,25618,0,0,395366.285714285714,27535.428571428571,317595,healthy
ATM_001,2023-11-01,277893,291648,285020.250000000000,14084,0,0,367812.630952380952,27560.142857142857,291977,healthy
ATM_001,2023-11-02,263929,277585,271057.416666666667,13964,0,0,341071.666666666667,25891.285714285714,277893,healthy
ATM_001,2023-11-03,249935,263563,257074.291666666667,13994,0,0,315995.160714285714,24259.142857142857,263929,healthy
ATM_001,2023-11-04,228394,249449,239254.833333333333,21541,0,0,292912.714285714286,21854.714285714286,249935,healthy
ATM_001,2023-11-05,207154,227879,217957.541666666667,21240,0,0,272262.261904761905,19403.714285714286,228394,healthy
ATM_001,2023-11-06,193009,206851,200180.291666666667,14145,0,0,253649.964285714286,17798.000000000000,207154,healthy
ATM_001,2023-11-07,178798,192669,186028.708333333333,14211,0,0,236653.333333333333,16168.428571428571,193009,healthy
ATM_001,2023-11-08,164648,178469,171866.583333333333,14150,0,0,220488.523809523810,16177.857142857143,178798,healthy
ATM_001,2023-11-09,150701,164305,157732.625000000000,13947,0,0,204299.267857142857,16175.428571428571,164648,healthy
ATM_001,2023-11-10,136465,150381,143727.375000000000,14236,0,0,188106.851190476190,16210.000000000000,150701,healthy
ATM_001,2023-11-11,115002,136031,125952.291666666667,21463,0,0,171920.773809523810,16198.857142857143,136465,healthy
ATM_001,2023-11-12,93711,114522,104529.125000000000,21291,0,0,155716.714285714286,16206.142857142857,115002,low
ATM_001,2023-11-13,79386,93362,86663.791666666667,14325,0,0,139500.071428571429,16231.857142857143,93711,low
ATM_001,2023-11-14,65240,79104,72446.541666666667,14146,0,0,123274.047619047619,16222.571428571429,79386,low
ATM_001,2023-11-15,51113,64929,58271.708333333333,14127,0,0,107046.208333333333,16219.285714285714,65240,low
ATM_001,2023-11-16,50141,500000,438096.583333333333,14004,1,0,147098.202380952381,16227.428571428571,51113,low
ATM_001,2023-11-17,473046,486961,480247.583333333333,14232,0,0,195172.517857142857,16226.857142857143,50141,healthy
ATM_001,2023-11-18,452086,472531,462731.958333333333,20960,0,0,243283.898809523809,16155.000000000000,473046,healthy
ATM_001,2023-11-19,430803,451614,441564.583333333333,21283,0,0,291431.821428571428,16153.857142857143,452086,healthy
ATM_001,2023-11-20,416552,430459,423793.916666666667,14251,0,0,339593.267857142857,16143.285714285714,430803,healthy
ATM_001,2023-11-21,402368,416212,409544.708333333333,14184,0,0,387750.148809523809,16148.714285714286,416552,healthy
ATM_001,2023-11-22,388255,402075,395440.541666666667,14113,0,0,435917.125000000000,16146.714285714286,402368,healthy
ATM_001,2023-11-23,374192,387927,381329.666666666667,14063,0,0,427807.565476190476,16155.142857142857,388255,healthy
ATM_001,2023-11-24,360047,373849,367221.041666666667,14145,0,0,411660.916666666667,16142.714285714286,374192,healthy
ATM_001,2023-11-25,338952,359572,349692.625000000000,21095,0,0,395512.440476190476,16162.000000000000,360047,healthy
ATM_001,2023-11-26,300746,338073,320111.166666666667,38206,0,0,378161.952380952381,18579.571428571429,338952,healthy
ATM_001,2023-11-27,275391,300151,288253.833333333333,25355,0,0,358799.083333333333,20165.857142857143,300746,healthy
ATM_001,2023-11-28,249515,274770,262630.458333333333,25876,0,0,337811.333333333333,21836.142857142857,275391,healthy
ATM_001,2023-11-29,224065,248985,236989.833333333333,25450,0,0,315175.517857142857,23455.714285714286,249515,healthy
ATM_001,2023-11-30,198981,223488,211716.000000000000,25084,0,0,290944.994047619048,25030.142857142857,224065,healthy
ATM_001,2023-12-01,184839,198688,192018.416666666667,14142,0,0,265916.047619047619,25029.714285714286,198981,healthy
ATM_001,2023-12-02,163405,184372,174275.625000000000,21434,0,0,240856.476190476190,25078.142857142857,184839,healthy
ATM_001,2023-12-03,142234,162937,152971.291666666667,21171,0,0,216979.351190476190,22644.571428571429,163405,healthy
ATM_001,2023-12-04,128048,141899,135277.666666666667,14186,0,0,195125.613095238095,21049.000000000000,142234,healthy
ATM_001,2023-12-05,113761,127706,121013.000000000000,14287,0,0,174894.547619047619,19393.428571428571,128048,healthy
ATM_001,2023-12-06,99537,113431,106781.541666666667,14224,0,0,156293.363095238095,17789.714285714286,113761,low
ATM_001,2023-12-07,85392,99212,92572.416666666667,14145,0,0,139272.851190476191,16227.000000000000,99537,low
ATM_001,2023-12-08,71113,85059,78307.666666666667,14279,0,0,123028.458333333334,16246.571428571429,85392,low
ATM_001,2023-12-09,50261,500000,79380.166666666667,21345,1,0,109471.964285714286,16233.857142857143,71113,low
ATM_001,2023-12-10,478557,499498,489473.833333333333,21443,0,0,157543.755952380953,16272.714285714286,50261,healthy
ATM_001,2023-12-11,464367,478225,471542.500000000000,14190,0,0,205581.589285714286,16273.285714285714,478557,healthy
ATM_001,2023-12-12,450259,464026,457373.208333333333,14108,0,0,253633.047619047619,16247.714285714286,464367,healthy
ATM_001,2023-12-13,436251,449968,443416.333333333333,14008,0,0,301723.732142857143,16216.857142857143,450259,healthy
ATM_001,2023-12-14,422131,435969,429327.708333333333,14120,0,0,349831.630952380952,16213.285714285714,436251,healthy
ATM_001,2023-12-15,408179,421828,415274.083333333333,13952,0,0,397969.690476190476,16166.571428571429,422131,healthy
ATM_001,2023-12-16,387055,407713,397780.791666666667,21124,0,0,443455.494047619047,16135.000000000000,408179,healthy
ATM_001,2023-12-17,365941,386558,376664.041666666667,21114,0,0,427339.809523809524,16088.000000000000,387055,healthy
ATM_001,2023-12-18,351747,365614,358970.250000000000,14194,0,0,411258.059523809524,16088.571428571429,365941,healthy
ATM_001,2023-12-19,337720,351441,344871.083333333333,14027,0,0,395186.327380952381,16077.000000000000,351747,healthy
ATM_001,2023-12-20,323685,337435,330828.791666666667,14035,0,0,379102.392857142857,16080.857142857143,337720,healthy
ATM_001,2023-12-21,309463,323364,316669.416666666667,14222,0,0,363008.351190476191,16095.428571428571,323685,healthy
ATM_001,2023-12-22,295385,309137,302525.208333333333,14078,0,0,346901.369047619048,16113.428571428571,309463,healthy
ATM_001,2023-12-23,274019,294942,284865.708333333333,21366,0,0,330770.642857142857,16148.000000000000,295385,healthy
ATM_001,2023-12-24,252517,273540,263424.333333333333,21502,0,0,314593.541666666667,16203.428571428571,274019,healthy
ATM_001,2023-12-25,238305,252194,245504.750000000000,14212,0,0,298384.184523809524,16206.000000000000,252517,healthy
ATM_001,2023-12-26,212886,237767,225788.083333333333,25419,0,0,281372.327380952381,17833.428571428571,238305,healthy
ATM_001,2023-12-27,187120,212323,200196.625000000000,25766,0,0,262710.589285714286,19509.285714285714,212886,healthy
ATM_001,2023-12-28,161656,186569,174633.500000000000,25464,0,0,242419.744047619047,21115.285714285714,187120,healthy
ATM_001,2023-12-29,136226,161087,149171.666666666667,25430,0,0,220512.095238095238,22737.000000000000,161656,healthy
ATM_001,2023-12-30,97824,135363,117319.083333333333,38402,0,0,196576.863095238095,25170.714285714286,136226,low
ATM_001,2023-12-31,96932,96932,96932.000000000000,892,0,0,172792.244047619048,22226.428571428571,97824,low
ATM_002,2023-01-01,478816,499538,489616.583333333333,21184,0,0,489616.583333333333,21184.000000000000,,healthy
ATM_002,2023-01-02,464655,478485,471890.041666666667,14161,0,0,480753.312500000000,17672.500000000000,478816,healthy
ATM_002,2023-01-03,450773,464328,457801.708333333333,13882,0,0,473102.777777777778,16409.000000000000,464655,healthy
ATM_002,2023-01-04,436612,450439,443777.000000000000,14161,0,0,465771.333333333333,15847.000000000000,450773,healthy
ATM_002,2023-01-05,422546,436280,429649.208333333333,14066,0,0,458546.908333333333,15490.800000000000,436612,healthy
ATM_002,2023-01-06,408381,422216,415536.291666666667,14165,0,0,451378.472222222222,15269.833333333333,422546,healthy
ATM_002,2023-01-07,387148,407874,397945.083333333333,21233,0,0,443745.130952380952,16121.714285714286,408381,healthy
ATM_002,2023-01-08,366070,386668,376753.250000000000,21078,0,0,427621.797619047619,16106.571428571429,387148,healthy
ATM_002,2023-01-09,351658,365738,358962.750000000000,14412,0,0,411489.327380952381,16142.428571428571,366070,healthy
ATM_002,2023-01-10,337593,351338,344722.833333333333,14065,0,0,395335.202380952381,16168.571428571429,351658,healthy
ATM_002,2023-01-11,323449,337247,330601.875000000000,14144,0,0,379167.327380952381,16166.142857142857,337593,healthy
ATM_002,2023-01-12,309314,323119,316528.375000000000,14135,0,0,363007.208333333333,16176.000000000000,323449,healthy
ATM_002,2023-01-13,295276,309017,302362.041666666667,14038,0,0,346839.458333333333,16157.857142857143,309314,healthy
ATM_002,2023-01-14,274129,294826,284882.791666666667,21147,0,0,330687.702380952381,16145.571428571429,295276,healthy
ATM_002,2023-01-15,253050,273647,263771.000000000000,21079,0,0,314547.380952380952,16145.714285714286,274129,healthy
ATM_002,2023-01-16,238888,252720,246073.916666666667,14162,0,0,298420.404761904762,16110.000000000000,253050,healthy
ATM_002,2023-01-17,224770,238583,231958.875000000000,14118,0,0,282311.267857142857,16117.571428571429,238888,healthy
ATM_002,2023-01-18,210561,224451,217797.416666666667,14209,0,0,266196.345238095238,16126.857142857143,224770,healthy
ATM_002,2023-01-19,196456,210271,203580.083333333333,14105,0,0,250060.875000000000,16122.571428571429,210561,healthy
ATM_002,2023-01-20,182302,196141,189489.083333333333,14154,0,0,233936.166666666667,16139.142857142857,196456,healthy
ATM_002,2023-01-21,160882,181814,171733.666666666667,21420,0,0,217772.005952380952,16178.142857142857,182302,healthy
ATM_002,2023-01-22,139613,160416,150401.000000000000,21269,0,0,201576.291666666667,16205.285714285714,160882,healthy
ATM_002,2023-01-23,125270,139312,132551.708333333333,14343,0,0,185358.833333333333,16231.142857142857,139613,healthy
ATM_002,2023-01-24,111142,124951,118313.750000000000,14128,0,0,169123.815476190476,16232.571428571429,125270,healthy
ATM_002,2023-01-25,96952,110811,104107.000000000000,14190,0,0,152882.327380952381,16229.857142857143,111142,low
ATM_002,2023-01-26,71535,96371,84427.750000000000,25417,0,0,135860.565476190476,17845.857142857143,96952,low
ATM_002,2023-01-27,51520,500000,190411.500000000000,25371,1,0,135992.339285714286,19448.285714285714,71535,low
ATM_002,2023-01-28,458303,495633,477693.291666666667,38209,0,0,179700.857142857143,21846.714285714286,51520,healthy
ATM_002,2023-01-29,420350,457404,439626.541666666667,37953,0,0,221018.791666666667,24230.142857142857,458303,healthy
ATM_002,2023-01-30,395018,419766,407885.208333333333,25332,0,0,260352.148809523810,25800.000000000000,420350,healthy
ATM_002,2023-01-31,369663,394436,382518.500000000000,25355,0,0,298095.684523809524,27403.857142857143,395018,healthy
ATM_002,2023-02-01,355604,369352,362733.750000000000,14059,0,0,335042.363095238095,27385.142857142857,369663,healthy
ATM_002,2023-02-02,341432,355276,348634.875000000000,14172,0,0,372786.238095238095,25778.714285714286,355604,healthy
ATM_002,2023-02-03,327294,341120,334465.625000000000,14138,0,0,393365.398809523810,24174.000000000000,341432,healthy
ATM_002,2023-02-04,306073,326824,316860.500000000000,21221,0,0,370389.285714285714,21747.142857142857,327294,healthy
ATM_002,2023-02-05,284863,305606,295598.875000000000,21210,0,0,349813.904761904762,19355.285714285714,306073,healthy
ATM_002,2023-02-06,270557,284554,277863.041666666667,14306,0,0,331239.309523809524,17780.142857142857,284863,healthy
ATM_002,2023-02-07,256447,270245,263629.750000000000,14110,0,0,314255.202380952381,16173.714285714286,270557,healthy
ATM_002,2023-02-08,242266,256132,249493.000000000000,14181,0,0,298077.952380952381,16191.142857142857,256447,healthy
ATM_002,2023-02-09,228171,241948,235339.250000000000,14095,0,0,281892.863095238095,16180.142857142857,242266,healthy
ATM_002,2023-02-10,214062,227876,221245.000000000000,14109,0,0,265718.488095238095,16176.000000000000,228171,healthy
ATM_002,2023-02-11,192880,213551,203647.291666666667,21182,0,0,249545.172619047619,16170.428571428571,214062,healthy
ATM_002,2023-02-12,171768,192396,182454.833333333333,21112,0,0,233381.738095238095,16156.428571428571,192880,healthy
ATM_002,2023-02-13,157577,171458,164795.833333333333,14191,0,0,217229.279761904762,16140.000000000000,171768,healthy
ATM_002,2023-02-14,143346,157231,150576.541666666667,14231,0,0,201078.821428571429,16157.285714285714,157577,healthy
ATM_002,2023-02-15,129242,143033,136405.791666666667,14104,0,0,184923.505952380952,16146.285714285714,143346,healthy
ATM_002,2023-02-16,115102,128933,122272.375000000000,14140,0,0,168771.095238095238,16152.714285714286,129242,healthy
ATM_002,2023-02-17,101021,114782,108147.875000000000,14081,0,0,152614.363095238095,16148.714285714286,115102,healthy
ATM_002,2023-02-18,79678,100564,90467.541666666667,21343,0,0,136445.827380952381,16171.714285714286,101021,low
ATM_002,2023-02-19,58465,79168,69256.083333333333,21213,0,0,120274.577380952381,16186.142857142857,79678,low
ATM_002,2023-02-20,50557,500000,239313.083333333333,14016,1,0,130919.898809523810,16161.142857142857,58465,low
ATM_002,2023-02-21,480790,494652,487972.375000000000,14177,0,0,179119.303571428571,16153.428571428571,50557,healthy
ATM_002,2023-02-22,466608,480485,473833.250000000000,14182,0,0,227323.226190476190,16164.571428571429,480790,healthy
ATM_002,2023-02-23,452282,466282,459535.625000000000,14326,0,0,275503.690476190476,16191.142857142857,466608,healthy
ATM_002,2023-02-24,438194,451942,445343.916666666667,14088,0,0,323674.553571428571,16192.142857142857,452282,healthy
ATM_002,2023-02-25,417043,437722,427783.125000000000,21151,0,0,371862.494047619048,16164.714285714286,438194,healthy
ATM_002,2023-02-26,378957,416180,398283.958333333333,38086,0,0,418866.476190476190,18575.142857142857,417043,healthy
ATM_002,2023-02-27,353772,378383,366587.916666666667,25185,0,0,437048.595238095238,20170.714285714286,378957,healthy
ATM_002,2023-02-28,328146,353183,341175.250000000000,25626,0,0,416077.577380952381,21806.285714285714,353772,healthy
ATM_002,2023-03-01,314098,327857,321288.958333333333,14048,0,0,394285.535714285714,21787.142857142857,328146,healthy
ATM_002,2023-03-02,300016,313778,307183.083333333333,14082,0,0,372520.886904761905,21752.285714285714,314098,healthy
ATM_002,2023-03-03,285662,299702,292953.833333333333,14354,0,0,350750.875000000000,21790.285714285714,300016,healthy
ATM_002,2023-03-04,264606,285183,275296.541666666667,21056,0,0,328967.077380952381,21776.714285714286,285662,healthy
ATM_002,2023-03-05,243403,264127,254160.333333333333,21203,0,0,308377.988095238095,19364.857142857143,264606,healthy
ATM_002,2023-03-06,229184,243067,236392.000000000000,14219,0,0,289778.571428571428,17798.285714285714,243403,healthy
ATM_002,2023-03-07,215355,228880,222396.541666666667,13829,0,0,272810.184523809524,16113.000000000000,229184,healthy
ATM_002,2023-03-08,200955,215037,208245.250000000000,14400,0,0,256661.083333333333,16163.285714285714,215355,healthy
ATM_002,2023-03-09,186864,200658,194018.125000000000,14091,0,0,240494.660714285714,16164.571428571429,200955,healthy
ATM_002,2023-03-10,172789,186573,179993.541666666667,14075,0,0,224357.476190476191,16124.714285714286,186864,healthy
ATM_002,2023-03-11,151716,172291,162423.875000000000,21073,0,0,208232.809523809524,16127.142857142857,172789,healthy
ATM_002,2023-03-12,130356,151251,141197.166666666667,21360,0,0,192095.214285714286,16149.571428571429,151716,healthy
ATM_002,2023-03-13,116106,130007,123363.166666666667,14250,0,0,175948.238095238095,16154.000000000000,130356,healthy
ATM_002,2023-03-14,101810,115789,109040.625000000000,14296,0,0,159754.535714285714,16220.714285714286,116106,healthy
ATM_002,2023-03-15,87793,101469,94906.291666666667,14017,0,0,143563.255952380953,16166.000000000000,101810,low
ATM_002,2023-03-16,73552,87483,80763.625000000000,14241,0,0,127384.041666666667,16187.428571428571,87793,low
ATM_002,2023-03-17,59476,73218,66566.666666666667,14076,0,0,111180.202380952381,16187.571428571429,73552,low
ATM_002,2023-03-18,50404,500000,274561.958333333333,21328,1,0,127199.928571428572,16224.000000000000,59476,low
ATM_002,2023-03-19,468236,488806,478990.500000000000,21080,0,0,175456.119047619048,16184.000000000000,50404,healthy
ATM_002,2023-03-20,454039,467911,461234.041666666667,14197,0,0,223723.386904761905,16176.428571428571,468236,healthy
ATM_002,2023-03-21,439779,453722,446987.041666666667,14260,0,0,272001.446428571429,16171.285714285714,454039,healthy
ATM_002,2023-03-22,425537,439456,432763.750000000000,14242,0,0,320266.797619047619,16203.428571428571,439779,healthy
ATM_002,2023-03-23,411436,425227,418592.583333333333,14101,0,0,368528.077380952381,16183.428571428571,425537,healthy
ATM_002,2023-03-24,397198,411115,404422.583333333333,14238,0,0,416793.208333333333,16206.571428571429,411436,healthy
ATM_002,2023-03-25,376092,396725,386848.916666666667,21106,0,0,432834.202380952381,16174.857142857143,397198,healthy
ATM_002,2023-03-26,337843,375216,357302.166666666667,38249,0,0,415450.154761904762,18627.571428571429,376092,healthy
ATM_002,2023-03-27,312249,337252,325229.750000000000,25594,0,0,396020.970238095238,20255.714285714286,337843,healthy
ATM_002,2023-03-28,286776,311717,299751.791666666667,25473,0,0,374987.363095238095,21857.571428571429,312249,healthy
ATM_002,2023-03-29,261272,286204,274202.791666666667,25504,0,0,352335.797619047619,23466.428571428571,286776,healthy
ATM_002,2023-03-30,235846,260633,248685.875000000000,25426,0,0,328063.410714285714,25084.285714285714,261272,healthy
ATM_002,2023-03-31,210316,235281,223340.750000000000,25530,0,0,302194.577380952381,26697.428571428571,235846,healthy
ATM_002,2023-04-01,189327,209871,200006.208333333333,20989,0,0,275502.761904761905,26680.714285714286,210316,healthy
ATM_002,2023-04-02,168031,188824,178815.541666666667,21296,0,0,250004.672619047619,24258.857142857143,189327,healthy
ATM_002,2023-04-03,153636,167724,160964.708333333333,14395,0,0,226538.238095238095,22659.000000000000,168031,healthy
ATM_002,2023-04-04,139462,153286,146637.666666666667,14174,0,0,204664.791666666667,21044.857142857143,153636,healthy
ATM_002,2023-04-05,125206,139157,132429.041666666667,14256,0,0,184411.398809523810,19438.000000000000,139462,healthy
ATM_002,2023-04-06,111197,124869,118277.166666666667,14009,0,0,165781.583333333333,17807.000000000000,125206,healthy
ATM_002,2023-04-07,97157,110875,104341.166666666667,14040,0,0,148781.642857142857,16165.571428571429,111197,low
ATM_002,2023-04-08,75882,96706,86648.958333333333,21275,0,0,132587.750000000000,16206.428571428571,97157,low
ATM_002,2023-04-09,54721,75397,65450.166666666667,21161,0,0,116392.696428571429,16187.142857142857,75882,low
ATM_002,2023-04-10,50808,500000,310382.666666666667,14164,1,0,137738.119047619048,16154.142857142857,54721,low
ATM_002,2023-04-11,476568,490439,483785.583333333333,14220,0,0,185902.107142857143,16160.714285714286,50808,healthy
ATM_002,2023-04-12,462388,476235,469560.750000000000,14180,0,0,234063.779761904762,16149.857142857143,476568,healthy
ATM_002,2023-04-13,448153,462053,455422.083333333333,14235,0,0,282227.339285714286,16182.142857142857,462388,healthy
ATM_002,2023-04-14,433772,447820,441100.708333333333,14381,0,0,330335.845238095238,16230.857142857143,448153,healthy
ATM_002,2023-04-15,412561,433267,423338.125000000000,21211,0,0,378434.297619047619,16221.714285714286,433772,healthy
ATM_002,2023-04-16,391182,412126,402079.375000000000,21379,0,0,426524.184523809524,16252.857142857143,412561,healthy
ATM_002,2023-04-17,377064,390839,384196.333333333333,14118,0,0,437068.994047619047,16246.285714285714,391182,healthy
ATM_002,2023-04-18,363004,376765,370167.583333333333,14060,0,0,420837.851190476190,16223.428571428571,377064,healthy
ATM_002,2023-04-19,349054,362699,356184.833333333333,13950,0,0,404641.291666666666,16190.571428571429,363004,healthy
ATM_002,2023-04-20,335141,348770,342184.916666666667,13913,0,0,388464.553571428571,16144.571428571429,349054,healthy
ATM_002,2023-04-21,321117,334843,328224.333333333333,14024,0,0,372339.357142857143,16093.571428571429,335141,healthy
ATM_002,2023-04-22,299850,320601,310683.791666666667,21267,0,0,356245.880952380952,16101.571428571429,321117,healthy
ATM_002,2023-04-23,278296,299370,289240.166666666667,21554,0,0,340125.994047619048,16126.571428571429,299850,healthy
ATM_002,2023-04-24,264057,277981,271271.458333333333,14239,0,0,323993.869047619048,16143.857142857143,278296,healthy
ATM_002,2023-04-25,250029,263749,257150.416666666667,14028,0,0,307848.559523809524,16139.285714285714,264057,healthy
ATM_002,2023-04-26,224645,249433,237431.250000000000,25384,0,0,290883.761904761905,17772.714285714286,250029,healthy
ATM_002,2023-04-27,199088,224096,212111.166666666667,25557,0,0,272301.797619047619,19436.142857142857,224645,healthy
ATM_002,2023-04-28,173484,198480,186468.875000000000,25604,0,0,252051.017857142857,21090.428571428571,199088,healthy
ATM_002,2023-04-29,135457,172662,154816.583333333333,38027,0,0,229784.273809523810,23484.714285714286,173484,healthy
ATM_002,2023-04-30,97205,134635,116611.000000000000,38252,0,0,205122.964285714286,25870.142857142857,135457,low
ATM_002,2023-05-01,83031,96891,90213.833333333333,14174,0,0,179257.589285714286,25860.857142857143,97205,low
ATM_002,2023-05-02,68608,82701,75937.625000000000,14423,0,0,153370.047619047619,25917.285714285714,83031,low
ATM_002,2023-05-03,54394,68283,61609.583333333333,14214,0,0,128252.666666666667,24321.571428571429,68608,low
ATM_002,2023-05-04,50442,500000,310242.333333333333,14179,1,0,142271.404761904762,22696.142857142857,54394,low
ATM_002,2023-05-05,476784,490459,483871.500000000000,14007,0,0,184757.494047619047,21039.428571428571,50442,healthy
ATM_002,2023-05-06,455574,476299,466362.333333333333,21210,0,0,229264.029761904762,18637.000000000000,476784,healthy
ATM_002,2023-05-07,434172,455089,445025.000000000000,21402,0,0,276180.315476190476,16229.857142857143,455574,healthy
ATM_002,2023-05-08,420118,433866,427266.333333333333,14054,0,0,324330.672619047619,16212.714285714286,434172,healthy
ATM_002,2023-05-09,405939,419784,413101.541666666667,14179,0,0,372496.946428571428,16177.857142857143,420118,healthy
ATM_002,2023-05-10,391837,405620,398985.541666666667,14102,0,0,420693.511904761905,16161.857142857143,405939,healthy
ATM_002,2023-05-11,377857,391531,384940.000000000000,13980,0,0,431364.607142857143,16133.428571428571,391837,healthy
ATM_002,2023-05-12,363635,377577,370907.041666666667,14222,0,0,415226.827380952381,16164.142857142857,377857,healthy
ATM_002,2023-05-13,342342,363178,353105.958333333333,21293,0,0,399047.345238095238,16176.000000000000,363635,healthy
ATM_002,2023-05-14,321190,341831,331921.333333333333,21152,0,0,382889.678571428571,16140.285714285714,342342,healthy
ATM_002,2023-05-15,306890,320858,314094.791666666667,14300,0,0,366722.315476190476,16175.428571428571,321190,healthy
ATM_002,2023-05-16,292904,306608,299988.208333333333,13986,0,0,350563.267857142857,16147.857142857143,306890,healthy
ATM_002,2023-05-17,278869,292533,285972.625000000000,14035,0,0,334418.565476190476,16138.285714285714,292904,healthy
ATM_002,2023-05-18,264817,278580,271964.708333333333,14052,0,0,318279.238095238095,16148.571428571429,278869,healthy
ATM_002,2023-05-19,250768,264485,257939.625000000000,14049,0,0,302141.035714285714,16123.857142857143,264817,healthy
ATM_002,2023-05-20,229351,250318,240256.166666666667,21417,0,0,286019.636904761905,16141.571428571429,250768,healthy
ATM_002,2023-05-21,208151,228858,218893.916666666667,21200,0,0,269872.863095238095,16148.428571428571,229351,healthy
ATM_002,2023-05-22,193952,207844,201130.583333333333,14199,0,0,253735.119047619048,16134.000000000000,208151,healthy
ATM_002,2023-05-23,179945,193658,187075.458333333333,14007,0,0,237604.726190476190,16137.000000000000,193952,healthy
ATM_002,2023-05-24,165755,179613,172951.250000000000,14190,0,0,221458.815476190476,16159.142857142857,179945,healthy
ATM_002,2023-05-25,151599,165425,158806.916666666667,14156,0,0,205293.416666666667,16174.000000000000,165755,healthy
ATM_002,2023-05-26,126228,151025,139158.541666666667,25371,0,0,188324.690476190476,17791.428571428571,151599,healthy
ATM_002,2023-05-27,88071,125378,107433.000000000000,38157,0,0,169349.952380952381,20182.857142857143,126228,low
ATM_002,2023-05-28,50306,500000,87811.458333333333,38606,1,0,150623.886904761905,22669.428571428571,88071,low
ATM_002,2023-05-29,474752,499376,487499.000000000000,25248,0,0,191533.660714285714,24247.857142857143,50306,healthy
ATM_002,2023-05-30,449155,474188,462165.583333333333,25597,0,0,230832.250000000000,25903.571428571429,474752,healthy
ATM_002,2023-05-31,423837,448605,436703.500000000000,25318,0,0,268511.142857142857,27493.285714285714,449155,healthy
ATM_002,2023-06-01,409811,423538,416950.625000000000,14026,0,0,305388.815476190476,27474.714285714286,423837,healthy
ATM_002,2023-06-02,395622,409474,402855.833333333333,14189,0,0,343059.857142857143,25877.285714285714,409811,healthy
ATM_002,2023-06-03,374505,395140,385218.500000000000,21117,0,0,382743.500000000000,23443.000000000000,395622,healthy
ATM_002,2023-06-04,353218,374023,364078.333333333333,21287,0,0,422210.196428571428,20968.857142857143,374505,healthy
ATM_002,2023-06-05,339186,352910,346314.250000000000,14032,0,0,402040.946428571428,19366.571428571429,353218,healthy
ATM_002,2023-06-06,325109,338853,332270.500000000000,14077,0,0,383484.505952380952,17720.857142857143,339186,healthy
ATM_002,2023-06-07,310823,324773,318087.666666666667,14286,0,0,366539.386904761905,16144.857142857143,325109,healthy
ATM_002,2023-06-08,296558,310507,303815.916666666667,14265,0,0,350377.285714285714,16179.000000000000,310823,healthy
ATM_002,2023-06-09,282186,296251,289498.791666666667,14372,0,0,334183.422619047619,16205.142857142857,296558,healthy
ATM_002,2023-06-10,260807,281718,271715.916666666667,21379,0,0,317968.767857142857,16242.571428571429,282186,healthy
ATM_002,2023-06-11,239440,260335,250326.625000000000,21367,0,0,301718.523809523810,16254.000000000000,260807,healthy
ATM_002,2023-06-12,225241,239120,232446.208333333333,14199,0,0,285451.660714285714,16277.857142857143,239440,healthy
ATM_002,2023-06-13,211059,224903,218238.583333333333,14182,0,0,269161.386904761905,16292.857142857143,225241,healthy
ATM_002,2023-06-14,196798,210738,204043.250000000000,14261,0,0,252869.327380952381,16289.285714285714,211059,healthy
ATM_002,2023-06-15,182578,196484,189800.666666666667,14220,0,0,236581.434523809524,16282.857142857143,196798,healthy
ATM_002,2023-06-16,168479,182249,175632.208333333333,14099,0,0,220314.779761904762,16243.857142857143,182578,healthy
ATM_002,2023-06-17,147420,167984,158162.750000000000,21059,0,0,204092.898809523809,16198.142857142857,168479,healthy
ATM_002,2023-06-18,126334,146947,137050.583333333333,21086,0,0,187910.607142857143,16158.000000000000,147420,healthy
ATM_002,2023-06-19,112250,126005,119423.208333333333,14084,0,0,171764.464285714286,16141.571428571429,126334,healthy
ATM_002,2023-06-20,98081,111946,105292.458333333333,14169,0,0,155629.303571428571,16139.714285714286,112250,low
ATM_002,2023-06-21,83719,97736,91012.500000000000,14362,0,0,139482.053571428571,16154.142857142857,98081,low
ATM_002,2023-06-22,69655,83406,76826.708333333333,14064,0,0,123342.916666666666,16131.857142857143,83719,low
ATM_002,2023-06-23,55386,69326,62631.541666666667,14269,0,0,107199.964285714286,16156.142857142857,69655,low
ATM_002,2023-06-24,51044,500000,326534.375000000000,21133,1,0,131253.053571428571,16166.714285714286,55386,low
ATM_002,2023-06-25,463908,484226,474446.208333333333,20825,0,0,179452.428571428571,16129.428571428571,51044,healthy
ATM_002,2023-06-26,438548,463348,451401.125000000000,25360,0,0,226877.845238095238,17740.285714285714,463908,healthy
ATM_002,2023-06-27,413239,437951,426124.250000000000,25309,0,0,272710.958333333333,19331.714285714286,438548,healthy
ATM_002,2023-06-28,387557,412662,400601.625000000000,25682,0,0,316937.976190476190,20948.857142857143,413239,healthy
ATM_002,2023-06-29,362199,386976,375090.500000000000,25358,0,0,359547.089285714286,22562.285714285714,387557,healthy
ATM_002,2023-06-30,336808,361661,349726.875000000000,25391,0,0,400560.708333333333,24151.142857142857,362199,healthy
ATM_002,2023-07-01,315395,336271,326217.666666666667,21413,0,0,400515.464285714286,24191.142857142857,336808,healthy
ATM_002,2023-07-02,293997,314924,304844.875000000000,21398,0,0,376286.702380952381,24273.000000000000,315395,healthy
ATM_002,2023-07-03,279997,293689,287137.583333333333,14000,0,0,352820.482142857143,22650.142857142857,293997,healthy
ATM_002,2023-07-04,265797,279695,273019.041666666667,14200,0,0,330948.309523809524,21063.142857142857,279997,healthy
ATM_002,2023-07-05,251578,265494,258808.541666666667,14219,0,0,310692.154761904762,19425.571428571429,265797,healthy
ATM_002,2023-07-06,237481,251261,244643.416666666667,14097,0,0,292056.857142857143,17816.857142857143,251578,healthy
ATM_002,2023-07-07,223433,237176,230573.791666666667,14048,0,0,275034.988095238095,16196.428571428571,237481,healthy
ATM_002,2023-07-08,202075,222927,212899.625000000000,21358,0,0,258846.696428571429,16188.571428571429,223433,healthy
ATM_002,2023-07-09,180979,201550,191648.166666666667,21096,0,0,242675.738095238095,16145.428571428571,202075,healthy
ATM_002,2023-07-10,166741,180638,173947.875000000000,14238,0,0,226505.779761904762,16179.428571428571,180979,healthy
ATM_002,2023-07-11,152252,166381,159570.875000000000,14489,0,0,210298.898809523810,16220.714285714286,166741,healthy
ATM_002,2023-07-12,137863,151930,145166.875000000000,14389,0,0,194064.375000000000,16245.000000000000,152252,healthy
ATM_002,2023-07-13,123614,137537,130848.000000000000,14249,0,0,177807.886904761905,16266.714285714286,137863,healthy
ATM_002,2023-07-14,109684,123315,116754.208333333333,13930,0,0,161547.946428571429,16249.857142857143,123614,healthy
ATM_002,2023-07-15,88480,109208,99225.416666666667,21204,0,0,145308.773809523810,16227.857142857143,109684,low
ATM_002,2023-07-16,67211,87998,78047.791666666667,21269,0,0,129080.148809523810,16252.571428571429,88480,low
ATM_002,2023-07-17,52943,66883,60213.375000000000,14268,0,0,112832.363095238095,16256.857142857143,67211,low
ATM_002,2023-07-18,50130,500000,327851.583333333333,14174,1,0,136872.464285714286,16211.857142857143,52943,low
ATM_002,2023-07-19,475661,489429,482794.666666666667,14076,0,0,185105.005952380952,16167.142857142857,50130,healthy
ATM_002,2023-07-20,461397,475393,468659.041666666667,14264,0,0,233363.726190476191,16169.285714285714,475661,healthy
ATM_002,2023-07-21,447223,461068,454476.041666666667,14174,0,0,281609.702380952381,16204.142857142857,461397,healthy
ATM_002,2023-07-22,426009,446741,436758.541666666667,21214,0,0,329828.720238095238,16205.571428571429,447223,healthy
ATM_002,2023-07-23,404669,425538,415492.625000000000,21340,0,0,378035.125000000000,16215.714285714286,426009,healthy
ATM_002,2023-07-24,390415,404340,397644.625000000000,14254,0,0,426239.589285714286,16213.714285714286,404669,healthy
ATM_002,2023-07-25,376037,390092,383351.500000000000,14378,0,0,434168.148809523810,16242.857142857143,390415,healthy
ATM_002,2023-07-26,350446,375480,363473.791666666667,25591,0,0,417122.309523809524,17887.857142857143,376037,healthy
ATM_002,2023-07-27,324937,349868,337856.833333333333,25509,0,0,398436.279761904762,19494.285714285714,350446,healthy
ATM_002,2023-07-28,299420,324394,312408.708333333333,25517,0,0,378140.946428571429,21114.714285714286,324937,healthy
ATM_002,2023-07-29,261177,298523,280586.333333333333,38243,0,0,355830.630952380952,23547.428571428571,299420,healthy
ATM_002,2023-07-30,222836,260338,242306.291666666667,38341,0,0,331089.726190476190,25976.142857142857,261177,healthy
ATM_002,2023-07-31,197296,222305,210288.833333333333,25540,0,0,304324.613095238095,27588.428571428571,222836,healthy
ATM_002,2023-08-01,183046,196974,190295.750000000000,14250,0,0,276745.220238095238,27570.142857142857,197296,healthy
ATM_002,2023-08-02,168786,182717,176044.541666666667,14260,0,0,249969.613095238095,25951.428571428571,183046,healthy
ATM_002,2023-08-03,154521,168436,161716.250000000000,14265,0,0,224806.672619047619,24345.142857142857,168786,healthy
ATM_002,2023-08-04,140165,154221,147425.958333333333,14356,0,0,201237.708333333333,22750.714285714286,154521,healthy
ATM_002,2023-08-05,119071,139663,129753.583333333333,21094,0,0,179690.172619047619,20300.857142857143,140165,healthy
ATM_002,2023-08-06,97640,118610,108504.500000000000,21431,0,0,160575.630952380952,17885.142857142857,119071,low
ATM_002,2023-08-07,83516,97348,90733.708333333333,14124,0,0,143496.327380952381,16254.285714285714,97640,low
ATM_002,2023-08-08,69435,83177,76572.333333333333,14081,0,0,127250.125000000000,16230.142857142857,83516,low
ATM_002,2023-08-09,55191,69114,62466.166666666667,14244,0,0,111024.642857142857,16227.857142857143,69435,low
ATM_002,2023-08-10,50163,500000,292364.916666666667,14271,1,0,129688.738095238095,16228.714285714286,55191,low
ATM_002,2023-08-11,477654,491433,484776.250000000000,14110,0,0,177881.636904761905,16193.571428571429,50163,healthy
ATM_002,2023-08-12,456383,477128,467146.625000000000,21271,0,0,226080.642857142857,16218.857142857143,477654,healthy
ATM_002,2023-08-13,435226,455889,445981.291666666667,21157,0,0,274291.613095238095,16179.714285714286,456383,healthy
ATM_002,2023-08-14,420818,434906,428122.791666666667,14408,0,0,322490.053571428572,16220.285714285714,435226,healthy
ATM_002,2023-08-15,406918,420521,413954.375000000000,13900,0,0,370687.488095238095,16194.428571428571,420818,healthy
ATM_002,2023-08-16,392853,406622,399979.416666666667,14065,0,0,418903.666666666667,16168.857142857143,406918,healthy
ATM_002,2023-08-17,378827,392535,385914.791666666667,14026,0,0,432267.934523809524,16133.857142857143,392853,healthy
ATM_002,2023-08-18,364816,378515,371956.291666666667,14011,0,0,416150.797619047619,16119.714285714286,378827,healthy
ATM_002,2023-08-19,343875,364330,354478.791666666667,20941,0,0,400055.392857142857,16072.571428571429,364816,healthy
ATM_002,2023-08-20,322632,343390,333390.166666666667,21243,0,0,383970.946428571429,16084.857142857143,343875,healthy
ATM_002,2023-08-21,308437,322322,315679.291666666667,14195,0,0,367907.589285714286,16054.428571428571,322632,healthy
ATM_002,2023-08-22,294193,308087,301388.000000000000,14244,0,0,351826.678571428572,16103.571428571429,308437,healthy
ATM_002,2023-08-23,280088,293847,287251.333333333333,14105,0,0,335722.666666666667,16109.285714285714,294193,healthy
ATM_002,2023-08-24,265868,279739,273032.458333333333,14220,0,0,319596.619047619048,16137.000000000000,280088,healthy
ATM_002,2023-08-25,251638,265530,258801.750000000000,14230,0,0,303431.684523809524,16168.285714285714,265868,healthy
ATM_002,2023-08-26,213293,250794,232768.833333333333,38345,0,0,286044.547619047619,18654.571428571429,251638,healthy
ATM_002,2023-08-27,175219,212415,194464.166666666667,38074,0,0,266197.976190476190,21059.000000000000,213293,healthy
ATM_002,2023-08-28,150002,174622,162825.583333333333,25217,0,0,244361.732142857143,22633.571428571429,175219,healthy
ATM_002,2023-08-29,124342,149407,137376.875000000000,25660,0,0,220931.571428571428,24264.428571428571,150002,healthy
ATM_002,2023-08-30,98979,123758,111798.291666666667,25363,0,0,195866.851190476190,25872.714285714286,124342,low
ATM_002,2023-08-31,73651,98410,86522.625000000000,25328,0,0,169222.589285714286,27459.571428571429,98979,low
ATM_002,2023-09-01,59237,73278,66537.458333333333,14414,0,0,141756.261904761905,27485.857142857143,73651,low
ATM_002,2023-09-02,50209,500000,274382.875000000000,21469,1,0,147701.125000000000,25075.000000000000,59237,low
ATM_002,2023-09-03,467798,488715,478579.000000000000,21352,0,0,188288.958333333333,22686.142857142857,50209,healthy
ATM_002,2023-09-04,453690,467500,460843.250000000000,14108,0,0,230862.910714285714,21099.142857142857,467798,healthy
ATM_002,2023-09-05,439668,453369,446817.750000000000,14022,0,0,275068.750000000000,19436.571428571429,453690,healthy
ATM_002,2023-09-06,425549,439318,432659.625000000000,14119,0,0,320906.083333333333,17830.285714285714,439668,healthy
ATM_002,2023-09-07,411360,425225,418524.458333333333,14189,0,0,368334.916666666667,16239.000000000000,425549,healthy
ATM_002,2023-09-08,397019,411004,404298.541666666667,14341,0,0,416586.500000000000,16228.571428571429,411360,healthy
ATM_002,2023-09-09,375558,396564,386485.291666666667,21461,0,0,432601.130952380952,16227.428571428571,397019,healthy
ATM_002,2023-09-10,354573,375089,365200.916666666667,20985,0,0,416404.261904761905,16175.000000000000,375558,healthy
ATM_002,2023-09-11,340451,354245,347574.125000000000,14122,0,0,400222.958333333333,16177.000000000000,354573,healthy
ATM_002,2023-09-12,326043,340119,333369.500000000000,14408,0,0,384016.065476190476,16232.142857142857,340451,healthy
ATM_002,2023-09-13,311831,325711,319065.666666666667,14212,0,0,367788.357142857143,16245.428571428571,326043,healthy
ATM_002,2023-09-14,297533,311496,304810.833333333333,14298,0,0,351543.553571428572,16261.000000000000,311831,healthy
ATM_002,2023-09-15,283430,297198,290543.875000000000,14103,0,0,335292.886904761905,16227.000000000000,297533,healthy
ATM_002,2023-09-16,262170,282913,272883.958333333333,21260,0,0,319064.125000000000,16198.285714285714,283430,healthy
ATM_002,2023-09-17,241142,261690,251814.000000000000,21028,0,0,302865.994047619048,16204.428571428571,262170,healthy
ATM_002,2023-09-18,227085,240821,234206.416666666667,14057,0,0,286670.607142857143,16195.142857142857,241142,healthy
ATM_002,2023-09-19,212925,226769,220109.125000000000,14160,0,0,270490.553571428571,16159.714285714286,227085,healthy
ATM_002,2023-09-20,198936,212597,206075.458333333333,13989,0,0,254349.095238095238,16127.857142857143,212925,healthy
ATM_002,2023-09-21,184593,198587,191816.250000000000,14343,0,0,238207.011904761905,16134.285714285714,198936,healthy
ATM_002,2023-09-22,170308,184285,177549.333333333333,14285,0,0,222064.934523809524,16160.285714285714,184593,healthy
ATM_002,2023-09-23,148840,169875,159791.000000000000,21468,0,0,205908.797619047619,16190.000000000000,170308,healthy
ATM_002,2023-09-24,127458,148322,138283.541666666667,21382,0,0,189690.160714285714,16240.571428571429,148840,healthy
ATM_002,2023-09-25,113190,127155,120393.875000000000,14268,0,0,173431.226190476190,16270.714285714286,127458,healthy
ATM_002,2023-09-26,87587,112597,100615.875000000000,25603,0,0,156360.761904761905,17905.428571428571,113190,low
ATM_002,2023-09-27,62122,86945,74983.041666666667,25465,0,0,137633.273809523810,19544.857142857143,87587,low
ATM_002,2023-09-28,51449,500000,274897.041666666667,25252,1,0,149501.958333333333,21103.285714285714,62122,low
ATM_002,2023-09-29,461638,486710,474664.541666666667,25621,0,0,191946.988095238095,22722.714285714286,51449,healthy
ATM_002,2023-09-30,423565,460741,442888.458333333333,38073,0,0,232389.482142857143,25094.857142857143,461638,healthy
ATM_002,2023-10-01,402152,423091,413040.875000000000,21413,0,0,271640.529761904762,25099.285714285714,423565,healthy
ATM_002,2023-10-02,388087,401853,395215.041666666667,14065,0,0,310900.696428571429,25070.285714285714,402152,healthy
ATM_002,2023-10-03,374000,387786,381136.625000000000,14087,0,0,350975.089285714286,23425.142857142857,388087,healthy
ATM_002,2023-10-04,359812,373650,366969.125000000000,14188,0,0,392687.386904761905,21814.142857142857,374000,healthy
ATM_002,2023-10-05,345555,359460,352785.041666666667,14257,0,0,403814.244047619048,20243.428571428571,359812,healthy
ATM_002,2023-10-06,331304,345259,338565.875000000000,14251,0,0,384371.577380952381,18619.142857142857,345555,healthy
ATM_002,2023-10-07,310187,330833,320907.375000000000,21117,0,0,366945.708333333333,16196.857142857143,331304,healthy
ATM_002,2023-10-08,288824,309719,299670.958333333333,21363,0,0,350750.005952380952,16189.714285714286,310187,healthy
ATM_002,2023-10-09,274692,288497,281861.250000000000,14132,0,0,334556.607142857143,16199.285714285714,288824,healthy
ATM_002,2023-10-10,260423,274365,267658.708333333333,14269,0,0,318345.476190476190,16225.285714285714,274692,healthy
ATM_002,2023-10-11,246296,260083,253450.583333333333,14127,0,0,302128.541666666667,16216.571428571429,260423,healthy
ATM_002,2023-10-12,232133,245970,239327.583333333333,14163,0,0,285920.333333333333,16203.142857142857,246296,healthy
ATM_002,2023-10-13,217962,231817,225169.666666666667,14171,0,0,269720.875000000000,16191.714285714286,232133,healthy
ATM_002,2023-10-14,196999,217501,207653.666666666667,20963,0,0,253541.773809523809,16169.714285714286,217962,healthy
ATM_002,2023-10-15,176017,196531,186714.250000000000,20982,0,0,237405.101190476190,16115.285714285714,196999,healthy
ATM_002,2023-10-16,161925,175697,169104.666666666667,14092,0,0,221297.017857142857,16109.571428571429,176017,healthy
ATM_002,2023-10-17,147737,161582,154942.375000000000,14188,0,0,205194.684523809524,16098.000000000000,161925,healthy
ATM_002,2023-10-18,133566,147429,140785.958333333333,14171,0,0,189099.738095238095,16104.285714285714,147737,healthy
ATM_002,2023-10-19,119624,133241,126696.041666666667,13942,0,0,173009.517857142857,16072.714285714286,133566,healthy
ATM_002,2023-10-20,105387,119294,112624.708333333333,14237,0,0,156931.666666666667,16082.142857142857,119624,healthy
ATM_002,2023-10-21,84256,104868,94981.083333333333,21131,0,0,140835.583333333333,16106.142857142857,105387,low
ATM_002,2023-10-22,63219,83786,73938.083333333333,21037,0,0,124724.702380952381,16114.000000000000,84256,low
ATM_002,2023-10-23,50107,500000,112562.541666666667,14029,1,0,116647.255952380952,16105.000000000000,63219,low
ATM_002,2023-10-24,485325,499059,492424.583333333333,14065,0,0,164859.000000000000,16087.428571428571,50107,healthy
ATM_002,2023-10-25,471356,485020,478463.333333333333,13969,0,0,213098.625000000000,16058.571428571429,485325,healthy
ATM_002,2023-10-26,445613,470752,458644.791666666667,25743,0,0,260519.875000000000,17744.428571428571,471356,healthy
ATM_002,2023-10-27,420019,445001,433025.750000000000,25594,0,0,306291.452380952381,19366.857142857143,445613,healthy
ATM_002,2023-10-28,381949,419165,401296.041666666667,38070,0,0,350050.732142857143,21786.714285714286,420019,healthy
ATM_002,2023-10-29,343845,381085,363207.958333333333,38104,0,0,391375.000000000000,24224.857142857143,381949,healthy
ATM_002,2023-10-30,318302,343251,331235.750000000000,25543,0,0,422614.029761904762,25869.714285714286,343845,healthy
ATM_002,2023-10-31,292613,317750,305641.791666666667,25689,0,0,395930.773809523810,27530.285714285714,318302,healthy
ATM_002,2023-11-01,278288,292283,285561.791666666667,14325,0,0,368373.410714285714,27581.142857142857,292613,healthy
ATM_002,2023-11-02,264053,277941,271292.125000000000,14235,0,0,341608.744047619048,25937.142857142857,278288,healthy
ATM_002,2023-11-03,249948,263728,257120.250000000000,14105,0,0,316479.386904761905,24295.857142857143,264053,healthy
ATM_002,2023-11-04,229047,249442,239622.875000000000,20901,0,0,293383.220238095238,21843.142857142857,249948,healthy
ATM_002,2023-11-05,207887,228544,218605.625000000000,21160,0,0,272725.744047619048,19422.571428571429,229047,healthy
ATM_002,2023-11-06,193751,207552,200959.916666666667,14136,0,0,254114.910714285714,17793.000000000000,207887,healthy
ATM_002,2023-11-07,179668,193445,186842.583333333333,14083,0,0,237143.595238095238,16135.000000000000,193751,healthy
ATM_002,2023-11-08,165386,179330,172625.875000000000,14282,0,0,221009.892857142857,16128.857142857143,179668,healthy
ATM_002,2023-11-09,151169,165087,158406.250000000000,14217,0,0,204883.339285714286,16126.285714285714,165386,healthy
ATM_002,2023-11-10,137250,150849,144301.541666666667,13919,0,0,188766.380952380952,16099.714285714286,151169,healthy
ATM_002,2023-11-11,115962,136744,126831.500000000000,21288,0,0,172653.327380952381,16155.000000000000,137250,healthy
ATM_002,2023-11-12,94801,115503,105579.416666666667,21161,0,0,156506.726190476191,16155.142857142857,115962,low
ATM_002,2023-11-13,80550,94478,87756.583333333333,14251,0,0,140334.821428571429,16171.571428571429,94801,low
ATM_002,2023-11-14,66470,80224,73583.666666666667,14080,0,0,124154.976190476191,16171.142857142857,80550,low
ATM_002,2023-11-15,52392,66142,59495.708333333333,14078,0,0,107993.523809523810,16142.000000000000,66470,low
ATM_002,2023-11-16,50214,500000,364408.958333333333,13864,1,0,137422.482142857143,16091.571428571429,52392,low
ATM_002,2023-11-17,474414,488290,481635.583333333333,14201,0,0,185613.059523809524,16131.857142857143,50214,healthy
ATM_002,2023-11-18,453208,473968,463960.791666666667,21206,0,0,233774.386904761905,16120.142857142857,474414,healthy
ATM_002,2023-11-19,431928,452746,442725.166666666667,21280,0,0,281938.065476190476,16137.142857142857,453208,healthy
ATM_002,2023-11-20,417662,431599,424877.833333333333,14266,0,0,330098.244047619048,16139.285714285714,431928,healthy
ATM_002,2023-11-21,403454,417343,410642.416666666667,14208,0,0,378249.494047619048,16157.571428571429,417662,healthy
ATM_002,2023-11-22,389399,403158,396515.625000000000,14055,0,0,426395.196428571429,16154.285714285714,403454,healthy
ATM_002,2023-11-23,375241,389116,382431.708333333333,14158,0,0,428969.875000000000,16196.285714285714,389399,healthy
ATM_002,2023-11-24,361036,374902,368211.875000000000,14205,0,0,412766.488095238095,16196.857142857143,375241,healthy
ATM_002,2023-11-25,339792,360574,350573.708333333333,21244,0,0,396568.333333333333,16202.285714285714,361036,healthy
ATM_002,2023-11-26,301540,338902,320907.916666666667,38252,0,0,379165.869047619048,18626.857142857143,339792,healthy
ATM_002,2023-11-27,275875,300948,288876.083333333333,25665,0,0,359737.047619047619,20255.285714285714,301540,healthy
ATM_002,2023-11-28,250263,275301,263395.166666666667,25612,0,0,338701.726190476190,21884.428571428571,275875,healthy
ATM_002,2023-11-29,224762,249640,237672.625000000000,25501,0,0,316009.869047619048,23519.571428571429,250263,healthy
ATM_002,2023-11-30,199068,224223,212097.000000000000,25694,0,0,291676.339285714286,25167.571428571429,224762,healthy
ATM_002,2023-12-01,185077,198736,192148.708333333333,13991,0,0,266524.458333333333,25137.000000000000,199068,healthy
ATM_002,2023-12-02,163852,184549,174604.666666666667,21225,0,0,241386.023809523810,25134.285714285714,185077,healthy
ATM_002,2023-12-03,142631,163439,153486.500000000000,21221,0,0,217468.678571428571,22701.285714285714,163852,healthy
ATM_002,2023-12-04,128539,142327,135676.875000000000,14092,0,0,195583.077380952381,21048.000000000000,142631,healthy
ATM_002,2023-12-05,114355,128211,121586.416666666667,14184,0,0,175324.684523809524,19415.428571428571,128539,healthy
ATM_002,2023-12-06,100145,114027,107367.500000000000,14210,0,0,156709.666666666667,17802.428571428571,114355,healthy
ATM_002,2023-12-07,85920,99836,93122.541666666667,14225,0,0,139713.315476190476,16164.000000000000,100145,low
ATM_002,2023-12-08,71462,85583,78822.041666666667,14458,0,0,123523.791666666667,16230.714285714286,85920,low
ATM_002,2023-12-09,50616,70963,61233.416666666667,20846,0,0,107327.898809523810,16176.571428571429,71462,low
ATM_002,2023-12-10,50150,500000,471708.583333333333,21256,1,0,152788.196428571429,16181.571428571429,50616,low
ATM_002,2023-12-11,465379,479340,472629.583333333333,14306,0,0,200924.297619047619,16212.142857142857,50150,healthy
ATM_002,2023-12-12,451430,465046,458478.708333333333,13949,0,0,249051.767857142857,16178.571428571429,465379,healthy
ATM_002,2023-12-13,436947,451109,444310.708333333333,14483,0,0,297186.511904761905,16217.571428571429,451430,healthy
ATM_002,2023-12-14,422641,436643,429916.250000000000,14306,0,0,345299.898809523809,16229.142857142857,436947,healthy
ATM_002,2023-12-15,408473,422334,415692.000000000000,14168,0,0,393424.178571428571,16187.714285714286,422641,healthy
ATM_002,2023-12-16,387151,407996,397980.666666666667,21322,0,0,441530.928571428571,16255.714285714286,408473,healthy
ATM_002,2023-12-17,365920,386671,376695.500000000000,21231,0,0,427957.630952380952,16252.142857142857,387151,healthy
ATM_002,2023-12-18,351693,365597,358883.541666666667,14227,0,0,411708.196428571429,16240.857142857143,365920,healthy
ATM_002,2023-12-19,337344,351360,344646.375000000000,14349,0,0,395446.434523809524,16298.000000000000,351693,healthy
ATM_002,2023-12-20,323262,337003,330398.000000000000,14082,0,0,379173.190476190476,16240.714285714286,337344,healthy
ATM_002,2023-12-21,309194,322931,316310.875000000000,14068,0,0,362943.851190476191,16206.714285714286,323262,healthy
ATM_002,2023-12-22,295074,308866,302187.875000000000,14120,0,0,346728.976190476191,16199.857142857143,309194,healthy
ATM_002,2023-12-23,273918,294580,284642.291666666667,21156,0,0,330537.779761904762,16176.142857142857,295074,healthy
ATM_002,2023-12-24,252683,273434,263422.083333333333,21235,0,0,314355.863095238095,16176.714285714286,273918,healthy
ATM_002,2023-12-25,238494,252373,245659.750000000000,14189,0,0,298181.035714285714,16171.285714285714,252683,healthy
ATM_002,2023-12-26,213057,237921,225906.125000000000,25437,0,0,281218.142857142857,17755.285714285714,238494,healthy
ATM_002,2023-12-27,187736,212460,200574.958333333333,25321,0,0,262671.994047619048,19360.857142857143,213057,healthy
ATM_002,2023-12-28,162166,187154,175133.208333333333,25570,0,0,242503.755952380952,21004.000000000000,187736,healthy
ATM_002,2023-12-29,136418,161601,149485.625000000000,25748,0,0,220689.148809523809,22665.142857142857,162166,healthy
ATM_002,2023-12-30,97955,135515,117458.791666666667,38463,0,0,196805.791666666667,25137.571428571429,136418,low
ATM_002,2023-12-31,97125,97125,97125.000000000000,830,0,0,173049.065476190476,22222.571428571429,97955,low
ATM_003,2023-01-01,478840,499523,489615.666666666667,21160,0,0,489615.666666666667,21160.000000000000,,healthy
ATM_003,2023-01-02,464489,478529,471775.500000000000,14351,0,0,480695.583333333334,17755.500000000000,478840,healthy
ATM_003,2023-01-03,450338,464165,457541.041666666667,14151,0,0,472977.402777777778,16554.000000000000,464489,healthy
ATM_003,2023-01-04,436150,450033,443363.125000000000,14188,0,0,465573.833333333334,15962.500000000000,450338,healthy
ATM_003,2023-01-05,422076,435844,429185.000000000000,14074,0,0,458296.066666666667,15584.800000000000,436150,healthy
ATM_003,2023-01-06,407911,421756,415091.791666666667,14165,0,0,451095.354166666667,15348.166666666667,422076,healthy
ATM_003,2023-01-07,386441,407472,397374.666666666667,21470,0,0,443420.970238095238,16222.714285714286,407911,healthy
ATM_003,2023-01-08,365188,385967,376022.375000000000,21253,0,0,427193.357142857143,16236.000000000000,386441,healthy
ATM_003,2023-01-09,351052,364883,358260.125000000000,14136,0,0,410976.875000000000,16205.285714285714,365188,healthy
ATM_003,2023-01-10,336928,350758,344102.375000000000,14124,0,0,394771.351190476191,16201.428571428571,351052,healthy
ATM_003,2023-01-11,322776,336609,329955.458333333333,14152,0,0,378570.255952380952,16196.285714285714,336928,healthy
ATM_003,2023-01-12,308704,322463,315813.041666666667,14072,0,0,362374.261904761905,16196.000000000000,322776,healthy
ATM_003,2023-01-13,294665,308379,301776.750000000000,14039,0,0,346186.398809523810,16178.000000000000,308704,healthy
ATM_003,2023-01-14,273422,294180,284202.041666666667,21243,0,0,330018.880952380952,16145.571428571429,294665,healthy
ATM_003,2023-01-15,252360,272975,263086.291666666667,21062,0,0,313885.154761904762,16118.285714285714,273422,healthy
ATM_003,2023-01-16,238234,252053,245430.833333333333,14126,0,0,297766.684523809524,16116.857142857143,252360,healthy
ATM_003,2023-01-17,224095,237919,231305.125000000000,14139,0,0,281652.791666666667,16119.000000000000,238234,healthy
ATM_003,2023-01-18,210043,223743,217155.500000000000,14052,0,0,265538.511904761905,16104.714285714286,224095,healthy
ATM_003,2023-01-19,195634,209739,202964.333333333333,14409,0,0,249417.267857142857,16152.857142857143,210043,healthy
ATM_003,2023-01-20,181635,195320,188696.583333333333,13999,0,0,233262.958333333333,16147.142857142857,195634,healthy
ATM_003,2023-01-21,160214,181151,171126.750000000000,21421,0,0,217109.345238095238,16172.571428571429,181635,healthy
ATM_003,2023-01-22,138729,159695,149570.541666666667,21485,0,0,200892.809523809524,16233.000000000000,160214,healthy
ATM_003,2023-01-23,124388,138417,131687.666666666667,14341,0,0,184643.785714285714,16263.714285714286,138729,healthy
ATM_003,2023-01-24,110148,124059,117324.166666666667,14240,0,0,168360.791666666667,16278.142857142857,124388,healthy
ATM_003,2023-01-25,96086,109814,103214.083333333333,14062,0,0,152083.446428571429,16279.571428571429,110148,low
ATM_003,2023-01-26,70837,95531,83658.375000000000,25249,0,0,135039.738095238095,17828.142857142857,96086,low
ATM_003,2023-01-27,50741,500000,189902.708333333333,25378,1,0,135212.041666666667,19453.714285714286,70837,low
ATM_003,2023-01-28,458414,495703,477799.333333333333,38130,0,0,179022.410714285714,21840.714285714286,50741,healthy
ATM_003,2023-01-29,420348,457564,439651.166666666667,38066,0,0,220462.500000000000,24209.428571428571,458414,healthy
ATM_003,2023-01-30,394787,419782,407824.166666666667,25561,0,0,259910.571428571429,25812.285714285714,420348,healthy
ATM_003,2023-01-31,369568,394275,382414.416666666667,25219,0,0,297780.607142857143,27380.714285714286,394787,healthy
ATM_003,2023-02-01,355501,369226,362620.291666666667,14067,0,0,334838.636904761905,27381.428571428571,369568,healthy
ATM_003,2023-02-02,341530,355177,348619.041666666667,13971,0,0,372690.160714285714,25770.285714285714,355501,healthy
ATM_003,2023-02-03,327309,341190,334524.458333333333,14221,0,0,393350.410714285714,24176.428571428571,341530,healthy
ATM_003,2023-02-04,306327,326822,316931.875000000000,20982,0,0,370369.345238095238,21726.714285714286,327309,healthy
ATM_003,2023-02-05,285079,305861,295888.208333333333,21248,0,0,349831.779761904762,19324.142857142857,306327,healthy
ATM_003,2023-02-06,271006,284771,278133.583333333333,14073,0,0,331304.553571428571,17683.000000000000,285079,healthy
ATM_003,2023-02-07,256941,270718,264104.833333333333,14065,0,0,314403.184523809524,16089.571428571429,271006,healthy
ATM_003,2023-02-08,242683,256615,249916.875000000000,14258,0,0,298302.696428571428,16116.857142857143,256941,healthy
ATM_003,2023-02-09,228495,242333,235662.125000000000,14188,0,0,282165.994047619047,16147.857142857143,242683,healthy
ATM_003,2023-02-10,214286,228191,221482.083333333333,14209,0,0,266017.083333333333,16146.142857142857,228495,healthy
ATM_003,2023-02-11,193102,213837,203868.916666666667,21184,0,0,249865.232142857143,16175.000000000000,214286,healthy
ATM_003,2023-02-12,171861,192626,182641.083333333333,21241,0,0,233687.071428571428,16174.000000000000,193102,healthy
ATM_003,2023-02-13,157534,171513,164797.666666666667,14327,0,0,217496.226190476190,16210.285714285714,171861,healthy
ATM_003,2023-02-14,143457,157198,150578.500000000000,14077,0,0,201278.178571428571,16212.000000000000,157534,healthy
ATM_003,2023-02-15,129445,143144,136580.583333333333,14012,0,0,185087.279761904762,16176.857142857143,143457,healthy
ATM_003,2023-02-16,115452,129138,122602.458333333333,13993,0,0,168935.898809523809,16149.000000000000,129445,healthy
ATM_003,2023-02-17,101342,115112,108518.250000000000,14110,0,0,152798.208333333333,16134.857142857143,115452,healthy
ATM_003,2023-02-18,80084,100875,90877.625000000000,21258,0,0,136656.595238095238,16145.428571428571,101342,low
ATM_003,2023-02-19,58991,79605,69677.666666666667,21093,0,0,120518.964285714286,16124.285714285714,80084,low
ATM_003,2023-02-20,50966,500000,239576.916666666667,14120,1,0,131201.714285714286,16094.714285714286,58991,low
ATM_003,2023-02-21,480814,494641,488005.333333333333,14137,0,0,179405.547619047619,16103.285714285714,50966,healthy
ATM_003,2023-02-22,466630,480510,473825.041666666667,14184,0,0,227583.327380952381,16127.857142857143,480814,healthy
ATM_003,2023-02-23,452388,466306,459586.916666666667,14242,0,0,275723.964285714286,16163.428571428571,466630,healthy
ATM_003,2023-02-24,438152,452054,445353.458333333333,14236,0,0,323843.279761904762,16181.428571428571,452388,healthy
ATM_003,2023-02-25,416837,437693,427692.333333333333,21315,0,0,371959.666666666667,16189.571428571429,438152,healthy
ATM_003,2023-02-26,378350,415942,397867.041666666667,38487,0,0,418843.863095238095,18674.428571428571,416837,healthy
ATM_003,2023-02-27,352901,377777,365821.416666666667,25449,0,0,436878.791666666667,20292.857142857143,378350,healthy
ATM_003,2023-02-28,327454,352326,340353.750000000000,25447,0,0,415785.708333333333,21908.571428571429,352901,healthy
ATM_003,2023-03-01,313186,327133,320414.666666666667,14268,0,0,393869.940476190476,21920.571428571429,327454,healthy
ATM_003,2023-03-02,298970,312873,306196.083333333333,14216,0,0,371956.964285714286,21916.857142857143,313186,healthy
ATM_003,2023-03-03,284869,298641,292003.833333333333,14101,0,0,350049.875000000000,21897.571428571429,298970,healthy
ATM_003,2023-03-04,263479,284394,274387.666666666667,21390,0,0,328149.208333333333,21908.285714285714,284869,healthy
ATM_003,2023-03-05,242312,262981,253040.083333333333,21167,0,0,307459.642857142857,19434.000000000000,263479,healthy
ATM_003,2023-03-06,228136,241998,235345.708333333333,14176,0,0,288820.255952380952,17823.571428571429,242312,healthy
ATM_003,2023-03-07,213996,227837,221222.291666666667,14140,0,0,271801.476190476190,16208.285714285714,228136,healthy
ATM_003,2023-03-08,199675,213701,206956.666666666667,14321,0,0,255593.190476190476,16215.857142857143,213996,healthy
ATM_003,2023-03-09,185462,199394,192716.333333333333,14213,0,0,239381.797619047619,16215.428571428571,199675,healthy
ATM_003,2023-03-10,171407,185139,178531.458333333333,14055,0,0,223171.458333333333,16208.857142857143,185462,healthy
ATM_003,2023-03-11,150137,170927,160927.208333333333,21270,0,0,206962.821428571428,16191.714285714286,171407,healthy
ATM_003,2023-03-12,128902,149665,139709.625000000000,21235,0,0,190772.755952380952,16201.428571428571,150137,healthy
ATM_003,2023-03-13,114846,128596,122010.375000000000,14056,0,0,174581.994047619048,16184.285714285714,128902,healthy
ATM_003,2023-03-14,100588,114515,107832.750000000000,14258,0,0,158383.488095238095,16201.142857142857,114846,healthy
ATM_003,2023-03-15,86336,100265,93525.666666666667,14252,0,0,142179.059523809524,16191.285714285714,100588,low
ATM_003,2023-03-16,72199,86038,79372.875000000000,14137,0,0,125987.136904761905,16180.428571428571,86336,low
ATM_003,2023-03-17,58104,71873,65278.333333333333,14095,0,0,109808.119047619048,16186.142857142857,72199,low
ATM_003,2023-03-18,50799,500000,291917.166666666667,20999,1,0,128520.970238095238,16147.428571428571,58104,low
ATM_003,2023-03-19,466426,487316,477286.541666666667,21388,0,0,176746.244047619048,16169.285714285714,50799,healthy
ATM_003,2023-03-20,452263,466107,459448.833333333333,14163,0,0,224951.738095238095,16184.571428571429,466426,healthy
ATM_003,2023-03-21,438176,451953,445330.416666666667,14087,0,0,273165.690476190476,16160.142857142857,452263,healthy
ATM_003,2023-03-22,423975,437882,431193.500000000000,14201,0,0,321403.952380952381,16152.857142857143,438176,healthy
ATM_003,2023-03-23,409868,423650,417061.750000000000,14107,0,0,369645.220238095238,16148.571428571429,423975,healthy
ATM_003,2023-03-24,395689,409529,402923.458333333333,14179,0,0,417880.238095238095,16160.571428571429,409868,healthy
ATM_003,2023-03-25,374403,395176,385221.000000000000,21286,0,0,431209.357142857143,16201.571428571429,395689,healthy
ATM_003,2023-03-26,336095,373547,355586.625000000000,38308,0,0,413823.654761904762,18618.714285714286,374403,healthy
ATM_003,2023-03-27,310763,335576,323688.291666666667,25332,0,0,394429.291666666667,20214.285714285714,336095,healthy
ATM_003,2023-03-28,285600,310226,298391.416666666667,25163,0,0,373438.005952380952,21796.571428571429,310763,healthy
ATM_003,2023-03-29,260518,285029,273243.083333333333,25082,0,0,350873.660714285714,23351.000000000000,285600,healthy
ATM_003,2023-03-30,235074,259979,248007.416666666667,25444,0,0,326723.041666666667,24970.571428571429,260518,healthy
ATM_003,2023-03-31,209513,234482,222507.791666666667,25561,0,0,300949.375000000000,26596.571428571429,235074,healthy
ATM_003,2023-04-01,188294,209060,199104.916666666667,21219,0,0,274361.363095238095,26587.000000000000,209513,healthy
ATM_003,2023-04-02,167099,187789,177861.750000000000,21195,0,0,248972.095238095238,24142.285714285714,188294,healthy
ATM_003,2023-04-03,153009,166794,160198.208333333333,14090,0,0,225616.369047619048,22536.285714285714,167099,healthy
ATM_003,2023-04-04,139026,152699,146131.333333333333,13983,0,0,203864.928571428571,20939.142857142857,153009,healthy
ATM_003,2023-04-05,125046,138675,132120.208333333333,13980,0,0,183704.517857142857,19353.142857142857,139026,healthy
ATM_003,2023-04-06,110867,124692,118060.291666666667,14179,0,0,165140.642857142857,17743.857142857143,125046,healthy
ATM_003,2023-04-07,96619,110576,103864.166666666667,14248,0,0,148191.553571428571,16127.714285714286,110867,low
ATM_003,2023-04-08,75367,96102,86136.333333333333,21252,0,0,132053.184523809524,16132.428571428571,96619,low
ATM_003,2023-04-09,54060,74864,64887.625000000000,21307,0,0,115914.023809523809,16148.428571428571,75367,low
ATM_003,2023-04-10,51069,500000,328269.125000000000,14243,1,0,139924.154761904762,16170.285714285714,54060,low
ATM_003,2023-04-11,475838,489565,482924.708333333333,14039,0,0,188037.494047619048,16178.285714285714,51069,healthy
ATM_003,2023-04-12,461726,475507,468917.833333333333,14112,0,0,236151.440476190476,16197.142857142857,475838,healthy
ATM_003,2023-04-13,447775,461426,454873.125000000000,13951,0,0,284267.559523809524,16164.571428571429,461726,healthy
ATM_003,2023-04-14,433654,447463,440845.125000000000,14121,0,0,332407.696428571428,16146.428571428571,447775,healthy
ATM_003,2023-04-15,412234,433184,423069.875000000000,21420,0,0,380541.059523809524,16170.428571428571,433654,healthy
ATM_003,2023-04-16,391086,411759,401868.125000000000,21148,0,0,428681.130952380952,16147.714285714286,412234,healthy
ATM_003,2023-04-17,376837,390770,384098.958333333333,14249,0,0,436656.821428571428,16148.571428571429,391086,healthy
ATM_003,2023-04-18,362586,376492,369801.583333333333,14251,0,0,420496.375000000000,16178.857142857143,376837,healthy
ATM_003,2023-04-19,348237,362255,355489.666666666667,14349,0,0,404292.351190476190,16212.714285714286,362586,healthy
ATM_003,2023-04-20,334249,347932,341333.666666666667,13988,0,0,388072.428571428571,16218.000000000000,348237,healthy
ATM_003,2023-04-21,320008,333933,327271.458333333333,14241,0,0,371847.619047619048,16235.142857142857,334249,healthy
ATM_003,2023-04-22,298680,319494,309502.625000000000,21328,0,0,355623.726190476190,16222.000000000000,320008,healthy
ATM_003,2023-04-23,277233,298185,288084.666666666667,21447,0,0,339368.946428571429,16264.714285714286,298680,healthy
ATM_003,2023-04-24,262958,276899,270208.791666666667,14275,0,0,323098.922619047619,16268.428571428571,277233,healthy
ATM_003,2023-04-25,248919,262611,255973.500000000000,14039,0,0,306837.767857142857,16238.142857142857,262958,healthy
ATM_003,2023-04-26,223087,248368,236164.041666666667,25832,0,0,289791.250000000000,17878.571428571429,248919,healthy
ATM_003,2023-04-27,197499,222526,210582.333333333333,25588,0,0,271112.488095238095,19535.714285714286,223087,healthy
ATM_003,2023-04-28,172148,196912,184991.166666666667,25351,0,0,250786.732142857143,21122.857142857143,197499,healthy
ATM_003,2023-04-29,133561,171263,153066.500000000000,38587,0,0,228438.714285714286,23588.428571428571,172148,healthy
ATM_003,2023-04-30,95246,132701,114741.083333333333,38315,0,0,203675.345238095238,25998.142857142857,133561,low
ATM_003,2023-05-01,81127,94918,88271.833333333333,14119,0,0,177684.351190476190,25975.857142857143,95246,low
ATM_003,2023-05-02,67020,80800,74200.541666666667,14107,0,0,151716.785714285714,25985.571428571429,81127,low
ATM_003,2023-05-03,52995,66691,60144.250000000000,14025,0,0,126571.101190476190,24298.857142857143,67020,low
ATM_003,2023-05-04,50112,500000,327852.625000000000,14238,1,0,143324.000000000000,22677.428571428571,52995,low
ATM_003,2023-05-05,475480,489402,482755.666666666667,14239,0,0,185861.785714285714,21090.000000000000,50112,healthy
ATM_003,2023-05-06,454317,474992,465083.250000000000,21163,0,0,230435.607142857143,18600.857142857143,475480,healthy
ATM_003,2023-05-07,432940,453828,443815.416666666667,21377,0,0,277446.226190476191,16181.142857142857,454317,healthy
ATM_003,2023-05-08,418792,432641,425994.958333333333,14148,0,0,325692.386904761905,16185.285714285714,432940,healthy
ATM_003,2023-05-09,404420,418467,411716.333333333333,14372,0,0,373908.928571428571,16223.142857142857,418792,healthy
ATM_003,2023-05-10,390352,404069,397459.708333333333,14068,0,0,422096.851190476190,16229.285714285714,404420,healthy
ATM_003,2023-05-11,376047,390018,383299.791666666667,14305,0,0,430017.875000000000,16238.857142857143,390352,healthy
ATM_003,2023-05-12,361704,375722,369027.208333333333,14343,0,0,413770.952380952381,16253.714285714286,376047,healthy
ATM_003,2023-05-13,340518,361227,351294.000000000000,21186,0,0,397515.345238095238,16257.000000000000,361704,healthy
ATM_003,2023-05-14,319598,340053,330260.583333333333,20920,0,0,381293.226190476190,16191.714285714286,340518,healthy
ATM_003,2023-05-15,305490,319303,312668.291666666667,14108,0,0,365103.702380952381,16186.000000000000,319598,healthy
ATM_003,2023-05-16,291506,305188,298622.750000000000,13984,0,0,348947.476190476190,16130.571428571429,305490,healthy
ATM_003,2023-05-17,277372,291187,284527.833333333333,14134,0,0,332814.351190476190,16140.000000000000,291506,healthy
ATM_003,2023-05-18,263183,277082,270393.375000000000,14189,0,0,316684.863095238095,16123.428571428571,277372,healthy
ATM_003,2023-05-19,249080,262841,256201.625000000000,14103,0,0,300566.922619047619,16089.142857142857,263183,healthy
ATM_003,2023-05-20,227560,248619,238504.000000000000,21520,0,0,284454.065476190476,16136.857142857143,249080,healthy
ATM_003,2023-05-21,206400,227085,217138.041666666667,21160,0,0,268293.702380952381,16171.142857142857,227560,healthy
ATM_003,2023-05-22,192157,206085,199392.708333333333,14243,0,0,252111.476190476190,16190.428571428571,206400,healthy
ATM_003,2023-05-23,177741,191810,185095.708333333333,14416,0,0,235893.327380952381,16252.142857142857,192157,healthy
ATM_003,2023-05-24,163646,177392,170810.000000000000,14095,0,0,219647.922619047619,16246.571428571429,177741,healthy
ATM_003,2023-05-25,149585,163325,156744.875000000000,14061,0,0,203412.422619047619,16228.285714285714,163646,healthy
ATM_003,2023-05-26,123975,149015,136973.583333333333,25610,0,0,186379.845238095238,17872.142857142857,149585,healthy
ATM_003,2023-05-27,85735,123139,105164.333333333333,38240,0,0,167331.321428571428,20260.714285714286,123975,low
ATM_003,2023-05-28,50440,500000,141681.291666666667,38742,1,0,156551.785714285714,22772.428571428571,85735,low
ATM_003,2023-05-29,471825,496793,484792.916666666667,25558,0,0,197323.244047619048,24388.857142857143,50440,healthy
ATM_003,2023-05-30,446504,471265,459370.541666666667,25321,0,0,236505.363095238095,25946.714285714286,471825,healthy
ATM_003,2023-05-31,420881,445884,433878.875000000000,25623,0,0,274086.630952380952,27593.571428571429,446504,healthy
ATM_003,2023-06-01,406806,420558,413932.375000000000,14075,0,0,310827.702380952381,27595.571428571429,420881,healthy
ATM_003,2023-06-02,392759,406533,399869.791666666667,14047,0,0,348384.303571428572,25943.714285714286,406806,healthy
ATM_003,2023-06-03,371515,392229,382317.416666666667,21244,0,0,387977.601190476191,23515.714285714286,392759,healthy
ATM_003,2023-06-04,350206,371068,361069.041666666667,21309,0,0,419318.708333333334,21025.285714285714,371515,healthy
ATM_003,2023-06-05,336189,349913,343371.791666666667,14017,0,0,399115.690476190476,19376.571428571429,350206,healthy
ATM_003,2023-06-06,322125,335870,329232.416666666667,14064,0,0,380524.529761904762,17768.428571428571,336189,healthy
ATM_003,2023-06-07,308053,321803,315175.708333333333,14072,0,0,363566.934523809524,16118.285714285714,322125,healthy
ATM_003,2023-06-08,294066,307773,301211.375000000000,13987,0,0,347463.934523809524,16105.714285714286,308053,healthy
ATM_003,2023-06-09,279881,293765,287143.666666666667,14185,0,0,331360.202380952381,16125.428571428571,294066,healthy
ATM_003,2023-06-10,258699,279368,269447.750000000000,21182,0,0,315235.964285714286,16116.571428571429,279881,healthy
ATM_003,2023-06-11,237513,258215,248267.583333333333,21186,0,0,299121.470238095238,16099.000000000000,258699,healthy
ATM_003,2023-06-12,223325,237185,230526.958333333333,14188,0,0,283000.779761904762,16123.428571428571,237513,healthy
ATM_003,2023-06-13,209225,223015,216403.208333333333,14100,0,0,266882.321428571428,16128.571428571429,223325,healthy
ATM_003,2023-06-14,194843,208879,202168.333333333333,14382,0,0,250738.410714285714,16172.857142857143,209225,healthy
ATM_003,2023-06-15,180899,194502,187927.375000000000,13944,0,0,234554.982142857143,16166.714285714286,194843,healthy
ATM_003,2023-06-16,166765,180588,173945.500000000000,14134,0,0,218383.815476190476,16159.428571428571,180899,healthy
ATM_003,2023-06-17,145584,166299,156381.041666666667,21181,0,0,202231.428571428571,16159.285714285714,166765,healthy
ATM_003,2023-06-18,124293,145080,135148.541666666667,21291,0,0,186071.565476190476,16174.285714285714,145584,healthy
ATM_003,2023-06-19,110117,123972,117301.000000000000,14176,0,0,169896.428571428571,16172.571428571429,124293,healthy
ATM_003,2023-06-20,95970,109809,103175.750000000000,14147,0,0,153721.077380952381,16179.285714285714,110117,low
ATM_003,2023-06-21,81781,95690,89064.375000000000,14189,0,0,137563.369047619048,16151.714285714286,95970,low
ATM_003,2023-06-22,67677,81440,74844.291666666667,14104,0,0,121408.642857142857,16174.571428571429,81781,low
ATM_003,2023-06-23,53696,67354,60811.333333333333,13981,0,0,105246.619047619048,16152.714285714286,67677,low
ATM_003,2023-06-24,50230,500000,361939.291666666667,21694,1,0,134612.083333333333,16226.000000000000,53696,low
ATM_003,2023-06-25,461060,481789,471835.791666666667,21213,0,0,182710.261904761905,16214.857142857143,50230,healthy
ATM_003,2023-06-26,435702,460510,448660.125000000000,25358,0,0,230047.279761904762,17812.285714285714,461060,healthy
ATM_003,2023-06-27,410255,435129,423230.458333333333,25447,0,0,275769.380952380952,19426.571428571429,435702,healthy
ATM_003,2023-06-28,384558,409654,397612.708333333333,25697,0,0,319847.714285714286,21070.571428571429,410255,healthy
ATM_003,2023-06-29,359267,383941,372128.291666666667,25291,0,0,362316.857142857143,22668.714285714286,384558,healthy
ATM_003,2023-06-30,333915,358699,346825.000000000000,25352,0,0,403175.952380952381,24293.142857142857,359267,healthy
ATM_003,2023-07-01,312724,333447,323489.791666666667,21191,0,0,397683.166666666667,24221.285714285714,333915,healthy
ATM_003,2023-07-02,291484,312249,302268.833333333333,21240,0,0,373459.315476190476,24225.142857142857,312724,healthy
ATM_003,2023-07-03,277421,291159,284555.958333333333,14063,0,0,350015.863095238095,22611.571428571429,291484,healthy
ATM_003,2023-07-04,263104,277076,270373.708333333333,14317,0,0,328179.184523809524,21021.571428571429,277421,healthy
ATM_003,2023-07-05,248879,262767,256064.250000000000,14225,0,0,307957.976190476190,19382.714285714286,263104,healthy
ATM_003,2023-07-06,234701,248541,241924.625000000000,14178,0,0,289357.452380952381,17795.142857142857,248879,healthy
ATM_003,2023-07-07,220487,234366,227679.916666666667,14214,0,0,272336.726190476190,16204.000000000000,234701,healthy
ATM_003,2023-07-08,199410,219974,210099.166666666667,21077,0,0,256138.065476190476,16187.714285714286,220487,healthy
ATM_003,2023-07-09,178042,198882,188868.125000000000,21368,0,0,239937.964285714286,16206.000000000000,199410,healthy
ATM_003,2023-07-10,163977,177708,171097.458333333333,14065,0,0,223729.607142857143,16206.285714285714,178042,healthy
ATM_003,2023-07-11,149891,163646,157057.625000000000,14086,0,0,207541.595238095238,16173.285714285714,163977,healthy
ATM_003,2023-07-12,135647,149555,142936.375000000000,14244,0,0,191380.470238095238,16176.000000000000,149891,healthy
ATM_003,2023-07-13,121480,135320,128707.000000000000,14167,0,0,175206.523809523810,16174.428571428571,135647,healthy
ATM_003,2023-07-14,107126,121156,114395.041666666667,14354,0,0,159022.970238095238,16194.428571428571,121480,healthy
ATM_003,2023-07-15,86015,106669,96731.958333333333,21111,0,0,142827.654761904762,16199.285714285714,107126,low
ATM_003,2023-07-16,64647,85502,75496.916666666667,21368,0,0,126631.767857142857,16199.285714285714,86015,low
ATM_003,2023-07-17,50425,64334,57625.916666666667,14222,0,0,110421.547619047619,16221.714285714286,64647,low
ATM_003,2023-07-18,50098,500000,474947.333333333333,14087,1,0,155834.363095238095,16221.857142857143,50425,low
ATM_003,2023-07-19,472508,486236,479638.166666666667,14051,0,0,203934.619047619048,16194.285714285714,50098,healthy
ATM_003,2023-07-20,458387,472191,465611.375000000000,14121,0,0,252063.815476190476,16187.714285714286,472508,healthy
ATM_003,2023-07-21,444129,458096,451408.750000000000,14258,0,0,300208.630952380952,16174.000000000000,458387,healthy
ATM_003,2023-07-22,422719,443612,433569.041666666667,21410,0,0,348328.214285714286,16216.714285714286,444129,healthy
ATM_003,2023-07-23,401596,422245,412311.833333333333,21123,0,0,396444.630952380952,16181.714285714286,422719,healthy
ATM_003,2023-07-24,387427,401268,394551.666666666667,14169,0,0,444576.880952380952,16174.142857142857,401596,healthy
ATM_003,2023-07-25,373215,387117,380454.291666666667,14212,0,0,431077.875000000000,16192.000000000000,387427,healthy
ATM_003,2023-07-26,347707,372645,360704.833333333333,25508,0,0,414087.398809523810,17828.714285714286,373215,healthy
ATM_003,2023-07-27,322503,347121,335254.041666666667,25204,0,0,395464.922619047619,19412.000000000000,347707,healthy
ATM_003,2023-07-28,297066,321983,310009.875000000000,25437,0,0,375265.083333333333,21009.000000000000,322503,healthy
ATM_003,2023-07-29,258751,296189,278245.291666666667,38315,0,0,353075.976190476191,23424.000000000000,297066,healthy
ATM_003,2023-07-30,220563,257850,239895.583333333333,38188,0,0,328445.083333333333,25861.857142857143,258751,healthy
ATM_003,2023-07-31,195095,219994,207998.250000000000,25468,0,0,301794.595238095238,27476.000000000000,220563,healthy
ATM_003,2023-08-01,180908,194773,188099.041666666667,14187,0,0,274315.273809523810,27472.428571428571,195095,healthy
ATM_003,2023-08-02,166840,180580,173984.625000000000,14068,0,0,247640.958333333333,25838.142857142857,180908,healthy
ATM_003,2023-08-03,152722,166536,159936.583333333333,14118,0,0,222595.607142857143,24254.428571428571,166840,healthy
ATM_003,2023-08-04,138640,152394,145755.666666666667,14082,0,0,199130.720238095238,22632.285714285714,152722,healthy
ATM_003,2023-08-05,117130,138136,128048.333333333333,21510,0,0,177674.011904761905,20231.571428571429,138640,healthy
ATM_003,2023-08-06,95939,116654,106699.041666666667,21191,0,0,158645.934523809524,17803.428571428571,117130,low
ATM_003,2023-08-07,81858,95637,88986.541666666667,14081,0,0,141644.261904761905,16176.714285714286,95939,low
ATM_003,2023-08-08,67506,81551,74781.708333333333,14352,0,0,125456.071428571429,16200.285714285714,81858,low
ATM_003,2023-08-09,53450,67199,60603.166666666667,14056,0,0,109258.720238095238,16198.571428571429,67506,low
ATM_003,2023-08-10,50596,500000,328025.125000000000,14161,1,0,133271.369047619048,16204.714285714286,53450,low
ATM_003,2023-08-11,475669,489385,482798.000000000000,14045,0,0,181420.273809523810,16199.428571428571,50596,healthy
ATM_003,2023-08-12,454452,475197,465246.166666666667,21217,0,0,229591.392857142857,16157.571428571429,475669,healthy
ATM_003,2023-08-13,433425,453953,444043.791666666667,21027,0,0,277783.500000000000,16134.142857142857,454452,healthy
ATM_003,2023-08-14,419314,433101,426500.208333333333,14111,0,0,325999.738095238095,16138.428571428571,433425,healthy
ATM_003,2023-08-15,405084,419021,412326.208333333333,14230,0,0,374220.380952380952,16121.000000000000,419314,healthy
ATM_003,2023-08-16,390986,404764,398151.000000000000,14098,0,0,422441.500000000000,16127.000000000000,405084,healthy
ATM_003,2023-08-17,376857,390695,384074.916666666667,14129,0,0,430448.613095238095,16122.428571428571,390986,healthy
ATM_003,2023-08-18,362575,376507,369854.333333333333,14282,0,0,414313.803571428571,16156.285714285714,376857,healthy
ATM_003,2023-08-19,341212,362092,352066.833333333333,21363,0,0,398145.327380952381,16177.142857142857,362575,healthy
ATM_003,2023-08-20,319920,340704,330698.083333333333,21292,0,0,381953.083333333333,16215.000000000000,341212,healthy
ATM_003,2023-08-21,305644,319623,312896.500000000000,14276,0,0,365723.982142857143,16238.571428571429,319920,healthy
ATM_003,2023-08-22,291626,305338,298750.500000000000,14018,0,0,349498.880952380952,16208.285714285714,305644,healthy
ATM_003,2023-08-23,277552,291288,284642.375000000000,14074,0,0,333283.363095238095,16204.857142857143,291626,healthy
ATM_003,2023-08-24,263443,277248,270664.250000000000,14109,0,0,317081.839285714286,16202.000000000000,277552,healthy
ATM_003,2023-08-25,249305,263140,256494.208333333333,14138,0,0,300887.535714285714,16181.428571428571,263443,healthy
ATM_003,2023-08-26,211030,248460,230474.541666666667,38275,0,0,283517.208333333333,18597.428571428571,249305,healthy
ATM_003,2023-08-27,172304,210184,191969.916666666667,38726,0,0,263698.898809523810,21088.000000000000,211030,healthy
ATM_003,2023-08-28,146708,171715,159744.041666666667,25596,0,0,241819.976190476191,22705.142857142857,172304,healthy
ATM_003,2023-08-29,121222,146101,134154.166666666667,25486,0,0,218306.214285714286,24343.428571428571,146708,healthy
ATM_003,2023-08-30,95890,120630,108768.625000000000,25332,0,0,193181.392857142857,25951.714285714286,121222,low
ATM_003,2023-08-31,70129,95343,83278.000000000000,25761,0,0,166411.928571428572,27616.285714285714,95890,low
ATM_003,2023-09-01,55877,69814,63097.791666666667,14252,0,0,138783.869047619048,27632.571428571429,70129,low
ATM_003,2023-09-02,50002,500000,308851.625000000000,21192,1,0,149980.595238095238,25192.142857142857,55877,low
ATM_003,2023-09-03,465099,485806,475892.333333333333,21159,0,0,190540.940476190476,22682.571428571429,50002,healthy
ATM_003,2023-09-04,450988,464776,458137.791666666667,14111,0,0,233168.619047619048,21041.857142857143,465099,healthy
ATM_003,2023-09-05,437021,450710,444112.541666666667,13967,0,0,277448.386904761905,19396.285714285714,450988,healthy
ATM_003,2023-09-06,422860,436705,430062.500000000000,14161,0,0,323347.511904761905,17800.428571428571,437021,healthy
ATM_003,2023-09-07,408823,422510,415926.916666666667,14037,0,0,370868.785714285714,16125.571428571429,422860,healthy
ATM_003,2023-09-08,394714,408510,401911.875000000000,14109,0,0,419270.797619047619,16105.142857142857,408823,healthy
ATM_003,2023-09-09,373382,394235,384166.416666666667,21332,0,0,430030.053571428572,16125.142857142857,394714,healthy
ATM_003,2023-09-10,351995,372890,362886.875000000000,21387,0,0,413886.416666666667,16157.714285714286,373382,healthy
ATM_003,2023-09-11,337824,351662,345026.916666666667,14171,0,0,397727.720238095238,16166.285714285714,351995,healthy
ATM_003,2023-09-12,323676,337521,330877.041666666667,14148,0,0,381551.220238095238,16192.142857142857,337824,healthy
ATM_003,2023-09-13,309419,323369,316709.000000000000,14257,0,0,365357.863095238095,16205.857142857143,323676,healthy
ATM_003,2023-09-14,295452,309098,302494.750000000000,13967,0,0,349153.267857142857,16195.857142857143,309419,healthy
ATM_003,2023-09-15,281081,295132,288353.666666666667,14371,0,0,332930.666666666667,16233.285714285714,295452,healthy
ATM_003,2023-09-16,259871,280606,270596.208333333333,21210,0,0,316706.351190476191,16215.857142857143,281081,healthy
ATM_003,2023-09-17,238426,259407,249313.208333333333,21445,0,0,300481.541666666667,16224.142857142857,259871,healthy
ATM_003,2023-09-18,224353,238074,231448.041666666667,14073,0,0,284255.988095238095,16210.142857142857,238426,healthy
ATM_003,2023-09-19,210289,224060,217457.750000000000,14064,0,0,268053.232142857143,16198.142857142857,224353,healthy
ATM_003,2023-09-20,196236,209963,203374.000000000000,14053,0,0,251862.517857142857,16169.000000000000,210289,healthy
ATM_003,2023-09-21,182146,195950,189336.375000000000,14090,0,0,235697.035714285714,16186.571428571429,196236,healthy
ATM_003,2023-09-22,167961,181819,175158.416666666667,14185,0,0,219526.285714285714,16160.000000000000,182146,healthy
ATM_003,2023-09-23,146858,167506,157573.750000000000,21103,0,0,203380.220238095238,16144.714285714286,167961,healthy
ATM_003,2023-09-24,125748,146371,136437.500000000000,21110,0,0,187255.119047619048,16096.857142857143,146858,healthy
ATM_003,2023-09-25,111449,125435,118750.916666666667,14299,0,0,171155.529761904762,16129.142857142857,125748,healthy
ATM_003,2023-09-26,85871,110889,98841.666666666667,25578,0,0,154210.375000000000,17774.000000000000,111449,low
ATM_003,2023-09-27,60280,85299,73276.083333333333,25591,0,0,135624.958333333333,19422.285714285714,85871,low
ATM_003,2023-09-28,51337,500000,291790.750000000000,25428,1,0,150261.297619047619,21042.000000000000,60280,low
ATM_003,2023-09-29,459703,484807,472799.250000000000,25682,0,0,192781.416666666667,22684.428571428571,51337,healthy
ATM_003,2023-09-30,421484,458880,440951.541666666667,38219,0,0,233263.958333333333,25129.571428571429,459703,healthy
ATM_003,2023-10-01,400333,421007,411092.000000000000,21151,0,0,272500.315476190476,25135.428571428571,421484,healthy
ATM_003,2023-10-02,386117,399976,393354.833333333333,14216,0,0,311729.446428571429,25123.571428571429,400333,healthy
ATM_003,2023-10-03,371992,385800,379206.416666666667,14125,0,0,351781.553571428571,23487.428571428571,386117,healthy
ATM_003,2023-10-04,357995,371659,365083.750000000000,13997,0,0,393468.363095238095,21831.142857142857,371992,healthy
ATM_003,2023-10-05,343621,357659,350862.083333333333,14374,0,0,401907.125000000000,20252.000000000000,357995,healthy
ATM_003,2023-10-06,329506,343303,336700.791666666667,14115,0,0,382464.488095238095,18599.571428571429,343621,healthy
ATM_003,2023-10-07,308347,329044,319099.375000000000,21159,0,0,365057.035714285714,16162.428571428571,329506,healthy
ATM_003,2023-10-08,286900,307843,297735.041666666667,21447,0,0,348863.184523809524,16204.714285714286,308347,healthy
ATM_003,2023-10-09,272759,286594,279927.583333333333,14141,0,0,332659.291666666667,16194.000000000000,286900,healthy
ATM_003,2023-10-10,258555,272458,265795.500000000000,14204,0,0,316457.732142857143,16205.285714285714,272759,healthy
ATM_003,2023-10-11,244235,258244,251500.833333333333,14320,0,0,300231.601190476190,16251.428571428571,258555,healthy
ATM_003,2023-10-12,230138,243907,237322.291666666667,14097,0,0,284011.630952380952,16211.857142857143,244235,healthy
ATM_003,2023-10-13,215997,229837,223146.750000000000,14141,0,0,267789.625000000000,16215.571428571429,230138,healthy
ATM_003,2023-10-14,194855,215518,205625.916666666667,21142,0,0,251579.130952380952,16213.142857142857,215997,healthy
ATM_003,2023-10-15,173499,194348,184362.958333333333,21356,0,0,235383.119047619048,16200.142857142857,194855,healthy
ATM_003,2023-10-16,159317,173182,166516.416666666667,14182,0,0,219181.523809523810,16206.000000000000,173499,healthy
ATM_003,2023-10-17,145304,159016,152482.583333333333,14013,0,0,202993.964285714286,16178.714285714286,159317,healthy
ATM_003,2023-10-18,131078,145000,138284.833333333333,14226,0,0,186820.250000000000,16165.285714285714,145304,healthy
ATM_003,2023-10-19,116955,130753,124169.250000000000,14123,0,0,170655.529761904762,16169.000000000000,131078,healthy
ATM_003,2023-10-20,102931,116649,110021.458333333333,14024,0,0,154494.773809523809,16152.285714285714,116955,healthy
ATM_003,2023-10-21,81545,102457,92355.916666666667,21386,0,0,138313.345238095238,16187.142857142857,102931,low
ATM_003,2023-10-22,60244,81085,71032.708333333333,21301,0,0,122123.309523809524,16179.285714285714,81545,low
ATM_003,2023-10-23,50115,500000,203637.750000000000,14056,1,0,127426.357142857143,16161.285714285714,60244,low
ATM_003,2023-10-24,482991,496775,490159.333333333333,14098,0,0,175665.892857142857,16173.428571428571,50115,healthy
ATM_003,2023-10-25,468595,482676,475926.208333333333,14396,0,0,223900.375000000000,16197.714285714286,482991,healthy
ATM_003,2023-10-26,442997,468024,456006.208333333333,25598,0,0,271305.654761904762,17837.000000000000,468595,healthy
ATM_003,2023-10-27,417573,442448,430496.875000000000,25424,0,0,317087.857142857143,19465.571428571429,442997,healthy
ATM_003,2023-10-28,379304,416718,398769.333333333333,38269,0,0,360861.202380952381,21877.428571428571,417573,healthy
ATM_003,2023-10-29,341195,378440,360593.958333333333,38109,0,0,402227.095238095238,24278.571428571429,379304,healthy
ATM_003,2023-10-30,315756,340632,328731.875000000000,25439,0,0,420097.684523809524,25904.714285714286,341195,healthy
ATM_003,2023-10-31,289847,315167,302996.708333333333,25909,0,0,393360.166666666666,27592.000000000000,315756,healthy
ATM_003,2023-11-01,275730,289518,282912.708333333333,14117,0,0,365786.809523809524,27552.142857142857,289847,healthy
ATM_003,2023-11-02,261611,275403,268773.500000000000,14119,0,0,339039.279761904762,25912.285714285714,275730,healthy
ATM_003,2023-11-03,247345,261299,254558.291666666667,14266,0,0,313905.196428571428,24318.285714285714,261611,healthy
ATM_003,2023-11-04,226335,246893,236985.500000000000,21010,0,0,290793.220238095238,21852.714285714286,247345,healthy
ATM_003,2023-11-05,205168,225809,215954.458333333333,21167,0,0,270130.434523809524,19432.428571428571,226335,healthy
ATM_003,2023-11-06,190858,204843,198093.416666666667,14310,0,0,251467.797619047619,17842.571428571429,205168,healthy
ATM_003,2023-11-07,176875,190556,183969.625000000000,13983,0,0,234463.928571428571,16138.857142857143,190858,healthy
ATM_003,2023-11-08,162820,176554,169939.625000000000,14055,0,0,218324.916666666667,16130.000000000000,176875,healthy
ATM_003,2023-11-09,148684,162516,155851.625000000000,14136,0,0,202193.220238095238,16132.428571428571,162820,healthy
ATM_003,2023-11-10,134587,148341,141717.625000000000,14097,0,0,186073.125000000000,16108.285714285714,148684,healthy
ATM_003,2023-11-11,113489,134122,124176.791666666667,21098,0,0,169957.595238095238,16120.857142857143,134587,healthy
ATM_003,2023-11-12,92243,113018,103005.041666666667,21246,0,0,153821.964285714286,16132.142857142857,113489,low
ATM_003,2023-11-13,78182,91894,85329.458333333333,14061,0,0,137712.827380952381,16096.571428571429,92243,low
ATM_003,2023-11-14,63803,77843,71139.708333333333,14379,0,0,121594.267857142857,16153.142857142857,78182,low
ATM_003,2023-11-15,50103,500000,75610.083333333333,14042,1,0,108118.619047619048,16151.285714285714,63803,low
ATM_003,2023-11-16,485772,499708,493008.583333333333,14228,0,0,156283.898809523809,16164.428571428571,50103,healthy
ATM_003,2023-11-17,471721,485457,478898.041666666667,14051,0,0,204452.529761904762,16157.857142857143,485772,healthy
ATM_003,2023-11-18,450358,471207,461229.833333333333,21363,0,0,252602.964285714286,16195.714285714286,471721,healthy
ATM_003,2023-11-19,429007,449901,439881.416666666667,21351,0,0,300728.160714285714,16210.714285714286,450358,healthy
ATM_003,2023-11-20,414672,428717,421946.416666666667,14335,0,0,348816.297619047619,16249.857142857143,429007,healthy
ATM_003,2023-11-21,400505,414383,407680.541666666667,14167,0,0,396893.559523809524,16219.571428571429,414672,healthy
ATM_003,2023-11-22,386381,400200,393581.333333333333,14124,0,0,442318.023809523810,16231.285714285714,400505,healthy
ATM_003,2023-11-23,372180,386048,379438.625000000000,14201,0,0,426093.744047619048,16227.428571428571,386381,healthy
ATM_003,2023-11-24,358062,371859,365177.708333333333,14118,0,0,409847.982142857143,16237.000000000000,372180,healthy
ATM_003,2023-11-25,336998,357581,347686.083333333333,21064,0,0,393627.446428571429,16194.285714285714,358062,healthy
ATM_003,2023-11-26,298531,336188,318069.958333333333,38467,0,0,376225.809523809524,18639.428571428571,336998,healthy
ATM_003,2023-11-27,273244,297950,286075.875000000000,25287,0,0,356815.732142857143,20204.000000000000,298531,healthy
ATM_003,2023-11-28,247861,272661,260705.708333333333,25383,0,0,335819.327380952381,21806.285714285714,273244,healthy
ATM_003,2023-11-29,222236,247286,235248.708333333333,25625,0,0,313200.380952380952,23449.285714285714,247861,healthy
ATM_003,2023-11-30,196817,221678,209759.791666666667,25419,0,0,288960.547619047619,25051.857142857143,222236,healthy
ATM_003,2023-12-01,182689,196485,189885.166666666667,14128,0,0,263918.755952380952,25053.285714285714,196817,healthy
ATM_003,2023-12-02,161483,182230,172194.958333333333,21206,0,0,238848.595238095238,25073.571428571429,182689,healthy
ATM_003,2023-12-03,140392,161011,151113.458333333333,21091,0,0,214997.666666666667,22591.285714285714,161483,healthy
ATM_003,2023-12-04,126267,140105,133487.500000000000,14125,0,0,193199.327380952381,20996.714285714286,140392,healthy
ATM_003,2023-12-05,112315,125931,119393.541666666667,13952,0,0,173011.875000000000,19363.714285714286,126267,healthy
ATM_003,2023-12-06,98199,112009,105347.041666666667,14116,0,0,154454.494047619048,17719.571428571429,112315,low
ATM_003,2023-12-07,83959,97871,91175.625000000000,14240,0,0,137513.898809523810,16122.571428571429,98199,low
ATM_003,2023-12-08,69880,83613,77027.708333333333,14079,0,0,121391.404761904762,16115.571428571429,83959,low
ATM_003,2023-12-09,50094,500000,115739.791666666667,21306,1,0,113326.380952380952,16129.857142857143,69880,low
ATM_003,2023-12-10,477473,498486,488389.708333333333,21489,0,0,161508.702380952381,16186.714285714286,50094,healthy
ATM_003,2023-12-11,463210,477157,470392.041666666667,14263,0,0,209637.922619047619,16206.428571428571,477473,healthy
ATM_003,2023-12-12,449054,462895,456285.500000000000,14156,0,0,257765.345238095238,16235.571428571429,463210,healthy
ATM_003,2023-12-13,435028,448754,442144.625000000000,14026,0,0,305879.285714285714,16222.714285714286,449054,healthy
ATM_003,2023-12-14,420716,434704,427983.708333333333,14312,0,0,353994.726190476190,16233.000000000000,435028,healthy
ATM_003,2023-12-15,406464,420409,413703.083333333333,14252,0,0,402091.208333333333,16257.714285714286,420716,healthy
ATM_003,2023-12-16,385524,406012,396195.916666666667,20940,0,0,442156.369047619048,16205.428571428571,406464,healthy
ATM_003,2023-12-17,364016,385046,374958.125000000000,21508,0,0,425951.857142857143,16208.142857142857,385524,healthy
ATM_003,2023-12-18,349791,363655,356995.500000000000,14225,0,0,409752.351190476190,16202.714285714286,364016,healthy
ATM_003,2023-12-19,335659,349491,342831.750000000000,14132,0,0,393544.672619047619,16199.285714285714,349791,healthy
ATM_003,2023-12-20,321597,335345,328730.000000000000,14062,0,0,377342.583333333333,16204.428571428571,335659,healthy
ATM_003,2023-12-21,307447,321276,314645.083333333333,14150,0,0,361151.351190476190,16181.285714285714,321597,healthy
ATM_003,2023-12-22,293517,307141,300570.958333333333,13930,0,0,344989.619047619048,16135.285714285714,307447,healthy
ATM_003,2023-12-23,272010,293052,282928.791666666667,21507,0,0,328808.601190476190,16216.285714285714,293517,healthy
ATM_003,2023-12-24,250875,271494,261547.791666666667,21135,0,0,312607.125000000000,16163.000000000000,272010,healthy
ATM_003,2023-12-25,236654,250581,243890.666666666667,14221,0,0,296449.291666666667,16162.428571428571,250875,healthy
ATM_003,2023-12-26,211196,236098,224116.000000000000,25458,0,0,279489.898809523810,17780.428571428571,236654,healthy
ATM_003,2023-12-27,185397,210596,198424.416666666667,25799,0,0,260874.815476190476,19457.142857142857,211196,healthy
ATM_003,2023-12-28,159952,184814,172875.791666666667,25445,0,0,240622.059523809524,21070.714285714286,185397,healthy
ATM_003,2023-12-29,134636,159345,147483.750000000000,25316,0,0,218752.458333333334,22697.285714285714,159952,healthy
ATM_003,2023-12-30,96688,133782,116031.875000000000,37948,0,0,194910.041666666667,25046.000000000000,134636,low
ATM_003,2023-12-31,95869,95869,95869.000000000000,819,0,0,171241.642857142857,22143.714285714286,96688,low
ATM_004,2023-01-01,478763,499504,489549.791666666667,21237,0,0,489549.791666666667,21237.000000000000,,healthy
ATM_004,2023-01-02,464604,478454,471796.958333333333,14159,0,0,480673.375000000000,17698.000000000000,478763,healthy
ATM_004,2023-01-03,450505,464306,457651.833333333333,14099,0,0,472999.527777777778,16498.333333333333,464604,healthy
ATM_004,2023-01-04,436373,450185,443518.416666666667,14132,0,0,465629.250000000000,15906.750000000000,450505,healthy
ATM_004,2023-01-05,422318,436050,429428.000000000000,14055,0,0,458389.000000000000,15536.400000000000,436373,healthy
ATM_004,2023-01-06,408196,422009,415411.125000000000,14122,0,0,451226.020833333333,15300.666666666667,422318,healthy
ATM_004,2023-01-07,387100,407710,397837.166666666667,21096,0,0,443599.041666666667,16128.571428571429,408196,healthy
ATM_004,2023-01-08,365517,386591,376529.250000000000,21583,0,0,427453.250000000000,16178.000000000000,387100,healthy
ATM_004,2023-01-09,351586,365209,358680.416666666667,13931,0,0,411293.744047619048,16145.428571428571,365517,healthy
ATM_004,2023-01-10,337302,351263,344532.416666666667,14284,0,0,395133.827380952381,16171.857142857143,351586,healthy
ATM_004,2023-01-11,323392,337000,330427.041666666667,13910,0,0,378977.916666666667,16140.142857142857,337302,healthy
ATM_004,2023-01-12,309290,323106,316505.625000000000,14102,0,0,362846.148809523810,16146.857142857143,323392,healthy
ATM_004,2023-01-13,295231,308959,302371.875000000000,14059,0,0,346697.684523809524,16137.857142857143,309290,healthy
ATM_004,2023-01-14,273986,294768,284793.791666666667,21245,0,0,330548.630952380953,16159.142857142857,295231,healthy
ATM_004,2023-01-15,252571,273552,263456.791666666667,21415,0,0,314395.422619047619,16135.142857142857,273986,healthy
ATM_004,2023-01-16,238305,252248,245509.708333333333,14266,0,0,298228.178571428572,16183.000000000000,252571,healthy
ATM_004,2023-01-17,224309,237988,231404.750000000000,13996,0,0,282067.083333333333,16141.857142857143,238305,healthy
ATM_004,2023-01-18,209760,223996,217133.541666666667,14549,0,0,265882.297619047619,16233.142857142857,224309,healthy
ATM_004,2023-01-19,195442,209475,202730.250000000000,14318,0,0,249628.672619047619,16264.000000000000,209760,healthy
ATM_004,2023-01-20,181292,195121,188464.041666666667,14150,0,0,233356.125000000000,16277.000000000000,195442,healthy
ATM_004,2023-01-21,159604,180824,170648.000000000000,21688,0,0,217049.583333333333,16340.285714285714,181292,healthy
ATM_004,2023-01-22,138485,159132,149179.500000000000,21119,0,0,200724.255952380952,16298.000000000000,159604,healthy
ATM_004,2023-01-23,124364,138110,131522.208333333333,14121,0,0,184440.327380952381,16277.285714285714,138485,healthy
ATM_004,2023-01-24,110249,124067,117437.208333333333,14115,0,0,168159.250000000000,16294.285714285714,124364,healthy
ATM_004,2023-01-25,96020,109908,103243.958333333333,14229,0,0,151889.309523809524,16248.571428571429,110249,low
ATM_004,2023-01-26,70259,95426,83392.958333333333,25761,0,0,134841.125000000000,17883.285714285714,96020,low
ATM_004,2023-01-27,51849,500000,207625.333333333333,25506,1,0,137578.452380952381,19505.571428571429,70259,low
ATM_004,2023-01-28,456513,493877,475941.333333333333,38244,0,0,181191.785714285714,21870.714285714286,51849,healthy
ATM_004,2023-01-29,418647,455661,437851.250000000000,37866,0,0,222430.607142857143,24263.142857142857,456513,healthy
ATM_004,2023-01-30,392999,418052,406028.625000000000,25648,0,0,261645.809523809524,25909.857142857143,418647,healthy
ATM_004,2023-01-31,367184,392447,380334.291666666667,25815,0,0,299202.535714285714,27581.285714285714,392999,healthy
ATM_004,2023-02-01,352932,366845,360209.750000000000,14252,0,0,335911.934523809524,27584.571428571429,367184,healthy
ATM_004,2023-02-02,338826,352577,345941.958333333333,14106,0,0,373418.934523809524,25919.571428571429,352932,healthy
ATM_004,2023-02-03,324719,338486,331888.708333333333,14107,0,0,391170.845238095238,24291.142857142857,338826,healthy
ATM_004,2023-02-04,303631,324264,314346.666666666667,21088,0,0,368085.892857142857,21840.285714285714,324719,healthy
ATM_004,2023-02-05,282285,303189,293238.041666666667,21346,0,0,347426.863095238095,19480.285714285714,303631,healthy
ATM_004,2023-02-06,268109,281966,275299.958333333333,14176,0,0,328751.339285714286,17841.428571428571,282285,healthy
ATM_004,2023-02-07,254017,267775,261141.458333333333,14092,0,0,311723.791666666667,16166.714285714286,268109,healthy
ATM_004,2023-02-08,239922,253696,247046.875000000000,14095,0,0,295557.666666666667,16144.285714285714,254017,healthy
ATM_004,2023-02-09,225753,239581,232930.541666666667,14169,0,0,279413.178571428571,16153.285714285714,239922,healthy
ATM_004,2023-02-10,211472,225419,218705.666666666667,14281,0,0,263244.172619047619,16178.142857142857,225753,healthy
ATM_004,2023-02-11,190208,211025,201016.541666666667,21264,0,0,247054.154761904762,16203.285714285714,211472,healthy
ATM_004,2023-02-12,168932,189690,179713.416666666667,21276,0,0,230836.351190476191,16193.285714285714,190208,healthy
ATM_004,2023-02-13,154826,168625,162006.625000000000,14106,0,0,214651.589285714286,16183.285714285714,168932,healthy
ATM_004,2023-02-14,140561,154533,147826.666666666667,14265,0,0,198463.761904761905,16208.000000000000,154826,healthy
ATM_004,2023-02-15,126480,140232,133642.666666666667,14081,0,0,182263.160714285715,16206.000000000000,140561,healthy
ATM_004,2023-02-16,112317,126160,119508.750000000000,14163,0,0,166060.047619047619,16205.142857142857,126480,healthy
ATM_004,2023-02-17,98083,111984,105267.750000000000,14234,0,0,149854.630952380953,16198.428571428571,112317,low
ATM_004,2023-02-18,76805,97598,87609.791666666667,21278,0,0,133653.666666666667,16200.428571428571,98083,low
ATM_004,2023-02-19,55405,76288,66243.666666666667,21400,0,0,117443.702380952381,16218.142857142857,76805,low
ATM_004,2023-02-20,50476,500000,292539.291666666667,14029,1,0,136091.226190476191,16207.142857142857,55405,low
ATM_004,2023-02-21,477742,491561,484910.333333333333,14179,0,0,184246.035714285714,16194.857142857143,50476,healthy
ATM_004,2023-02-22,463665,477380,470797.583333333333,14077,0,0,232411.023809523810,16194.285714285714,477742,healthy
ATM_004,2023-02-23,449381,463365,456622.291666666667,14284,0,0,280570.101190476191,16211.571428571429,463665,healthy
ATM_004,2023-02-24,435231,449065,442414.000000000000,14150,0,0,328733.851190476191,16199.571428571429,449381,healthy
ATM_004,2023-02-25,413935,434742,424730.916666666667,21296,0,0,376894.011904761905,16202.142857142857,435231,healthy
ATM_004,2023-02-26,375552,413113,395073.916666666667,38383,0,0,423869.761904761905,18628.285714285714,413935,healthy
ATM_004,2023-02-27,349970,374943,362914.666666666667,25582,0,0,433923.386904761905,20278.714285714286,375552,healthy
ATM_004,2023-02-28,324562,349404,337460.500000000000,25408,0,0,412859.125000000000,21882.857142857143,349970,healthy
ATM_004,2023-03-01,310530,324249,317638.791666666667,14032,0,0,390979.297619047619,21876.428571428571,324562,healthy
ATM_004,2023-03-02,296420,310202,303585.583333333333,14110,0,0,369116.910714285714,21851.571428571429,310530,healthy
ATM_004,2023-03-03,282159,296116,289408.208333333333,14261,0,0,347258.940476190476,21867.428571428571,296420,healthy
ATM_004,2023-03-04,261032,281669,271761.208333333333,21127,0,0,325406.125000000000,21843.285714285714,282159,healthy
ATM_004,2023-03-05,240160,260566,250808.333333333333,20872,0,0,304796.755952380952,19341.714285714286,261032,healthy
ATM_004,2023-03-06,225889,239837,233185.083333333333,14271,0,0,286263.958333333333,17725.857142857143,240160,healthy
ATM_004,2023-03-07,211777,225560,218948.125000000000,14112,0,0,269333.619047619047,16112.142857142857,225889,healthy
ATM_004,2023-03-08,197699,211446,204823.416666666667,14078,0,0,253217.136904761905,16118.714285714286,211777,healthy
ATM_004,2023-03-09,183471,197369,190690.458333333333,14228,0,0,237089.261904761905,16135.571428571429,197699,healthy
ATM_004,2023-03-10,169383,183138,176486.750000000000,14088,0,0,220957.625000000000,16110.857142857143,183471,healthy
ATM_004,2023-03-11,148154,168903,158939.625000000000,21229,0,0,204840.255952380952,16125.428571428571,169383,healthy
ATM_004,2023-03-12,126656,147635,137547.250000000000,21498,0,0,188660.101190476190,16214.857142857143,148154,healthy
ATM_004,2023-03-13,112357,126355,119589.041666666667,14299,0,0,172432.095238095238,16218.857142857143,126656,healthy
ATM_004,2023-03-14,98111,112033,105349.416666666667,14246,0,0,156203.708333333333,16238.000000000000,112357,low
ATM_004,2023-03-15,83860,97787,91110.166666666667,14251,0,0,139958.958333333333,16262.714285714286,98111,low
ATM_004,2023-03-16,69691,83563,76929.125000000000,14169,0,0,123707.339285714286,16254.285714285714,83860,low
ATM_004,2023-03-17,55704,69386,62798.458333333333,13987,0,0,107466.154761904762,16239.857142857143,69691,low
ATM_004,2023-03-18,51297,500000,326517.083333333333,21522,1,0,131405.791666666667,16281.714285714286,55704,low
ATM_004,2023-03-19,463127,483990,473993.041666666667,21367,0,0,179469.476190476191,16263.000000000000,51297,healthy
ATM_004,2023-03-20,448861,462816,456071.291666666667,14266,0,0,227538.369047619048,16258.285714285714,463127,healthy
ATM_004,2023-03-21,434891,448556,442003.583333333333,13970,0,0,275631.821428571429,16218.857142857143,448861,healthy
ATM_004,2023-03-22,420948,434570,428036.375000000000,13943,0,0,323764.136904761905,16174.857142857143,434891,healthy
ATM_004,2023-03-23,406626,420618,413930.458333333333,14322,0,0,371907.184523809524,16196.714285714286,420948,healthy
ATM_004,2023-03-24,392621,406313,399801.416666666667,14005,0,0,420050.464285714286,16199.285714285714,406626,healthy
ATM_004,2023-03-25,371415,392124,382167.541666666667,21206,0,0,428000.529761904762,16154.142857142857,392621,healthy
ATM_004,2023-03-26,333361,370526,352714.416666666667,38054,0,0,410675.011904761905,18538.000000000000,371415,healthy
ATM_004,2023-03-27,307868,332756,320765.458333333333,25493,0,0,391345.607142857143,20141.857142857143,333361,healthy
ATM_004,2023-03-28,282159,307280,295219.625000000000,25709,0,0,370376.470238095238,21818.857142857143,307868,healthy
ATM_004,2023-03-29,256533,281591,269588.125000000000,25626,0,0,347741.005952380952,23487.857142857143,282159,healthy
ATM_004,2023-03-30,230968,255945,243915.000000000000,25565,0,0,323453.083333333333,25094.000000000000,256533,healthy
ATM_004,2023-03-31,205501,230368,218470.291666666667,25467,0,0,297548.636904761905,26731.428571428571,230968,healthy
ATM_004,2023-04-01,184132,205044,195033.875000000000,21369,0,0,270815.255952380952,26754.714285714286,205501,healthy
ATM_004,2023-04-02,162995,183671,173670.166666666667,21137,0,0,245237.505952380952,24338.000000000000,184132,healthy
ATM_004,2023-04-03,148535,162667,155863.750000000000,14460,0,0,221680.119047619048,22761.857142857143,162995,healthy
ATM_004,2023-04-04,134413,148224,141543.000000000000,14122,0,0,199726.315476190476,21106.571428571429,148535,healthy
ATM_004,2023-04-05,120115,134070,127353.500000000000,14298,0,0,179407.083333333333,19488.285714285714,134413,healthy
ATM_004,2023-04-06,105964,119798,113132.875000000000,14151,0,0,160723.922619047619,17857.714285714286,120115,healthy
ATM_004,2023-04-07,91689,105613,98934.041666666667,14275,0,0,143647.315476190476,16258.857142857143,105964,low
ATM_004,2023-04-08,70354,91219,81215.166666666667,21335,0,0,127387.500000000000,16254.000000000000,91689,low
ATM_004,2023-04-09,50048,500000,97395.375000000000,21327,1,0,116491.101190476191,16281.142857142857,70354,low
ATM_004,2023-04-10,485264,499132,492475.916666666667,14234,0,0,164578.553571428572,16248.857142857143,50048,healthy
ATM_004,2023-04-11,470930,484949,478206.083333333333,14334,0,0,212673.279761904762,16279.142857142857,485264,healthy
ATM_004,2023-04-12,456798,470597,464017.750000000000,14132,0,0,260768.172619047619,16255.428571428571,470930,healthy
ATM_004,2023-04-13,442706,456471,449835.000000000000,14092,0,0,308868.476190476191,16247.000000000000,456798,healthy
ATM_004,2023-04-14,428260,442401,435624.041666666667,14446,0,0,356967.047619047619,16271.428571428571,442706,healthy
ATM_004,2023-04-15,406866,427773,417724.708333333333,21394,0,0,405039.839285714286,16279.857142857143,428260,healthy
ATM_004,2023-04-16,385643,406389,396399.958333333333,21223,0,0,447754.779761904762,16265.000000000000,406866,healthy
ATM_004,2023-04-17,371452,385323,378632.875000000000,14191,0,0,431491.488095238095,16258.857142857143,385643,healthy
ATM_004,2023-04-18,357106,371081,364415.833333333333,14346,0,0,415235.738095238095,16260.571428571429,371452,healthy
ATM_004,2023-04-19,342713,356779,350000.333333333333,14393,0,0,398947.535714285714,16297.857142857143,357106,healthy
ATM_004,2023-04-20,328604,342366,335735.041666666667,14109,0,0,382647.541666666667,16300.285714285714,342713,healthy
ATM_004,2023-04-21,314411,328257,321625.208333333333,14193,0,0,366361.994047619047,16264.142857142857,328604,healthy
ATM_004,2023-04-22,292890,313933,303808.416666666667,21521,0,0,350088.238095238095,16282.285714285714,314411,healthy
ATM_004,2023-04-23,271745,292433,282433.208333333333,21145,0,0,333807.273809523809,16271.142857142857,292890,healthy
ATM_004,2023-04-24,257625,271458,264794.833333333333,14120,0,0,317544.696428571428,16261.000000000000,271745,healthy
ATM_004,2023-04-25,243404,257281,250599.375000000000,14221,0,0,301285.202380952381,16243.142857142857,257625,healthy
ATM_004,2023-04-26,217988,242855,230935.250000000000,25416,0,0,284275.904761904762,17817.857142857143,243404,healthy
ATM_004,2023-04-27,192481,217450,205434.458333333333,25507,0,0,265661.535714285714,19446.142857142857,217988,healthy
ATM_004,2023-04-28,166963,191894,179915.458333333333,25518,0,0,245417.285714285714,21064.000000000000,192481,healthy
ATM_004,2023-04-29,128426,166080,147980.083333333333,38537,0,0,223156.095238095238,23494.857142857143,166963,healthy
ATM_004,2023-04-30,89954,127615,109591.916666666667,38472,0,0,198464.482142857143,25970.142857142857,128426,low
ATM_004,2023-05-01,75911,89650,83045.708333333333,14043,0,0,172500.321428571428,25959.142857142857,89954,low
ATM_004,2023-05-02,61816,75607,68961.125000000000,14095,0,0,146552.000000000000,25941.142857142857,75911,low
ATM_004,2023-05-03,50422,500000,186160.166666666667,14260,1,0,140155.559523809524,24347.428571428571,61816,low
ATM_004,2023-05-04,483760,497867,491100.041666666667,14409,0,0,180964.928571428571,22762.000000000000,50422,healthy
ATM_004,2023-05-05,469614,483434,476815.583333333333,14146,0,0,223379.232142857143,21137.428571428571,483760,healthy
ATM_004,2023-05-06,448618,469168,459242.041666666667,20996,0,0,267845.226190476191,18631.571428571429,469614,healthy
ATM_004,2023-05-07,427378,448109,438073.125000000000,21240,0,0,314771.113095238095,16169.857142857143,448618,healthy
ATM_004,2023-05-08,413220,427055,420397.041666666667,14158,0,0,362964.160714285714,16186.285714285714,427378,healthy
ATM_004,2023-05-09,399269,412909,406394.875000000000,13951,0,0,411168.982142857143,16165.714285714286,413220,healthy
ATM_004,2023-05-10,385266,398951,392411.416666666667,14003,0,0,440633.446428571429,16129.000000000000,399269,healthy
ATM_004,2023-05-11,371102,384918,378223.500000000000,14164,0,0,424508.226190476191,16094.000000000000,385266,healthy
ATM_004,2023-05-12,356946,370782,364106.916666666667,14156,0,0,408406.988095238095,16095.428571428571,371102,healthy
ATM_004,2023-05-13,335783,356447,346536.458333333333,21163,0,0,392306.190476190476,16119.285714285714,356946,healthy
ATM_004,2023-05-14,314600,335287,325339.416666666667,21183,0,0,376201.375000000000,16111.142857142857,335783,healthy
ATM_004,2023-05-15,300399,314272,307625.666666666667,14201,0,0,360091.178571428572,16117.285714285714,314600,healthy
ATM_004,2023-05-16,286296,300092,293443.041666666667,14103,0,0,343955.202380952381,16139.000000000000,300399,healthy
ATM_004,2023-05-17,271965,285950,279209.875000000000,14331,0,0,327783.553571428572,16185.857142857143,286296,healthy
ATM_004,2023-05-18,257845,271669,265004.250000000000,14120,0,0,311609.375000000000,16179.571428571429,271965,healthy
ATM_004,2023-05-19,243518,257520,250802.583333333333,14327,0,0,295423.041666666667,16204.000000000000,257845,healthy
ATM_004,2023-05-20,222472,243062,233171.958333333333,21046,0,0,279228.113095238095,16187.285714285714,243518,healthy
ATM_004,2023-05-21,201272,221984,212033.083333333333,21200,0,0,263041.494047619048,16189.714285714286,222472,healthy
ATM_004,2023-05-22,187103,200953,194308.708333333333,14169,0,0,246853.357142857143,16185.142857142857,201272,healthy
ATM_004,2023-05-23,172920,186792,180143.250000000000,14183,0,0,230667.672619047619,16196.571428571429,187103,healthy
ATM_004,2023-05-24,158910,172594,166009.250000000000,14010,0,0,214496.154761904762,16150.714285714286,172920,healthy
ATM_004,2023-05-25,144765,158580,151921.958333333333,14145,0,0,198341.541666666666,16154.285714285714,158910,healthy
ATM_004,2023-05-26,119448,144217,132337.958333333333,25317,0,0,181418.023809523809,17724.285714285714,144765,healthy
ATM_004,2023-05-27,81348,118655,100717.541666666667,38100,0,0,162495.964285714286,20160.571428571429,119448,low
ATM_004,2023-05-28,51444,500000,194347.166666666667,37693,1,0,159969.404761904762,22516.714285714286,81348,low
ATM_004,2023-05-29,469623,494380,482443.583333333333,25336,0,0,201131.529761904762,24112.000000000000,51444,healthy
ATM_004,2023-05-30,444104,469050,457037.291666666667,25519,0,0,240687.821428571429,25731.428571428571,469623,healthy
ATM_004,2023-05-31,418229,443480,431422.708333333333,25875,0,0,278604.029761904762,27426.428571428571,444104,healthy
ATM_004,2023-06-01,404089,417890,411253.083333333333,14140,0,0,315651.333333333333,27425.714285714286,418229,healthy
ATM_004,2023-06-02,390057,403778,397175.666666666667,14032,0,0,353485.291666666667,25813.571428571429,404089,healthy
ATM_004,2023-06-03,368821,389569,379607.875000000000,21236,0,0,393326.767857142857,23404.428571428571,390057,healthy
ATM_004,2023-06-04,347430,368336,358289.500000000000,21391,0,0,416747.101190476190,21075.571428571429,368821,healthy
ATM_004,2023-06-05,333321,347128,340515.375000000000,14109,0,0,396471.642857142857,19471.714285714286,347430,healthy
ATM_004,2023-06-06,319104,332996,326290.375000000000,14217,0,0,377793.511904761905,17857.142857142857,333321,healthy
ATM_004,2023-06-07,304930,318794,312116.041666666667,14174,0,0,360749.702380952381,16185.571428571429,319104,healthy
ATM_004,2023-06-08,290983,304634,298052.375000000000,13947,0,0,344578.172619047619,16158.000000000000,304930,healthy
ATM_004,2023-06-09,276810,290652,284008.500000000000,14173,0,0,328411.434523809524,16178.142857142857,290983,healthy
ATM_004,2023-06-10,255517,276355,266296.458333333333,21293,0,0,312224.089285714286,16186.285714285714,276810,healthy
ATM_004,2023-06-11,234432,255060,245142.833333333333,21085,0,0,296060.279761904762,16142.571428571429,255517,healthy
ATM_004,2023-06-12,220336,234085,227465.125000000000,14096,0,0,279910.244047619048,16140.714285714286,234432,healthy
ATM_004,2023-06-13,206060,220006,213332.750000000000,14276,0,0,263773.440476190476,16149.142857142857,220336,healthy
ATM_004,2023-06-14,191707,205742,198968.291666666667,14353,0,0,247609.476190476190,16174.714285714286,206060,healthy
ATM_004,2023-06-15,177382,191398,184647.833333333333,14325,0,0,231408.827380952381,16228.714285714286,191707,healthy
ATM_004,2023-06-16,162968,177070,170292.791666666667,14414,0,0,215163.726190476190,16263.142857142857,177382,healthy
ATM_004,2023-06-17,141536,162476,152379.666666666667,21432,0,0,198889.898809523810,16283.000000000000,162968,healthy
ATM_004,2023-06-18,120075,141051,131009.916666666667,21461,0,0,182585.196428571429,16336.714285714286,141536,healthy
ATM_004,2023-06-19,106107,119751,113171.083333333333,13968,0,0,166257.476190476191,16318.428571428571,120075,healthy
ATM_004,2023-06-20,91954,105760,99110.791666666667,14153,0,0,149940.053571428572,16300.857142857143,106107,low
ATM_004,2023-06-21,77787,91626,84982.208333333333,14167,0,0,133656.327380952381,16274.285714285714,91954,low
ATM_004,2023-06-22,63893,77469,71003.333333333333,13894,0,0,117421.398809523810,16212.714285714286,77787,low
ATM_004,2023-06-23,50123,500000,75777.375000000000,14077,1,0,103919.196428571429,16164.571428571429,63893,low
ATM_004,2023-06-24,478951,499536,489644.500000000000,21049,0,0,152099.886904761905,16109.857142857143,50123,healthy
ATM_004,2023-06-25,457800,478470,468567.416666666667,21151,0,0,200322.386904761905,16065.571428571429,478951,healthy
ATM_004,2023-06-26,432140,457220,445151.375000000000,25660,0,0,247748.142857142857,17735.857142857143,457800,healthy
ATM_004,2023-06-27,406585,431544,419601.541666666667,25555,0,0,293532.535714285714,19364.714285714286,432140,healthy
ATM_004,2023-06-28,380798,405972,393835.416666666667,25787,0,0,337654.422619047619,21024.714285714286,406585,healthy
ATM_004,2023-06-29,355536,380215,368387.041666666667,25262,0,0,380137.809523809524,22648.714285714286,380798,healthy
ATM_004,2023-06-30,330148,354992,343062.833333333333,25388,0,0,418321.446428571429,24264.571428571429,355536,healthy
ATM_004,2023-07-01,308956,329679,319725.500000000000,21192,0,0,394047.303571428572,24285.000000000000,330148,healthy
ATM_004,2023-07-02,287761,308467,298511.750000000000,21195,0,0,369753.636904761905,24291.285714285714,308956,healthy
ATM_004,2023-07-03,273681,287471,280897.208333333333,14080,0,0,346288.755952380952,22637.000000000000,287761,healthy
ATM_004,2023-07-04,259618,273367,266736.291666666667,14063,0,0,324450.863095238095,20995.285714285714,273681,healthy
ATM_004,2023-07-05,245448,259337,252649.583333333333,14170,0,0,304281.458333333333,19335.714285714286,259618,healthy
ATM_004,2023-07-06,231228,245099,238421.791666666667,14220,0,0,285714.994047619048,17758.285714285714,245448,healthy
ATM_004,2023-07-07,216962,230943,224271.416666666667,14266,0,0,268744.791666666667,16169.428571428571,231228,healthy
ATM_004,2023-07-08,195806,216488,206557.208333333333,21156,0,0,252577.892857142857,16164.285714285714,216962,healthy
ATM_004,2023-07-09,174490,195331,185325.416666666667,21316,0,0,236408.416666666667,16181.571428571429,195806,healthy
ATM_004,2023-07-10,160474,174166,167548.250000000000,14016,0,0,220215.708333333333,16172.428571428571,174490,healthy
ATM_004,2023-07-11,146504,160180,153586.583333333333,13970,0,0,204051.464285714286,16159.142857142857,160474,healthy
ATM_004,2023-07-12,132247,146171,139478.250000000000,14257,0,0,187884.130952380952,16171.571428571429,146504,healthy
ATM_004,2023-07-13,118062,131925,125231.916666666667,14185,0,0,171714.148809523810,16166.571428571429,132247,healthy
ATM_004,2023-07-14,103972,117776,111128.833333333333,14090,0,0,155550.922619047619,16141.428571428571,118062,healthy
ATM_004,2023-07-15,82558,103467,93419.333333333333,21414,0,0,139388.369047619048,16178.285714285714,103972,low
ATM_004,2023-07-16,61449,82075,72176.208333333333,21109,0,0,123224.196428571428,16148.714285714286,82558,low
ATM_004,2023-07-17,50321,500000,185974.333333333333,14124,1,0,125856.494047619047,16164.142857142857,61449,low
ATM_004,2023-07-18,484093,497715,491192.583333333333,13934,0,0,174085.922619047619,16159.000000000000,50321,healthy
ATM_004,2023-07-19,469637,483760,476994.333333333333,14456,0,0,222302.505952380952,16187.428571428571,484093,healthy
ATM_004,2023-07-20,455381,469313,462573.833333333333,14256,0,0,270494.208333333333,16197.571428571429,469637,healthy
ATM_004,2023-07-21,441439,455089,448544.791666666667,13942,0,0,318696.488095238095,16176.428571428571,455381,healthy
ATM_004,2023-07-22,420178,440959,430981.208333333333,21261,0,0,366919.613095238095,16154.571428571429,441439,healthy
ATM_004,2023-07-23,398722,419658,409580.583333333333,21456,0,0,415120.238095238095,16204.142857142857,420178,healthy
ATM_004,2023-07-24,384566,398412,391729.458333333333,14156,0,0,444513.827380952381,16208.714285714286,398722,healthy
ATM_004,2023-07-25,370503,384259,377645.916666666667,14063,0,0,428292.875000000000,16227.142857142857,384566,healthy
ATM_004,2023-07-26,344980,369913,357883.625000000000,25523,0,0,411277.059523809524,17808.142857142857,370503,healthy
ATM_004,2023-07-27,319348,344384,332359.166666666667,25632,0,0,392674.964285714286,19433.285714285714,344980,healthy
ATM_004,2023-07-28,293913,318790,306839.375000000000,25435,0,0,372431.333333333333,21075.142857142857,319348,healthy
ATM_004,2023-07-29,255330,293060,274941.041666666667,38583,0,0,350139.880952380952,23549.714285714286,293913,healthy
ATM_004,2023-07-30,217080,254460,236465.791666666667,38250,0,0,325409.196428571429,25948.857142857143,255330,healthy
ATM_004,2023-07-31,191846,216504,204649.791666666667,25234,0,0,298683.529761904762,27531.428571428571,217080,healthy
ATM_004,2023-08-01,177734,191524,184912.791666666667,14112,0,0,271150.226190476191,27538.428571428571,191846,healthy
ATM_004,2023-08-02,163693,177442,170862.291666666667,14041,0,0,244432.892857142857,25898.142857142857,177734,healthy
ATM_004,2023-08-03,149539,163400,156732.416666666667,14154,0,0,219343.357142857143,24258.428571428571,163693,healthy
ATM_004,2023-08-04,135150,149236,142450.333333333333,14389,0,0,195859.208333333334,22680.428571428571,149539,healthy
ATM_004,2023-08-05,113880,134662,124737.041666666667,21270,0,0,174401.494047619048,20207.142857142857,135150,healthy
ATM_004,2023-08-06,92579,113384,103301.875000000000,21301,0,0,155378.077380952381,17785.857142857143,113880,low
ATM_004,2023-08-07,78203,92250,85527.416666666667,14376,0,0,138360.595238095238,16234.714285714286,92579,low
ATM_004,2023-08-08,63918,77874,71181.416666666667,14285,0,0,122113.255952380953,16259.428571428571,78203,low
ATM_004,2023-08-09,50301,500000,94352.500000000000,14257,1,0,111183.285714285714,16290.285714285714,63918,low
ATM_004,2023-08-10,485610,499378,492781.291666666667,14089,0,0,159190.267857142857,16281.000000000000,50301,healthy
ATM_004,2023-08-11,471396,485267,478620.708333333333,14214,0,0,207214.607142857143,16256.000000000000,485610,healthy
ATM_004,2023-08-12,450273,470937,461011.625000000000,21123,0,0,255253.833333333333,16235.000000000000,471396,healthy
ATM_004,2023-08-13,428861,449751,439745.250000000000,21412,0,0,303317.172619047619,16250.857142857143,450273,healthy
ATM_004,2023-08-14,414617,428573,421919.916666666667,14244,0,0,351373.244047619048,16232.000000000000,428861,healthy
ATM_004,2023-08-15,400342,414309,407590.125000000000,14275,0,0,399431.630952380952,16230.571428571429,414617,healthy
ATM_004,2023-08-16,386045,400043,393292.791666666667,14297,0,0,442137.386904761905,16236.285714285714,400342,healthy
ATM_004,2023-08-17,371828,385727,379097.583333333333,14217,0,0,425896.857142857143,16254.571428571429,386045,healthy
ATM_004,2023-08-18,357707,371510,364850.375000000000,14121,0,0,409643.952380952381,16241.285714285714,371828,healthy
ATM_004,2023-08-19,336449,357229,347258.083333333333,21258,0,0,393393.446428571429,16260.571428571429,357707,healthy
ATM_004,2023-08-20,315355,335946,326020.000000000000,21094,0,0,377146.982142857143,16215.142857142857,336449,healthy
ATM_004,2023-08-21,301348,315046,308451.375000000000,14007,0,0,360937.190476190476,16181.285714285714,315355,healthy
ATM_004,2023-08-22,287038,300994,294249.291666666667,14310,0,0,344745.642857142857,16186.285714285714,301348,healthy
ATM_004,2023-08-23,272903,286719,280109.916666666667,14135,0,0,328576.660714285714,16163.142857142857,287038,healthy
ATM_004,2023-08-24,258767,272569,265937.458333333333,14136,0,0,312410.928571428571,16151.571428571429,272903,healthy
ATM_004,2023-08-25,244902,258463,251941.375000000000,13865,0,0,296281.071428571429,16115.000000000000,258767,healthy
ATM_004,2023-08-26,206224,244006,225871.208333333333,38678,0,0,278940.089285714286,18603.571428571429,244902,healthy
ATM_004,2023-08-27,168414,205349,187645.125000000000,37810,0,0,259172.250000000000,20991.571428571429,206224,healthy
ATM_004,2023-08-28,142955,167827,155916.916666666667,25459,0,0,237381.613095238095,22627.571428571429,168414,healthy
ATM_004,2023-08-29,117487,142381,130433.625000000000,25468,0,0,213979.375000000000,24221.571428571429,142955,healthy
ATM_004,2023-08-30,92043,116911,104958.916666666667,25444,0,0,188957.803571428571,25837.142857142857,117487,low
ATM_004,2023-08-31,66596,91505,79576.750000000000,25447,0,0,162334.845238095238,27453.000000000000,92043,low
ATM_004,2023-09-01,52417,66265,59571.250000000000,14179,0,0,134853.398809523810,27497.857142857143,66596,low
ATM_004,2023-09-02,50059,500000,398573.208333333333,21293,1,0,159525.113095238095,25014.285714285714,52417,low
ATM_004,2023-09-03,460233,481075,471010.583333333333,21345,0,0,200005.892857142857,22662.142857142857,50059,healthy
ATM_004,2023-09-04,446165,459961,453333.791666666667,14068,0,0,242494.017857142857,21034.857142857143,460233,healthy
ATM_004,2023-09-05,432036,445846,439232.250000000000,14129,0,0,286608.107142857143,19415.000000000000,446165,healthy
ATM_004,2023-09-06,417909,431727,425110.000000000000,14127,0,0,332343.976190476190,17798.285714285714,432036,healthy
ATM_004,2023-09-07,403876,417585,410967.666666666667,14033,0,0,379685.535714285714,16167.714285714286,417909,healthy
ATM_004,2023-09-08,389810,403539,397019.375000000000,14066,0,0,427892.410714285714,16151.571428571429,403876,healthy
ATM_004,2023-09-09,368527,389315,379316.125000000000,21283,0,0,425141.398809523810,16150.142857142857,389810,healthy
ATM_004,2023-09-10,347328,368022,358038.500000000000,21199,0,0,409002.529761904762,16129.285714285714,368527,healthy
ATM_004,2023-09-11,333266,346966,340379.083333333333,14062,0,0,392866.142857142857,16128.428571428571,347328,healthy
ATM_004,2023-09-12,319217,332936,326394.083333333333,14049,0,0,376746.404761904762,16117.000000000000,333266,healthy
ATM_004,2023-09-13,304980,318905,312198.750000000000,14237,0,0,360616.226190476190,16132.714285714286,319217,healthy
ATM_004,2023-09-14,290614,304670,297915.625000000000,14366,0,0,344465.934523809524,16180.285714285714,304980,healthy
ATM_004,2023-09-15,276546,290299,283684.916666666667,14068,0,0,328275.297619047619,16180.571428571429,290614,healthy
ATM_004,2023-09-16,255317,276056,266043.791666666667,21229,0,0,312093.535714285714,16172.857142857143,276546,healthy
ATM_004,2023-09-17,234193,254864,244945.208333333333,21124,0,0,295937.351190476190,16162.142857142857,255317,healthy
ATM_004,2023-09-18,219938,233884,227202.750000000000,14255,0,0,279769.303571428571,16189.714285714286,234193,healthy
ATM_004,2023-09-19,205602,219639,212917.416666666667,14336,0,0,263558.351190476191,16230.714285714286,219938,healthy
ATM_004,2023-09-20,191390,205292,198629.625000000000,14212,0,0,247334.190476190476,16227.142857142857,205602,healthy
ATM_004,2023-09-21,177243,191061,184423.375000000000,14147,0,0,231121.011904761905,16195.857142857143,191390,healthy
ATM_004,2023-09-22,163021,176923,170265.958333333333,14222,0,0,214918.303571428571,16217.857142857143,177243,healthy
ATM_004,2023-09-23,141656,162539,152498.750000000000,21365,0,0,198697.583333333333,16237.285714285714,163021,healthy
ATM_004,2023-09-24,120273,141166,131145.583333333333,21383,0,0,182440.494047619048,16274.285714285714,141656,healthy
ATM_004,2023-09-25,106273,119942,113369.958333333333,14000,0,0,166178.666666666667,16237.857142857143,120273,healthy
ATM_004,2023-09-26,80652,105666,93651.375000000000,25621,0,0,149140.660714285714,17850.000000000000,106273,low
ATM_004,2023-09-27,55219,80075,68153.083333333333,25433,0,0,130501.154761904762,19453.000000000000,80652,low
ATM_004,2023-09-28,50099,500000,325080.666666666667,25461,1,0,150595.053571428571,21069.285714285714,55219,low
ATM_004,2023-09-29,456127,480960,469085.958333333333,25420,0,0,193283.625000000000,22669.000000000000,50099,healthy
ATM_004,2023-09-30,417884,455263,437347.791666666667,38243,0,0,233976.345238095238,25080.142857142857,456127,healthy
ATM_004,2023-10-01,396411,417364,407289.208333333333,21473,0,0,273425.434523809524,25093.000000000000,417884,healthy
ATM_004,2023-10-02,382332,396077,389505.166666666667,14079,0,0,312873.321428571429,25104.285714285714,396411,healthy
ATM_004,2023-10-03,368312,381994,375434.833333333333,14020,0,0,353128.101190476190,23447.000000000000,382332,healthy
ATM_004,2023-10-04,354162,367987,361344.916666666667,14150,0,0,395012.648809523810,21835.142857142857,368312,healthy
ATM_004,2023-10-05,339957,353849,347178.333333333333,14205,0,0,398169.458333333333,20227.142857142857,354162,healthy
ATM_004,2023-10-06,325892,339633,333035.416666666667,14065,0,0,378733.666666666667,18605.000000000000,339957,healthy
ATM_004,2023-10-07,304783,325426,315479.291666666667,21109,0,0,361323.880952380952,16157.285714285714,325892,healthy
ATM_004,2023-10-08,283523,304310,294337.958333333333,21260,0,0,345187.988095238095,16126.857142857143,304783,healthy
ATM_004,2023-10-09,269344,283164,276530.708333333333,14179,0,0,329048.779761904762,16141.142857142857,283523,healthy
ATM_004,2023-10-10,255166,269029,262351.875000000000,14178,0,0,312894.071428571429,16163.714285714286,269344,healthy
ATM_004,2023-10-11,241167,254843,248292.375000000000,13999,0,0,296743.708333333333,16142.142857142857,255166,healthy
ATM_004,2023-10-12,226937,240862,234185.125000000000,14230,0,0,280601.821428571429,16145.714285714286,241167,healthy
ATM_004,2023-10-13,212683,226617,219969.458333333333,14254,0,0,264449.541666666667,16172.714285714286,226937,healthy
ATM_004,2023-10-14,191470,212190,202248.083333333333,21213,0,0,248273.654761904762,16187.571428571429,212683,healthy
ATM_004,2023-10-15,170300,191033,181017.666666666667,21170,0,0,232085.041666666667,16174.714285714286,191470,healthy
ATM_004,2023-10-16,156175,169975,163351.583333333333,14125,0,0,215916.595238095238,16167.000000000000,170300,healthy
ATM_004,2023-10-17,141861,155831,149112.333333333333,14314,0,0,199739.517857142857,16186.428571428571,156175,healthy
ATM_004,2023-10-18,127720,141545,134946.083333333333,14141,0,0,183547.190476190476,16206.714285714286,141861,healthy
ATM_004,2023-10-19,113638,127399,120783.916666666667,14082,0,0,167347.017857142857,16185.571428571429,127720,healthy
ATM_004,2023-10-20,99416,113318,106644.291666666667,14222,0,0,151157.708333333333,16181.000000000000,113638,low
ATM_004,2023-10-21,78052,98935,88871.208333333333,21364,0,0,134961.011904761905,16202.571428571429,99416,low
ATM_004,2023-10-22,56790,77570,67643.791666666667,21262,0,0,118764.744047619048,16215.714285714286,78052,low
ATM_004,2023-10-23,50903,500000,275009.083333333333,14013,1,0,134715.815476190476,16199.714285714286,56790,low
ATM_004,2023-10-24,478715,492618,485948.875000000000,14259,0,0,182835.321428571429,16191.857142857143,50903,healthy
ATM_004,2023-10-25,464529,478390,471723.250000000000,14186,0,0,230946.345238095238,16198.285714285714,478715,healthy
ATM_004,2023-10-26,439230,463978,452125.625000000000,25299,0,0,278280.875000000000,17800.714285714286,464529,healthy
ATM_004,2023-10-27,413638,438671,426633.875000000000,25592,0,0,323993.672619047619,19425.000000000000,439230,healthy
ATM_004,2023-10-28,375507,412744,394850.875000000000,38131,0,0,367705.053571428571,21820.285714285714,413638,healthy
ATM_004,2023-10-29,337367,374638,356696.458333333333,38140,0,0,408998.291666666667,24231.428571428571,375507,healthy
ATM_004,2023-10-30,311691,336755,324624.583333333333,25676,0,0,416086.220238095238,25897.571428571429,337367,healthy
ATM_004,2023-10-31,286444,311104,299272.500000000000,25247,0,0,389418.166666666667,27467.285714285714,311691,healthy
ATM_004,2023-11-01,272343,286135,279469.041666666667,14101,0,0,361953.279761904762,27455.142857142857,286444,healthy
ATM_004,2023-11-02,258226,272037,265413.583333333333,14117,0,0,335280.130952380952,25857.714285714286,272343,healthy
ATM_004,2023-11-03,244119,257913,251315.875000000000,14107,0,0,310234.702380952381,24217.000000000000,258226,healthy
ATM_004,2023-11-04,222998,243633,233722.708333333333,21121,0,0,287216.392857142857,21787.000000000000,244119,healthy
ATM_004,2023-11-05,202080,222501,212684.208333333333,20918,0,0,266643.214285714286,19326.714285714286,222998,healthy
ATM_004,2023-11-06,188105,201773,195226.500000000000,13975,0,0,248157.773809523809,17655.142857142857,202080,healthy
ATM_004,2023-11-07,173922,187799,181145.416666666667,14183,0,0,231282.476190476190,16074.571428571429,188105,healthy
ATM_004,2023-11-08,159927,173603,167065.875000000000,13995,0,0,215224.880952380952,16059.428571428571,173922,healthy
ATM_004,2023-11-09,145825,159600,152953.833333333333,14102,0,0,199159.202380952381,16057.285714285714,159927,healthy
ATM_004,2023-11-10,131667,145481,138832.041666666667,14158,0,0,183090.083333333333,16064.571428571429,145825,healthy
ATM_004,2023-11-11,110355,131160,121204.625000000000,21312,0,0,167016.071428571429,16091.857142857143,131667,healthy
ATM_004,2023-11-12,89035,109859,99782.041666666667,21320,0,0,150887.190476190476,16149.285714285714,110355,low
ATM_004,2023-11-13,74663,88698,81982.833333333333,14372,0,0,134709.523809523810,16206.000000000000,89035,low
ATM_004,2023-11-14,60362,74301,67603.583333333333,14301,0,0,118489.261904761905,16222.857142857143,74663,low
ATM_004,2023-11-15,50387,500000,203729.208333333333,13927,1,0,123726.880952380952,16213.142857142857,60362,low
ATM_004,2023-11-16,482827,496713,490083.416666666667,14203,0,0,171888.250000000000,16227.571428571429,50387,healthy
ATM_004,2023-11-17,468635,482481,475837.666666666667,14192,0,0,220031.910714285714,16232.428571428571,482827,healthy
ATM_004,2023-11-18,447494,468162,458224.833333333333,21141,0,0,268177.654761904762,16208.000000000000,468635,healthy
ATM_004,2023-11-19,426384,447011,437131.125000000000,21110,0,0,316370.380952380952,16178.000000000000,447494,healthy
ATM_004,2023-11-20,412450,426056,419523.916666666667,13934,0,0,364590.535714285714,16115.428571428571,426384,healthy
ATM_004,2023-11-21,398263,412129,405474.916666666667,14187,0,0,412857.869047619048,16099.142857142857,412450,healthy
ATM_004,2023-11-22,383896,397946,391185.583333333333,14367,0,0,439637.351190476191,16162.000000000000,398263,healthy
ATM_004,2023-11-23,369663,383574,376898.333333333333,14233,0,0,423468.053571428571,16166.285714285714,383896,healthy
ATM_004,2023-11-24,355491,369339,362688.625000000000,14172,0,0,407303.904761904762,16163.428571428571,369663,healthy
ATM_004,2023-11-25,334518,355033,345218.541666666667,20973,0,0,391160.148809523810,16139.428571428571,355491,healthy
ATM_004,2023-11-26,296211,333650,315672.541666666667,38307,0,0,373808.922619047619,18596.142857142857,334518,healthy
ATM_004,2023-11-27,270986,295615,283838.625000000000,25225,0,0,354425.309523809524,20209.142857142857,296211,healthy
ATM_004,2023-11-28,245387,270398,258420.833333333333,25599,0,0,333417.583333333333,21839.428571428571,270986,healthy
ATM_004,2023-11-29,219714,244773,232716.291666666667,25673,0,0,310779.113095238095,23454.571428571429,245387,healthy
ATM_004,2023-11-30,194140,219179,207169.000000000000,25574,0,0,286532.065476190476,25074.714285714286,219714,healthy
ATM_004,2023-12-01,179789,193829,187036.250000000000,14351,0,0,261438.869047619048,25100.285714285714,194140,healthy
ATM_004,2023-12-02,158605,179301,169306.041666666667,21184,0,0,236308.511904761905,25130.428571428571,179789,healthy
ATM_004,2023-12-03,137546,158177,148238.708333333333,21059,0,0,212389.392857142857,22666.428571428571,158605,healthy
ATM_004,2023-12-04,123453,137207,130626.666666666667,14093,0,0,190501.970238095238,21076.142857142857,137546,healthy
ATM_004,2023-12-05,109234,123137,116483.583333333333,14219,0,0,170225.220238095238,19450.428571428571,123453,healthy
ATM_004,2023-12-06,95216,108902,102343.625000000000,14018,0,0,151600.553571428571,17785.428571428571,109234,low
ATM_004,2023-12-07,80930,94876,88145.291666666667,14286,0,0,134597.166666666667,16172.857142857143,95216,low
ATM_004,2023-12-08,66670,80618,73880.583333333333,14260,0,0,118432.071428571429,16159.857142857143,80930,low
ATM_004,2023-12-09,50085,500000,188033.375000000000,20947,1,0,121107.404761904762,16126.000000000000,66670,low
ATM_004,2023-12-10,476090,496663,486742.500000000000,21081,0,0,169465.089285714286,16129.142857142857,50085,healthy
ATM_004,2023-12-11,461938,475758,469067.583333333333,14152,0,0,217813.791666666667,16137.571428571429,476090,healthy
ATM_004,2023-12-12,447762,461616,454964.208333333333,14176,0,0,266168.166666666667,16131.428571428571,461938,healthy
ATM_004,2023-12-13,433564,447442,440751.125000000000,14198,0,0,314512.095238095238,16157.142857142857,447762,healthy
ATM_004,2023-12-14,419566,433268,426666.208333333333,13998,0,0,362872.226190476190,16116.000000000000,433564,healthy
ATM_004,2023-12-15,405516,419270,412612.000000000000,14050,0,0,411262.428571428571,16086.000000000000,419566,healthy
ATM_004,2023-12-16,384233,405044,395061.708333333333,21283,0,0,440837.904761904762,16134.000000000000,405516,healthy
ATM_004,2023-12-17,363066,383765,373804.125000000000,21167,0,0,424703.851190476190,16146.285714285714,384233,healthy
ATM_004,2023-12-18,348881,362760,356096.583333333333,14185,0,0,408565.136904761905,16151.000000000000,363066,healthy
ATM_004,2023-12-19,334728,348565,341937.541666666667,14153,0,0,392418.470238095238,16147.714285714286,348881,healthy
ATM_004,2023-12-20,320741,334422,327803.541666666667,13987,0,0,376283.101190476190,16117.571428571429,334728,healthy
ATM_004,2023-12-21,306537,320435,313752.625000000000,14204,0,0,360152.589285714286,16147.000000000000,320741,healthy
ATM_004,2023-12-22,292225,306201,299449.333333333333,14312,0,0,343986.494047619048,16184.428571428571,306537,healthy
ATM_004,2023-12-23,271162,291749,281851.375000000000,21063,0,0,327813.589285714286,16153.000000000000,292225,healthy
ATM_004,2023-12-24,249980,270670,260786.208333333333,21182,0,0,311668.172619047619,16155.142857142857,271162,healthy
ATM_004,2023-12-25,235939,249640,243046.541666666667,14041,0,0,295518.166666666667,16134.571428571429,249980,healthy
ATM_004,2023-12-26,210399,235379,223379.458333333333,25540,0,0,278581.297619047619,17761.285714285714,235939,healthy
ATM_004,2023-12-27,184827,209863,197819.000000000000,25572,0,0,260012.077380952381,19416.285714285714,210399,healthy
ATM_004,2023-12-28,159338,184236,172262.541666666667,25489,0,0,239799.208333333333,21028.428571428571,184827,healthy
ATM_004,2023-12-29,133940,158778,146800.625000000000,25398,0,0,217992.250000000000,22612.142857142857,159338,healthy
ATM_004,2023-12-30,95773,133093,115240.625000000000,38167,0,0,194190.714285714286,25055.571428571429,133940,low
ATM_004,2023-12-31,94922,94922,94922.000000000000,851,0,0,170495.827380952381,22151.142857142857,95773,low
ATM_005,2023-01-01,478827,499496,489555.625000000000,21173,0,0,489555.625000000000,21173.000000000000,,healthy
ATM_005,2023-01-02,464761,478491,471849.333333333333,14066,0,0,480702.479166666667,17619.500000000000,478827,healthy
ATM_005,2023-01-03,450405,464428,457663.666666666667,14356,0,0,473022.875000000000,16531.666666666667,464761,healthy
ATM_005,2023-01-04,436302,450089,443466.208333333333,14103,0,0,465633.708333333333,15924.500000000000,450405,healthy
ATM_005,2023-01-05,421965,435982,429214.583333333333,14337,0,0,458349.883333333333,15607.000000000000,436302,healthy
ATM_005,2023-01-06,407771,421661,414995.291666666667,14194,0,0,451124.118055555556,15371.500000000000,421965,healthy
ATM_005,2023-01-07,386338,407321,397280.916666666667,21433,0,0,443432.232142857143,16237.428571428571,407771,healthy
ATM_005,2023-01-08,364967,385875,375813.416666666667,21371,0,0,427183.345238095238,16265.714285714286,386338,healthy
ATM_005,2023-01-09,350936,364652,358060.583333333333,14031,0,0,410927.809523809524,16260.714285714286,364967,healthy
ATM_005,2023-01-10,336747,350619,343958.875000000000,14189,0,0,394684.267857142857,16236.857142857143,350936,healthy
ATM_005,2023-01-11,322663,336465,329852.125000000000,14084,0,0,378453.684523809524,16234.142857142857,336747,healthy
ATM_005,2023-01-12,308600,322328,315732.416666666667,14063,0,0,362241.946428571429,16195.000000000000,322663,healthy
ATM_005,2023-01-13,294400,308292,301625.708333333333,14200,0,0,346046.291666666667,16195.857142857143,308600,healthy
ATM_005,2023-01-14,273170,293925,283914.833333333333,21230,0,0,329851.136904761905,16166.857142857143,294400,healthy
ATM_005,2023-01-15,252162,272671,262813.875000000000,21008,0,0,313708.345238095238,16115.000000000000,273170,healthy
ATM_005,2023-01-16,237948,251847,245162.125000000000,14214,0,0,297579.994047619048,16141.142857142857,252162,healthy
ATM_005,2023-01-17,223787,237626,230978.416666666667,14161,0,0,281439.928571428571,16137.142857142857,237948,healthy
ATM_005,2023-01-18,209730,223480,216837.125000000000,14057,0,0,265294.928571428571,16133.285714285714,223787,healthy
ATM_005,2023-01-19,195552,209415,202742.125000000000,14178,0,0,249153.458333333333,16149.714285714286,209730,healthy
ATM_005,2023-01-20,181387,195242,188606.125000000000,14165,0,0,233007.803571428571,16144.714285714286,195552,healthy
ATM_005,2023-01-21,160253,180903,170963.541666666667,21134,0,0,216871.904761904762,16131.000000000000,181387,healthy
ATM_005,2023-01-22,138969,159771,149786.625000000000,21284,0,0,200725.154761904762,16170.428571428571,160253,healthy
ATM_005,2023-01-23,124805,138637,131966.833333333333,14164,0,0,184554.398809523810,16163.285714285714,138969,healthy
ATM_005,2023-01-24,110536,124490,117822.083333333333,14269,0,0,168389.208333333333,16178.714285714286,124805,healthy
ATM_005,2023-01-25,96342,110207,103546.375000000000,14194,0,0,152204.815476190476,16198.285714285714,110536,low
ATM_005,2023-01-26,70719,95780,83715.791666666667,25623,0,0,135201.053571428571,17833.285714285714,96342,low
ATM_005,2023-01-27,50709,500000,189808.791666666667,25388,1,0,135372.863095238095,19436.571428571429,70719,low
ATM_005,2023-01-28,458351,495611,477655.916666666667,38124,0,0,179186.059523809524,21863.714285714286,50709,healthy
ATM_005,2023-01-29,420230,457515,439645.000000000000,38121,0,0,220594.398809523810,24269.000000000000,458351,healthy
ATM_005,2023-01-30,394691,419649,407666.000000000000,25539,0,0,259979.994047619048,25894.000000000000,420230,healthy
ATM_005,2023-01-31,369228,394116,382143.375000000000,25463,0,0,297740.178571428572,27493.142857142857,394691,healthy
ATM_005,2023-02-01,355150,368908,362275.500000000000,14078,0,0,334701.482142857143,27476.571428571429,369228,healthy
ATM_005,2023-02-02,341215,354831,348304.166666666667,13935,0,0,372499.821428571429,25806.857142857143,355150,healthy
ATM_005,2023-02-03,326941,340880,334169.375000000000,14274,0,0,393122.761904761905,24219.142857142857,341215,healthy
ATM_005,2023-02-04,305625,326466,316466.791666666667,21316,0,0,370095.744047619048,21818.000000000000,326941,healthy
ATM_005,2023-02-05,284405,305173,295160.291666666667,21220,0,0,349455.071428571429,19403.571428571429,305625,healthy
ATM_005,2023-02-06,270262,284080,277427.166666666667,14143,0,0,330849.523809523810,17775.571428571429,284405,healthy
ATM_005,2023-02-07,256141,269946,263282.625000000000,14121,0,0,313869.416666666667,16155.285714285714,270262,healthy
ATM_005,2023-02-08,241912,255823,249132.041666666667,14229,0,0,297706.065476190476,16176.857142857143,256141,healthy
ATM_005,2023-02-09,227783,241604,234946.000000000000,14129,0,0,281512.041666666667,16204.571428571429,241912,healthy
ATM_005,2023-02-10,213693,227471,220859.916666666667,14090,0,0,265324.976190476191,16178.285714285714,227783,healthy
ATM_005,2023-02-11,192103,213197,203112.125000000000,21590,0,0,249131.452380952381,16217.428571428571,213693,healthy
ATM_005,2023-02-12,170925,191624,181681.541666666667,21178,0,0,232920.202380952381,16211.428571428571,192103,healthy
ATM_005,2023-02-13,156719,170623,163934.791666666667,14206,0,0,216707.005952380953,16220.428571428571,170925,healthy
ATM_005,2023-02-14,142554,156390,149787.291666666667,14165,0,0,200493.386904761905,16226.714285714286,156719,healthy
ATM_005,2023-02-15,128496,142243,135644.375000000000,14058,0,0,184280.863095238095,16202.285714285714,142554,healthy
ATM_005,2023-02-16,114282,128181,121517.625000000000,14214,0,0,168076.809523809524,16214.428571428571,128496,healthy
ATM_005,2023-02-17,100285,113968,107382.583333333333,13997,0,0,151865.761904761905,16201.142857142857,114282,healthy
ATM_005,2023-02-18,79109,99786,89867.916666666667,21176,0,0,135688.017857142857,16142.000000000000,100285,low
ATM_005,2023-02-19,57917,78626,68673.958333333333,21192,0,0,119544.077380952381,16144.000000000000,79109,low
ATM_005,2023-02-20,50725,500000,257224.541666666667,14258,1,0,132871.184523809524,16151.428571428571,57917,low
ATM_005,2023-02-21,479862,493634,487031.333333333333,14091,0,0,181048.904761904762,16140.857142857143,50725,healthy
ATM_005,2023-02-22,465560,479534,472865.875000000000,14302,0,0,229223.404761904762,16175.714285714286,479862,healthy
ATM_005,2023-02-23,451332,465255,458588.833333333333,14228,0,0,277376.434523809524,16177.714285714286,465560,healthy
ATM_005,2023-02-24,437236,451025,444391.000000000000,14096,0,0,325520.494047619048,16191.857142857143,451332,healthy
ATM_005,2023-02-25,415967,436743,426752.625000000000,21269,0,0,373646.880952380952,16205.142857142857,437236,healthy
ATM_005,2023-02-26,377493,415069,397029.625000000000,38474,0,0,420554.833333333333,18674.000000000000,415967,healthy
ATM_005,2023-02-27,352199,376906,365079.208333333333,25294,0,0,435962.642857142857,20250.571428571429,377493,healthy
ATM_005,2023-02-28,326616,351658,339658.833333333333,25583,0,0,414909.428571428571,21892.285714285714,352199,healthy
ATM_005,2023-03-01,312524,326283,319670.500000000000,14092,0,0,393024.375000000000,21862.285714285714,326616,healthy
ATM_005,2023-03-02,298344,312192,305558.791666666667,14180,0,0,371162.940476190476,21855.428571428571,312524,healthy
ATM_005,2023-03-03,284113,298018,291327.083333333333,14231,0,0,349296.666666666667,21874.714285714286,298344,healthy
ATM_005,2023-03-04,262934,283617,273717.333333333333,21179,0,0,327434.482142857143,21861.857142857143,284113,healthy
ATM_005,2023-03-05,241481,262449,252386.791666666667,21453,0,0,306771.220238095238,19430.285714285714,262934,healthy
ATM_005,2023-03-06,227245,241160,234541.500000000000,14236,0,0,288122.976190476190,17850.571428571429,241481,healthy
ATM_005,2023-03-07,213051,226916,220291.541666666667,14194,0,0,271070.505952380952,16223.571428571429,227245,healthy
ATM_005,2023-03-08,198813,212735,206062.583333333333,14238,0,0,254840.803571428571,16244.428571428571,213051,healthy
ATM_005,2023-03-09,184565,198449,191771.041666666667,14248,0,0,238585.410714285714,16254.142857142857,198813,healthy
ATM_005,2023-03-10,170334,184273,177576.583333333333,14231,0,0,222335.339285714286,16254.142857142857,184565,healthy
ATM_005,2023-03-11,149109,169878,159896.458333333333,21225,0,0,206075.214285714286,16260.714285714286,170334,healthy
ATM_005,2023-03-12,127839,148620,138576.041666666667,21270,0,0,189816.535714285714,16234.571428571429,149109,healthy
ATM_005,2023-03-13,113664,127524,120919.625000000000,14175,0,0,173584.839285714286,16225.857142857143,127839,healthy
ATM_005,2023-03-14,99574,113350,106711.625000000000,14090,0,0,157359.136904761905,16211.000000000000,113664,low
ATM_005,2023-03-15,85259,99248,92517.750000000000,14315,0,0,141138.446428571429,16222.000000000000,99574,low
ATM_005,2023-03-16,71059,84971,78308.166666666667,14200,0,0,124929.464285714286,16215.142857142857,85259,low
ATM_005,2023-03-17,56859,70743,64082.666666666667,14200,0,0,108716.047619047619,16210.714285714286,71059,low
ATM_005,2023-03-18,51016,500000,309225.875000000000,21353,1,0,130048.821428571429,16229.000000000000,56859,low
ATM_005,2023-03-19,465047,485589,475726.791666666667,21027,0,0,178213.214285714286,16194.285714285714,51016,healthy
ATM_005,2023-03-20,450812,464717,458035.125000000000,14235,0,0,226372.571428571429,16202.857142857143,465047,healthy
ATM_005,2023-03-21,436892,450493,443956.833333333333,13920,0,0,274550.458333333333,16178.571428571429,450812,healthy
ATM_005,2023-03-22,422681,436547,429884.208333333333,14211,0,0,322745.666666666667,16163.714285714286,436892,healthy
ATM_005,2023-03-23,408643,422359,415765.916666666667,14038,0,0,370953.916666666667,16140.571428571429,422681,healthy
ATM_005,2023-03-24,394389,408320,401601.000000000000,14254,0,0,419170.821428571429,16148.285714285714,408643,healthy
ATM_005,2023-03-25,372930,393940,383815.083333333333,21459,0,0,429826.422619047619,16163.428571428571,394389,healthy
ATM_005,2023-03-26,334755,372068,354180.208333333333,38175,0,0,412462.625000000000,18613.142857142857,372930,healthy
ATM_005,2023-03-27,309298,334167,322159.750000000000,25457,0,0,393051.857142857143,20216.285714285714,334755,healthy
ATM_005,2023-03-28,283837,308705,296767.916666666667,25461,0,0,372024.869047619048,21865.000000000000,309298,healthy
ATM_005,2023-03-29,258143,283261,271153.583333333333,25694,0,0,349349.065476190476,23505.428571428571,283837,healthy
ATM_005,2023-03-30,232409,257554,245454.833333333333,25734,0,0,325018.910714285714,25176.285714285714,258143,healthy
ATM_005,2023-03-31,207335,231883,220081.000000000000,25074,0,0,299087.482142857143,26722.000000000000,232409,healthy
ATM_005,2023-04-01,186198,206828,196903.791666666667,21137,0,0,272385.869047619048,26676.000000000000,207335,healthy
ATM_005,2023-04-02,164897,185767,175798.166666666667,21301,0,0,246902.720238095238,24265.428571428571,186198,healthy
ATM_005,2023-04-03,150842,164603,158021.541666666667,14055,0,0,223454.404761904762,22636.571428571429,164897,healthy
ATM_005,2023-04-04,136784,150529,143925.291666666667,14058,0,0,201619.744047619048,21007.571428571429,150842,healthy
ATM_005,2023-04-05,122643,136453,129864.833333333333,14141,0,0,181435.636904761905,19357.142857142857,136784,healthy
ATM_005,2023-04-06,108471,122327,115650.333333333333,14172,0,0,162892.136904761905,17705.428571428571,122643,healthy
ATM_005,2023-04-07,94311,108154,101486.916666666667,14160,0,0,145950.125000000000,16146.285714285714,108471,low
ATM_005,2023-04-08,73194,93857,83913.666666666667,21117,0,0,129808.678571428572,16143.428571428571,94311,low
ATM_005,2023-04-09,51888,72713,62680.958333333333,21306,0,0,113649.077380952381,16144.142857142857,73194,low
ATM_005,2023-04-10,50255,500000,401122.000000000000,14294,1,0,148377.714285714286,16178.285714285714,51888,low
ATM_005,2023-04-11,473668,487344,480786.291666666667,13996,0,0,196500.714285714286,16169.428571428571,50255,healthy
ATM_005,2023-04-12,459430,473355,466622.541666666667,14238,0,0,244608.958333333333,16183.285714285714,473668,healthy
ATM_005,2023-04-13,445357,459095,452456.833333333333,14073,0,0,292724.172619047619,16169.142857142857,459430,healthy
ATM_005,2023-04-14,431165,445019,438357.416666666667,14192,0,0,340848.529761904762,16173.714285714286,445357,healthy
ATM_005,2023-04-15,409928,430659,420644.083333333333,21237,0,0,388952.875000000000,16190.857142857143,431165,healthy
ATM_005,2023-04-16,388878,409466,399546.000000000000,21050,0,0,437076.452380952381,16154.285714285714,409928,healthy
ATM_005,2023-04-17,374610,388546,381824.583333333333,14268,0,0,434319.678571428571,16150.571428571429,388878,healthy
ATM_005,2023-04-18,360354,374311,367625.958333333333,14256,0,0,418153.916666666667,16187.714285714286,374610,healthy
ATM_005,2023-04-19,346331,360006,353442.208333333333,14023,0,0,401985.297619047619,16157.000000000000,360354,healthy
ATM_005,2023-04-20,332333,346029,339489.833333333333,13998,0,0,385847.154761904762,16146.285714285714,346331,healthy
ATM_005,2023-04-21,318113,332003,325286.416666666667,14220,0,0,369694.154761904762,16150.285714285714,332333,healthy
ATM_005,2023-04-22,296928,317651,307696.583333333333,21185,0,0,353558.797619047619,16142.857142857143,318113,healthy
ATM_005,2023-04-23,275679,296454,286528.500000000000,21249,0,0,337413.440476190476,16171.285714285714,296928,healthy
ATM_005,2023-04-24,261739,275380,268813.791666666667,13940,0,0,321269.041666666667,16124.428571428571,275679,healthy
ATM_005,2023-04-25,247535,261407,254760.208333333333,14204,0,0,305145.363095238095,16117.000000000000,261739,healthy
ATM_005,2023-04-26,222071,246988,235075.541666666667,25464,0,0,288235.839285714286,17751.428571428571,247535,healthy
ATM_005,2023-04-27,196381,221489,209407.041666666667,25690,0,0,269652.583333333333,19421.714285714286,222071,healthy
ATM_005,2023-04-28,170926,195798,183824.125000000000,25455,0,0,249443.684523809524,21026.714285714286,196381,healthy
ATM_005,2023-04-29,132874,170055,152159.541666666667,38052,0,0,227224.107142857143,23436.285714285714,170926,healthy
ATM_005,2023-04-30,94354,131995,113878.291666666667,38520,0,0,202559.791666666667,25903.571428571429,132874,low
ATM_005,2023-05-01,80243,94025,87396.250000000000,14111,0,0,176643.000000000000,25928.000000000000,94354,low
ATM_005,2023-05-02,66270,79926,73355.875000000000,13973,0,0,150728.095238095238,25895.000000000000,80243,low
ATM_005,2023-05-03,52212,65932,59361.041666666667,14058,0,0,125626.023809523810,24265.571428571429,66270,low
ATM_005,2023-05-04,50287,500000,382856.041666666667,13919,1,0,150404.452380952381,22584.000000000000,52212,low
ATM_005,2023-05-05,474200,487998,481356.166666666667,14103,0,0,192909.029761904762,20962.285714285714,50287,healthy
ATM_005,2023-05-06,453158,473733,463854.791666666667,21042,0,0,237436.922619047619,18532.285714285714,474200,healthy
ATM_005,2023-05-07,431865,452664,442726.500000000000,21293,0,0,284415.238095238095,16071.285714285714,453158,healthy
ATM_005,2023-05-08,417862,431558,424989.500000000000,14003,0,0,332642.845238095238,16055.857142857143,431865,healthy
ATM_005,2023-05-09,403769,417544,410914.625000000000,14093,0,0,380865.523809523810,16073.000000000000,417862,healthy
ATM_005,2023-05-10,389768,403441,396900.958333333333,14001,0,0,429085.511904761905,16064.857142857143,403769,healthy
ATM_005,2023-05-11,375601,389478,382810.666666666667,14167,0,0,429079.029761904762,16100.285714285714,389768,healthy
ATM_005,2023-05-12,361443,375273,368593.583333333333,14158,0,0,412970.089285714286,16108.142857142857,375601,healthy
ATM_005,2023-05-13,340115,360987,350958.041666666667,21328,0,0,396841.982142857143,16149.000000000000,361443,healthy
ATM_005,2023-05-14,318772,339643,329591.000000000000,21343,0,0,380679.767857142857,16156.142857142857,340115,healthy
ATM_005,2023-05-15,304413,318452,311683.291666666667,14359,0,0,364493.166666666667,16207.000000000000,318772,healthy
ATM_005,2023-05-16,290247,304118,297481.875000000000,14166,0,0,348288.488095238095,16217.428571428571,304413,healthy
ATM_005,2023-05-17,276063,289925,283264.625000000000,14184,0,0,332054.726190476191,16243.571428571429,290247,healthy
ATM_005,2023-05-18,261887,275748,269026.916666666667,14176,0,0,315799.904761904762,16244.857142857143,276063,healthy
ATM_005,2023-05-19,247769,261563,254931.333333333333,14118,0,0,299562.440476190476,16239.142857142857,261887,healthy
ATM_005,2023-05-20,226734,247263,237404.375000000000,21035,0,0,283340.488095238095,16197.285714285714,247769,healthy
ATM_005,2023-05-21,205371,226268,216209.833333333333,21363,0,0,267143.178571428571,16200.142857142857,226734,healthy
ATM_005,2023-05-22,191230,205063,198404.875000000000,14141,0,0,250960.547619047619,16169.000000000000,205371,healthy
ATM_005,2023-05-23,177168,190886,184317.958333333333,14062,0,0,234794.273809523809,16154.142857142857,191230,healthy
ATM_005,2023-05-24,162898,176846,170144.666666666667,14270,0,0,218634.279761904762,16166.428571428571,177168,healthy
ATM_005,2023-05-25,148748,162582,155945.500000000000,14150,0,0,202479.791666666667,16162.714285714286,162898,healthy
ATM_005,2023-05-26,123037,148182,136122.416666666667,25711,0,0,185507.089285714286,17818.857142857143,148748,healthy
ATM_005,2023-05-27,84948,122141,104257.708333333333,38089,0,0,166486.136904761905,20255.142857142857,123037,low
ATM_005,2023-05-28,50243,500000,141242.833333333333,38034,1,0,155776.565476190476,22636.714285714286,84948,low
ATM_005,2023-05-29,471901,496940,484891.041666666667,25611,0,0,196703.160714285714,24275.285714285714,50243,healthy
ATM_005,2023-05-30,446036,471303,459155.458333333333,25865,0,0,235965.660714285714,25961.428571428571,471901,healthy
ATM_005,2023-05-31,420274,445415,433311.708333333333,25762,0,0,273560.952380952381,27603.142857142857,446036,healthy
ATM_005,2023-06-01,406080,419961,413266.833333333333,14194,0,0,310321.142857142857,27609.428571428571,420274,healthy
ATM_005,2023-06-02,392058,405751,399159.250000000000,14022,0,0,347897.833333333333,25939.571428571429,406080,healthy
ATM_005,2023-06-03,370761,391581,381628.708333333333,21297,0,0,387522.261904761905,23540.714285714286,392058,healthy
ATM_005,2023-06-04,349515,370284,360308.750000000000,21246,0,0,418817.392857142857,21142.428571428571,370761,healthy
ATM_005,2023-06-05,335352,349199,342575.833333333333,14163,0,0,398486.648809523809,19507.000000000000,349515,healthy
ATM_005,2023-06-06,321198,335053,328434.958333333333,14154,0,0,379812.291666666666,17834.000000000000,335352,healthy
ATM_005,2023-06-07,307087,320847,314178.750000000000,14111,0,0,362793.297619047619,16169.571428571429,321198,healthy
ATM_005,2023-06-08,292962,306736,300102.333333333333,14125,0,0,346626.940476190476,16159.714285714286,307087,healthy
ATM_005,2023-06-09,278661,292654,285970.500000000000,14301,0,0,330457.119047619047,16199.571428571429,292962,healthy
ATM_005,2023-06-10,257358,278186,268196.791666666667,21303,0,0,314252.559523809524,16200.428571428571,278661,healthy
ATM_005,2023-06-11,235964,256856,246794.833333333333,21394,0,0,298036.285714285714,16221.571428571429,257358,healthy
ATM_005,2023-06-12,221864,235645,229035.583333333333,14100,0,0,281816.250000000000,16212.571428571429,235964,healthy
ATM_005,2023-06-13,207588,221544,214837.208333333333,14276,0,0,265588.000000000000,16230.000000000000,221864,healthy
ATM_005,2023-06-14,193514,207251,200657.458333333333,14074,0,0,249370.672619047619,16224.714285714286,207588,healthy
ATM_005,2023-06-15,179268,193183,186451.875000000000,14246,0,0,233134.892857142857,16242.000000000000,193514,healthy
ATM_005,2023-06-16,165081,178960,172286.916666666667,14187,0,0,216894.380952380952,16225.714285714286,179268,healthy
ATM_005,2023-06-17,143770,164601,154557.125000000000,21311,0,0,200660.142857142857,16226.857142857143,165081,healthy
ATM_005,2023-06-18,122553,143306,133341.583333333333,21217,0,0,184452.535714285714,16201.571428571429,143770,healthy
ATM_005,2023-06-19,108465,122214,115607.208333333333,14088,0,0,168248.482142857143,16199.857142857143,122553,healthy
ATM_005,2023-06-20,94375,108143,101551.916666666667,14090,0,0,152064.869047619048,16173.285714285714,108465,low
ATM_005,2023-06-21,80311,94051,87455.666666666667,14064,0,0,135893.184523809524,16171.857142857143,94375,low
ATM_005,2023-06-22,66182,79993,73344.958333333333,14129,0,0,119735.053571428571,16155.142857142857,80311,low
ATM_005,2023-06-23,52094,65858,59234.500000000000,14088,0,0,103584.708333333333,16141.000000000000,66182,low
ATM_005,2023-06-24,50198,500000,416860.166666666667,21406,1,0,141056.571428571429,16154.571428571429,52094,low
ATM_005,2023-06-25,459777,480459,470517.083333333333,21209,0,0,189224.500000000000,16153.428571428571,50198,healthy
ATM_005,2023-06-26,434285,459220,447194.208333333333,25492,0,0,236594.071428571429,17782.571428571429,459777,healthy
ATM_005,2023-06-27,408765,433722,421811.791666666667,25520,0,0,282345.482142857143,19415.428571428571,434285,healthy
ATM_005,2023-06-28,383410,408170,396298.291666666667,25355,0,0,326465.857142857143,21028.428571428571,408765,healthy
ATM_005,2023-06-29,357941,382867,370899.583333333333,25469,0,0,368973.660714285714,22648.428571428571,383410,healthy
ATM_005,2023-06-30,332572,357308,345333.583333333333,25369,0,0,409844.958333333333,24260.000000000000,357941,healthy
ATM_005,2023-07-01,311446,332083,322198.875000000000,21126,0,0,396321.916666666667,24220.000000000000,332572,healthy
ATM_005,2023-07-02,289961,311002,300870.541666666667,21485,0,0,372086.696428571429,24259.428571428571,311446,healthy
ATM_005,2023-07-03,275935,289644,283011.625000000000,14026,0,0,348632.041666666667,22621.428571428571,289961,healthy
ATM_005,2023-07-04,261818,275626,268988.708333333333,14117,0,0,326800.172619047619,20992.428571428571,275935,healthy
ATM_005,2023-07-05,247702,261497,254859.875000000000,14116,0,0,306594.684523809524,19386.857142857143,261818,healthy
ATM_005,2023-07-06,233567,247386,240742.375000000000,14135,0,0,288000.797619047619,17767.714285714286,247702,healthy
ATM_005,2023-07-07,219379,233240,226582.208333333333,14188,0,0,271036.315476190476,16170.428571428571,233567,healthy
ATM_005,2023-07-08,197962,218899,208859.791666666667,21417,0,0,254845.017857142857,16212.000000000000,219379,healthy
ATM_005,2023-07-09,176672,197500,187518.791666666667,21290,0,0,238651.910714285714,16184.142857142857,197962,healthy
ATM_005,2023-07-10,162601,176341,169777.083333333333,14071,0,0,222475.547619047619,16190.571428571429,176672,healthy
ATM_005,2023-07-11,148353,162272,155600.083333333333,14248,0,0,206277.172619047619,16209.285714285714,162601,healthy
ATM_005,2023-07-12,134245,148025,141461.916666666667,14108,0,0,190077.464285714286,16208.142857142857,148353,healthy
ATM_005,2023-07-13,120056,133898,127227.625000000000,14189,0,0,173861.071428571429,16215.857142857143,134245,healthy
ATM_005,2023-07-14,105887,119724,113094.458333333333,14169,0,0,157648.535714285714,16213.142857142857,120056,healthy
ATM_005,2023-07-15,84689,105383,95391.875000000000,21198,0,0,141438.833333333333,16181.857142857143,105887,low
ATM_005,2023-07-16,63468,84190,74254.750000000000,21221,0,0,125258.255952380952,16172.000000000000,84689,low
ATM_005,2023-07-17,50170,500000,112700.125000000000,14307,1,0,117104.404761904762,16205.714285714286,63468,low
ATM_005,2023-07-18,485227,499000,492342.125000000000,14107,0,0,165210.410714285714,16185.571428571429,50170,healthy
ATM_005,2023-07-19,471118,484884,478269.958333333333,14109,0,0,213325.845238095238,16185.714285714286,485227,healthy
ATM_005,2023-07-20,457003,470811,464164.916666666667,14115,0,0,261459.744047619048,16175.142857142857,471118,healthy
ATM_005,2023-07-21,442946,456710,450093.791666666667,14057,0,0,309602.505952380952,16159.142857142857,457003,healthy
ATM_005,2023-07-22,421779,442464,432548.166666666667,21167,0,0,357767.690476190476,16154.714285714286,442946,healthy
ATM_005,2023-07-23,400485,421275,411290.333333333333,21294,0,0,405915.630952380952,16165.142857142857,421779,healthy
ATM_005,2023-07-24,386196,400143,393441.375000000000,14289,0,0,446021.523809523810,16162.571428571429,400485,healthy
ATM_005,2023-07-25,372030,385903,379245.666666666667,14166,0,0,429864.886904761905,16171.000000000000,386196,healthy
ATM_005,2023-07-26,346255,371438,359341.375000000000,25775,0,0,412875.089285714286,17837.571428571429,372030,healthy
ATM_005,2023-07-27,320698,345695,333722.375000000000,25557,0,0,394240.440476190476,19472.142857142857,346255,healthy
ATM_005,2023-07-28,295112,320147,308055.166666666667,25586,0,0,373949.208333333333,21119.142857142857,320698,healthy
ATM_005,2023-07-29,256516,294282,276178.083333333333,38596,0,0,351610.625000000000,23609.000000000000,295112,healthy
ATM_005,2023-07-30,218126,255709,237666.000000000000,38390,0,0,326807.148809523810,26051.285714285714,256516,healthy
ATM_005,2023-07-31,192577,217521,205503.958333333333,25549,0,0,299958.946428571429,27659.857142857143,218126,healthy
ATM_005,2023-08-01,178384,192262,185594.125000000000,14193,0,0,272294.440476190476,27663.714285714286,192577,healthy
ATM_005,2023-08-02,164178,178063,171403.000000000000,14206,0,0,245446.101190476190,26011.000000000000,178384,healthy
ATM_005,2023-08-03,150087,163865,157292.166666666667,14091,0,0,220241.785714285714,24373.000000000000,164178,healthy
ATM_005,2023-08-04,135897,149764,143086.041666666667,14190,0,0,196674.767857142857,22745.000000000000,150087,healthy
ATM_005,2023-08-05,114694,135381,125452.041666666667,21203,0,0,175142.476190476191,20260.285714285714,135897,healthy
ATM_005,2023-08-06,93288,114215,104167.208333333333,21406,0,0,156071.220238095238,17834.000000000000,114694,low
ATM_005,2023-08-07,79371,92991,86444.958333333333,13917,0,0,139062.791666666667,16172.285714285714,93288,low
ATM_005,2023-08-08,65020,79026,72289.625000000000,14351,0,0,122876.434523809524,16194.857142857143,79371,low
ATM_005,2023-08-09,50905,64703,58064.958333333333,14115,0,0,106685.285714285714,16181.857142857143,65020,low
ATM_005,2023-08-10,50286,500000,456432.666666666667,14267,1,0,149419.642857142857,16207.000000000000,50905,low
ATM_005,2023-08-11,472430,486365,479680.208333333333,14262,0,0,197504.523809523809,16217.285714285714,50286,healthy
ATM_005,2023-08-12,451127,471954,461924.416666666667,21303,0,0,245572.005952380952,16231.571428571429,472430,healthy
ATM_005,2023-08-13,429964,450641,440682.125000000000,21163,0,0,293645.565476190476,16196.857142857143,451127,healthy
ATM_005,2023-08-14,415779,429640,423010.958333333333,14185,0,0,341726.422619047619,16235.142857142857,429964,healthy
ATM_005,2023-08-15,401769,415491,408908.000000000000,14010,0,0,389814.761904761905,16186.428571428571,415779,healthy
ATM_005,2023-08-16,387621,401482,394789.166666666667,14148,0,0,437918.220238095238,16191.142857142857,401769,healthy
ATM_005,2023-08-17,373597,387300,380745.916666666667,14024,0,0,427105.827380952381,16156.428571428571,387621,healthy
ATM_005,2023-08-18,359417,373264,366563.666666666667,14180,0,0,410946.321428571429,16144.714285714286,373597,healthy
ATM_005,2023-08-19,338263,358955,349022.625000000000,21154,0,0,394817.494047619048,16123.428571428571,359417,healthy
ATM_005,2023-08-20,316848,337762,327737.541666666667,21415,0,0,378682.553571428572,16159.428571428571,338263,healthy
ATM_005,2023-08-21,302943,316519,310003.750000000000,13905,0,0,362538.666666666667,16119.428571428571,316848,healthy
ATM_005,2023-08-22,288763,302620,295952.333333333333,14180,0,0,346402.142857142857,16143.714285714286,302943,healthy
ATM_005,2023-08-23,274647,288481,281835.000000000000,14116,0,0,330265.833333333333,16139.142857142857,288763,healthy
ATM_005,2023-08-24,260536,274339,267669.000000000000,14111,0,0,314111.988095238095,16151.571428571429,274647,healthy
ATM_005,2023-08-25,246251,260219,253526.958333333333,14285,0,0,297963.886904761905,16166.571428571429,260536,healthy
ATM_005,2023-08-26,207684,245341,227298.041666666667,38567,0,0,280574.660714285714,18654.142857142857,246251,healthy
ATM_005,2023-08-27,169528,206820,188937.333333333333,38156,0,0,260746.059523809524,21045.714285714286,207684,healthy
ATM_005,2023-08-28,144048,168958,157009.125000000000,25480,0,0,238889.684523809524,22699.285714285714,169528,healthy
ATM_005,2023-08-29,118407,143459,131401.125000000000,25641,0,0,215382.369047619048,24336.571428571429,144048,healthy
ATM_005,2023-08-30,92902,117828,105800.583333333333,25505,0,0,190234.595238095238,25963.571428571429,118407,low
ATM_005,2023-08-31,67247,92317,80259.208333333333,25655,0,0,163461.767857142857,27612.714285714286,92902,low
ATM_005,2023-09-01,53337,66924,60391.791666666667,13910,0,0,135871.029761904762,27559.142857142857,67247,low
ATM_005,2023-09-02,50468,500000,380308.250000000000,21442,1,0,157729.630952380952,25112.714285714286,53337,low
ATM_005,2023-09-03,460462,481453,471427.125000000000,21458,0,0,198085.315476190476,22727.285714285714,50468,healthy
ATM_005,2023-09-04,446428,460147,453544.833333333333,14034,0,0,240447.559523809524,21092.142857142857,460462,healthy
ATM_005,2023-09-05,431953,446116,439326.208333333333,14475,0,0,284436.857142857143,19497.000000000000,446428,healthy
ATM_005,2023-09-06,417681,431623,424964.333333333333,14272,0,0,330031.678571428571,17892.285714285714,431953,healthy
ATM_005,2023-09-07,403440,417362,410676.458333333333,14241,0,0,377234.142857142857,16261.714285714286,417681,healthy
ATM_005,2023-09-08,389311,403135,396510.708333333333,14129,0,0,425251.130952380952,16293.000000000000,403440,healthy
ATM_005,2023-09-09,368113,388855,378867.166666666667,21198,0,0,425045.261904761905,16258.142857142857,389311,healthy
ATM_005,2023-09-10,346811,367615,357530.250000000000,21302,0,0,408774.279761904762,16235.857142857143,368113,healthy
ATM_005,2023-09-11,332535,346486,339786.625000000000,14276,0,0,392523.107142857143,16270.428571428571,346811,healthy
ATM_005,2023-09-12,318258,332210,325498.541666666667,14277,0,0,376262.011904761905,16242.142857142857,332535,healthy
ATM_005,2023-09-13,303834,317903,311127.500000000000,14424,0,0,359999.607142857143,16263.857142857143,318258,healthy
ATM_005,2023-09-14,289511,303474,296761.666666666667,14323,0,0,343726.065476190476,16275.571428571429,303834,healthy
ATM_005,2023-09-15,275405,289186,282590.166666666667,14106,0,0,327451.702380952381,16272.285714285714,289511,healthy
ATM_005,2023-09-16,254335,274910,265004.458333333333,21070,0,0,311185.601190476191,16254.000000000000,275405,healthy
ATM_005,2023-09-17,233155,253896,243969.916666666667,21180,0,0,294962.696428571429,16236.571428571429,254335,healthy
ATM_005,2023-09-18,219095,232821,226240.708333333333,14060,0,0,278741.851190476191,16205.714285714286,233155,healthy
ATM_005,2023-09-19,204929,218763,212144.291666666667,14166,0,0,262548.386904761905,16189.857142857143,219095,healthy
ATM_005,2023-09-20,190837,204580,197942.000000000000,14092,0,0,246379.029761904762,16142.428571428571,204929,healthy
ATM_005,2023-09-21,176615,190522,183818.125000000000,14222,0,0,230244.238095238095,16128.000000000000,190837,healthy
ATM_005,2023-09-22,162503,176282,169621.166666666667,14112,0,0,214105.809523809524,16128.857142857143,176615,healthy
ATM_005,2023-09-23,141148,162046,152021.750000000000,21355,0,0,197965.422619047619,16169.571428571429,162503,healthy
ATM_005,2023-09-24,119935,140708,130717.083333333333,21213,0,0,181786.446428571429,16174.285714285714,141148,healthy
ATM_005,2023-09-25,105912,119615,112991.625000000000,14023,0,0,165608.005952380952,16169.000000000000,119935,healthy
ATM_005,2023-09-26,80158,105304,93311.416666666667,25754,0,0,148631.880952380952,17824.428571428571,105912,low
ATM_005,2023-09-27,54491,79548,67580.000000000000,25667,0,0,130008.738095238095,19478.000000000000,80158,low
ATM_005,2023-09-28,50366,500000,360844.125000000000,25465,1,0,155298.166666666667,21084.142857142857,54491,low
ATM_005,2023-09-29,453857,478687,466768.000000000000,25428,0,0,197747.714285714286,22700.714285714286,50366,healthy
ATM_005,2023-09-30,415653,453029,435048.375000000000,38204,0,0,238180.089285714286,25107.714285714286,453857,healthy
ATM_005,2023-10-01,394528,415151,405220.125000000000,21125,0,0,277394.809523809524,25095.142857142857,415653,healthy
ATM_005,2023-10-02,380368,394204,387538.500000000000,14160,0,0,316615.791666666667,25114.714285714286,394528,healthy
ATM_005,2023-10-03,366143,380054,373333.083333333333,14225,0,0,356618.886904761905,23467.714285714286,380368,healthy
ATM_005,2023-10-04,351775,365813,359012.625000000000,14368,0,0,398252.119047619048,21853.571428571429,366143,healthy
ATM_005,2023-10-05,337408,351447,344703.250000000000,14367,0,0,395946.279761904762,20268.142857142857,351775,healthy
ATM_005,2023-10-06,323121,337052,330359.708333333333,14287,0,0,376459.380952380952,18676.571428571429,337408,healthy
ATM_005,2023-10-07,301743,322626,312580.083333333333,21378,0,0,358963.910714285714,16272.857142857143,323121,healthy
ATM_005,2023-10-08,280516,301231,291275.125000000000,21227,0,0,342686.053571428571,16287.428571428571,301743,healthy
ATM_005,2023-10-09,266180,280194,273476.750000000000,14336,0,0,326391.517857142857,16312.571428571429,280516,healthy
ATM_005,2023-10-10,252115,265887,259287.666666666667,14065,0,0,310099.315476190476,16289.714285714286,266180,healthy
ATM_005,2023-10-11,238075,251788,245196.833333333333,14040,0,0,293839.916666666667,16242.857142857143,252115,healthy
ATM_005,2023-10-12,223933,237728,231065.041666666667,14142,0,0,277605.886904761905,16210.714285714286,238075,healthy
ATM_005,2023-10-13,209711,223639,216952.416666666667,14222,0,0,261404.845238095238,16201.428571428571,223933,healthy
ATM_005,2023-10-14,188488,209249,199275.625000000000,21223,0,0,245218.494047619048,16179.285714285714,209711,healthy
ATM_005,2023-10-15,167204,187990,178015.750000000000,21284,0,0,229038.583333333333,16187.428571428571,188488,healthy
ATM_005,2023-10-16,153146,166900,160276.500000000000,14058,0,0,212867.119047619048,16147.714285714286,167204,healthy
ATM_005,2023-10-17,139242,152870,146330.833333333333,13904,0,0,196730.428571428571,16124.714285714286,153146,healthy
ATM_005,2023-10-18,125137,138884,132287.166666666667,14105,0,0,180600.476190476191,16134.000000000000,139242,healthy
ATM_005,2023-10-19,110789,124830,118103.583333333333,14348,0,0,164463.125000000000,16163.428571428571,125137,healthy
ATM_005,2023-10-20,96550,110480,103767.875000000000,14239,0,0,148293.904761904762,16165.857142857143,110789,low
ATM_005,2023-10-21,75614,96088,86269.208333333333,20936,0,0,132150.130952380952,16124.857142857143,96550,low
ATM_005,2023-10-22,54259,75187,65145.583333333333,21355,0,0,116025.821428571428,16135.000000000000,75614,low
ATM_005,2023-10-23,50280,500000,310203.875000000000,14053,1,0,137444.017857142857,16134.285714285714,54259,low
ATM_005,2023-10-24,476732,490624,483982.208333333333,14180,0,0,185679.928571428571,16173.714285714286,50280,healthy
ATM_005,2023-10-25,462391,476416,469632.500000000000,14341,0,0,233872.119047619047,16207.428571428571,476732,healthy
ATM_005,2023-10-26,436945,461851,449882.958333333333,25446,0,0,281269.172619047619,17792.857142857143,462391,healthy
ATM_005,2023-10-27,411622,436375,424489.000000000000,25323,0,0,327086.476190476190,19376.285714285714,436945,healthy
ATM_005,2023-10-28,373473,410748,392825.458333333333,38149,0,0,370880.226190476190,21835.285714285714,411622,healthy
ATM_005,2023-10-29,335446,372618,354689.416666666667,38027,0,0,412243.630952380952,24217.000000000000,373473,healthy
ATM_005,2023-10-30,309794,334854,322790.916666666667,25652,0,0,414041.779761904762,25874.000000000000,335446,healthy
ATM_005,2023-10-31,284542,309196,297311.708333333333,25252,0,0,387374.565476190476,27455.714285714286,309794,healthy
ATM_005,2023-11-01,270328,284184,277524.041666666667,14214,0,0,359930.500000000000,27437.571428571429,284542,healthy
ATM_005,2023-11-02,256199,269987,263372.083333333333,14129,0,0,333286.089285714286,25820.857142857143,270328,healthy
ATM_005,2023-11-03,241880,255868,249178.125000000000,14319,0,0,308241.678571428571,24248.857142857143,256199,healthy
ATM_005,2023-11-04,220528,241371,231352.833333333333,21352,0,0,285174.160714285714,21849.285714285714,241880,healthy
ATM_005,2023-11-05,199053,220094,209972.083333333333,21475,0,0,264500.255952380952,19484.714285714286,220528,healthy
ATM_005,2023-11-06,184815,198722,192036.750000000000,14238,0,0,245821.089285714286,17854.142857142857,199053,healthy
ATM_005,2023-11-07,170438,184520,177747.208333333333,14377,0,0,228740.446428571428,16300.571428571429,184815,healthy
ATM_005,2023-11-08,156398,170110,163549.541666666667,14040,0,0,212458.375000000000,16275.714285714286,170438,healthy
ATM_005,2023-11-09,142316,156065,149463.000000000000,14082,0,0,196185.648809523809,16269.000000000000,156398,healthy
ATM_005,2023-11-10,128081,141998,135287.041666666667,14235,0,0,179915.494047619048,16257.000000000000,142316,healthy
ATM_005,2023-11-11,106839,127615,117641.250000000000,21242,0,0,163670.982142857143,16241.285714285714,128081,healthy
ATM_005,2023-11-12,85505,106356,96323.625000000000,21334,0,0,147435.488095238095,16221.142857142857,106839,low
ATM_005,2023-11-13,71202,85173,78459.791666666667,14303,0,0,131210.208333333333,16230.428571428571,85505,low
ATM_005,2023-11-14,57167,70872,64287.166666666667,14035,0,0,115001.630952380953,16181.571428571429,71202,low
ATM_005,2023-11-15,50217,500000,256864.625000000000,14128,1,0,128332.357142857143,16194.142857142857,57167,low
ATM_005,2023-11-16,479525,493592,486790.208333333333,14361,0,0,176521.958333333333,16234.000000000000,50217,healthy
ATM_005,2023-11-17,465249,479214,472539.375000000000,14276,0,0,224700.863095238095,16239.857142857143,479525,healthy
ATM_005,2023-11-18,444204,464790,454884.583333333333,21045,0,0,272878.482142857143,16211.714285714286,465249,healthy
ATM_005,2023-11-19,423076,443717,433827.750000000000,21128,0,0,321093.357142857143,16182.285714285714,444204,healthy
ATM_005,2023-11-20,408787,422764,416011.125000000000,14289,0,0,369314.976190476190,16180.285714285714,423076,healthy
ATM_005,2023-11-21,394620,408464,401795.375000000000,14167,0,0,417530.434523809524,16199.142857142857,408787,healthy
ATM_005,2023-11-22,380550,394302,387699.291666666667,14070,0,0,436221.101190476190,16190.857142857143,394620,healthy
ATM_005,2023-11-23,366606,380222,373656.333333333333,13944,0,0,420059.119047619048,16131.285714285714,380550,healthy
ATM_005,2023-11-24,352401,366290,359591.458333333333,14205,0,0,403923.702380952381,16121.142857142857,366606,healthy
ATM_005,2023-11-25,331402,351903,342053.791666666667,20999,0,0,387805.017857142857,16114.571428571429,352401,healthy
ATM_005,2023-11-26,293666,330569,312838.666666666667,37736,0,0,370520.863095238095,18487.142857142857,331402,healthy
ATM_005,2023-11-27,267978,293042,280951.166666666667,25688,0,0,351226.583333333333,20115.571428571429,293666,healthy
ATM_005,2023-11-28,242338,267446,255347.708333333333,25640,0,0,330305.488095238095,21754.571428571429,267978,healthy
ATM_005,2023-11-29,216649,241764,229637.375000000000,25689,0,0,307725.214285714286,23414.428571428571,242338,healthy
ATM_005,2023-11-30,190761,216041,203890.583333333333,25888,0,0,283472.964285714286,25120.714285714286,216649,healthy
ATM_005,2023-12-01,176482,190441,183754.458333333333,14279,0,0,258353.392857142857,25131.285714285714,190761,healthy
ATM_005,2023-12-02,155266,175995,166011.750000000000,21216,0,0,233204.529761904762,25162.285714285714,176482,healthy
ATM_005,2023-12-03,133783,154774,144688.833333333333,21483,0,0,209183.125000000000,22840.428571428571,155266,healthy
ATM_005,2023-12-04,119412,133485,126748.958333333333,14371,0,0,187154.238095238095,21223.714285714286,133783,healthy
ATM_005,2023-12-05,105019,119109,112314.666666666667,14393,0,0,166720.946428571428,19617.000000000000,119412,healthy
ATM_005,2023-12-06,90915,104703,98042.541666666667,14104,0,0,147921.684523809524,17962.000000000000,105019,low
ATM_005,2023-12-07,76702,90545,83907.166666666667,14213,0,0,130781.196428571429,16294.142857142857,90915,low
ATM_005,2023-12-08,62644,76380,69795.875000000000,14058,0,0,114501.398809523810,16262.571428571429,76702,low
ATM_005,2023-12-09,50511,500000,240127.500000000000,21213,1,0,125089.363095238095,16262.142857142857,62644,low
ATM_005,2023-12-10,470801,491959,481824.541666666667,21659,0,0,173251.607142857143,16287.285714285714,50511,healthy
ATM_005,2023-12-11,456916,470509,463993.708333333333,13885,0,0,221429.428571428572,16217.857142857143,470801,healthy
ATM_005,2023-12-12,442740,456606,449924.291666666667,14176,0,0,269659.375000000000,16186.857142857143,456916,healthy
ATM_005,2023-12-13,428526,442407,435690.375000000000,14214,0,0,317894.779761904762,16202.571428571429,442740,healthy
ATM_005,2023-12-14,414367,428191,421535.916666666667,14159,0,0,366127.458333333333,16194.857142857143,428526,healthy
ATM_005,2023-12-15,400158,414050,407405.875000000000,14209,0,0,414357.458333333333,16216.428571428571,414367,healthy
ATM_005,2023-12-16,379152,399692,389790.250000000000,21006,0,0,435737.851190476191,16186.857142857143,400158,healthy
ATM_005,2023-12-17,357968,378646,368770.583333333333,21184,0,0,419587.285714285714,16119.000000000000,379152,healthy
ATM_005,2023-12-18,343761,357654,350957.500000000000,14207,0,0,403439.255952380952,16165.000000000000,357968,healthy
ATM_005,2023-12-19,329585,343422,336780.708333333333,14176,0,0,387275.886904761905,16165.000000000000,343761,healthy
ATM_005,2023-12-20,315074,329274,322418.333333333333,14511,0,0,371094.166666666667,16207.428571428571,329585,healthy
ATM_005,2023-12-21,300976,314745,308101.666666666667,14098,0,0,354889.273809523809,16198.714285714286,315074,healthy
ATM_005,2023-12-22,286883,300669,294078.625000000000,14093,0,0,338699.666666666667,16182.142857142857,300976,healthy
ATM_005,2023-12-23,265761,286371,276422.208333333333,21122,0,0,322504.232142857143,16198.714285714286,286883,healthy
ATM_005,2023-12-24,244663,265291,255387.500000000000,21098,0,0,306306.648809523809,16186.428571428571,265761,healthy
ATM_005,2023-12-25,230496,244342,237666.250000000000,14167,0,0,290122.184523809524,16180.714285714286,244663,healthy
ATM_005,2023-12-26,205049,229895,217944.125000000000,25447,0,0,273145.529761904762,17790.857142857143,230496,healthy
ATM_005,2023-12-27,179456,204504,192414.416666666667,25593,0,0,254573.541666666667,19374.000000000000,205049,healthy
ATM_005,2023-12-28,154092,178896,166914.583333333333,25364,0,0,234403.958333333333,20983.428571428571,179456,healthy
ATM_005,2023-12-29,128160,153460,141333.625000000000,25932,0,0,212583.244047619048,22674.714285714286,154092,healthy
ATM_005,2023-12-30,89987,127281,109343.166666666667,38173,0,0,188714.809523809524,25110.571428571429,128160,low
ATM_005,2023-12-31,89194,89194,89194.000000000000,793,0,0,164972.880952380952,22209.857142857143,89987,low
ATM_006,2023-01-01,478394,499492,489398.500000000000,21606,0,0,489398.500000000000,21606.000000000000,,healthy
ATM_006,2023-01-02,464200,478064,471399.250000000000,14194,0,0,480398.875000000000,17900.000000000000,478394,healthy
ATM_006,2023-01-03,450163,463873,457263.416666666667,14037,0,0,472687.055555555556,16612.333333333333,464200,healthy
ATM_006,2023-01-04,435913,449849,443176.583333333333,14250,0,0,465309.437500000000,16021.750000000000,450163,healthy
ATM_006,2023-01-05,421764,435598,428950.458333333333,14149,0,0,458037.641666666667,15647.200000000000,435913,healthy
ATM_006,2023-01-06,407668,421441,414844.958333333333,14096,0,0,450838.861111111111,15388.666666666667,421764,healthy
ATM_006,2023-01-07,386303,407204,397177.875000000000,21365,0,0,443173.005952380952,16242.428571428571,407668,healthy
ATM_006,2023-01-08,365001,385843,375784.291666666667,21302,0,0,426942.404761904762,16199.000000000000,386303,healthy
ATM_006,2023-01-09,350865,364671,358032.750000000000,14136,0,0,410747.190476190476,16190.714285714286,365001,healthy
ATM_006,2023-01-10,336742,350564,343914.291666666667,14123,0,0,394554.458333333333,16203.000000000000,350865,healthy
ATM_006,2023-01-11,322658,336447,329802.250000000000,14084,0,0,378358.125000000000,16179.285714285714,336742,healthy
ATM_006,2023-01-12,308342,322341,315620.583333333333,14316,0,0,362168.142857142857,16203.142857142857,322658,healthy
ATM_006,2023-01-13,294295,308005,301381.708333333333,14047,0,0,345959.107142857143,16196.142857142857,308342,healthy
ATM_006,2023-01-14,273011,293828,283846.500000000000,21284,0,0,329768.910714285714,16184.571428571429,294295,healthy
ATM_006,2023-01-15,251629,272551,262473.583333333333,21382,0,0,313581.666666666667,16196.000000000000,273011,healthy
ATM_006,2023-01-16,237397,251301,244621.375000000000,14232,0,0,297380.041666666667,16209.714285714286,251629,healthy
ATM_006,2023-01-17,223161,237081,230373.250000000000,14236,0,0,281159.892857142857,16225.857142857143,237397,healthy
ATM_006,2023-01-18,208851,222842,216097.666666666667,14310,0,0,264916.380952380952,16258.142857142857,223161,healthy
ATM_006,2023-01-19,194682,208519,201834.708333333333,14169,0,0,248661.255952380952,16237.142857142857,208851,healthy
ATM_006,2023-01-20,180581,194382,187733.416666666667,14101,0,0,232425.785714285714,16244.857142857143,194682,healthy
ATM_006,2023-01-21,159430,180141,170200.791666666667,21151,0,0,216190.684523809524,16225.857142857143,180581,healthy
ATM_006,2023-01-22,138045,158948,148889.958333333333,21385,0,0,199964.452380952381,16226.285714285714,159430,healthy
ATM_006,2023-01-23,124099,137733,131169.791666666667,13946,0,0,183757.083333333333,16185.428571428571,138045,healthy
ATM_006,2023-01-24,109920,123772,117129.875000000000,14179,0,0,167579.458333333333,16177.285714285714,124099,healthy
ATM_006,2023-01-25,95516,109616,102818.666666666667,14404,0,0,151396.744047619048,16190.714285714286,109920,low
ATM_006,2023-01-26,69855,94967,82872.458333333333,25661,0,0,134402.136904761905,17832.428571428571,95516,low
ATM_006,2023-01-27,51669,500000,207464.791666666667,25339,1,0,137220.904761904762,19437.857142857143,69855,low
ATM_006,2023-01-28,456201,493775,475719.583333333333,38496,0,0,180866.446428571429,21915.714285714286,51669,healthy
ATM_006,2023-01-29,418001,455298,437249.041666666667,38200,0,0,222060.601190476191,24317.857142857143,456201,healthy
ATM_006,2023-01-30,392754,417431,405592.083333333333,25247,0,0,261263.785714285714,25932.285714285714,418001,healthy
ATM_006,2023-01-31,367339,392161,380191.041666666667,25415,0,0,298843.952380952381,27537.428571428571,392754,healthy
ATM_006,2023-02-01,353263,367004,360366.416666666667,14076,0,0,335636.488095238095,27490.571428571429,367339,healthy
ATM_006,2023-02-02,339170,352977,346342.625000000000,14093,0,0,373275.083333333333,25838.000000000000,353263,healthy
ATM_006,2023-02-03,325092,338844,332174.541666666667,14078,0,0,391090.761904761905,24229.285714285714,339170,healthy
ATM_006,2023-02-04,303857,324601,314592.250000000000,21235,0,0,368072.571428571429,21763.428571428571,325092,healthy
ATM_006,2023-02-05,282557,303329,293363.791666666667,21300,0,0,347517.535714285714,19349.142857142857,303857,healthy
ATM_006,2023-02-06,268365,282255,275626.666666666667,14192,0,0,328951.047619047619,17769.857142857143,282557,healthy
ATM_006,2023-02-07,254257,268047,261418.791666666667,14108,0,0,311983.583333333334,16154.571428571429,268365,healthy
ATM_006,2023-02-08,239993,253944,247239.125000000000,14264,0,0,295822.541666666667,16181.428571428571,254257,healthy
ATM_006,2023-02-09,225744,239706,232968.666666666667,14249,0,0,279626.261904761905,16203.714285714286,239993,healthy
ATM_006,2023-02-10,211676,225433,218827.833333333333,14068,0,0,263433.875000000000,16202.285714285714,225744,healthy
ATM_006,2023-02-11,190649,211180,201350.291666666667,21027,0,0,247256.452380952381,16172.571428571429,211676,healthy
ATM_006,2023-02-12,169412,190147,180155.458333333333,21237,0,0,231083.833333333333,16163.571428571429,190649,healthy
ATM_006,2023-02-13,155288,169114,162463.750000000000,14124,0,0,214917.702380952381,16153.857142857143,169412,healthy
ATM_006,2023-02-14,140965,154940,148233.375000000000,14323,0,0,198748.357142857143,16184.571428571429,155288,healthy
ATM_006,2023-02-15,126673,140641,133971.458333333333,14292,0,0,182567.261904761905,16188.571428571429,140965,healthy
ATM_006,2023-02-16,112564,126368,119704.000000000000,14109,0,0,166386.595238095238,16168.571428571429,126673,healthy
ATM_006,2023-02-17,98165,112238,105469.375000000000,14399,0,0,150192.529761904762,16215.857142857143,112564,low
ATM_006,2023-02-18,76845,97665,87640.041666666667,21320,0,0,133948.208333333333,16257.714285714286,98165,low
ATM_006,2023-02-19,55478,76392,66339.916666666667,21367,0,0,117688.845238095238,16276.285714285714,76845,low
ATM_006,2023-02-20,50525,500000,292573.333333333333,14012,1,0,136275.928571428571,16260.285714285714,55478,low
ATM_006,2023-02-21,477808,491637,485010.666666666667,14154,0,0,184386.970238095238,16236.142857142857,50525,healthy
ATM_006,2023-02-22,463372,477519,470720.208333333333,14436,0,0,232493.934523809524,16256.714285714286,477808,healthy
ATM_006,2023-02-23,449054,463046,456288.875000000000,14318,0,0,280577.488095238095,16286.571428571429,463372,healthy
ATM_006,2023-02-24,434673,448701,441988.291666666667,14381,0,0,328651.619047619048,16284.000000000000,449054,healthy
ATM_006,2023-02-25,413240,434186,424088.541666666667,21433,0,0,376715.690476190476,16300.142857142857,434673,healthy
ATM_006,2023-02-26,375226,412350,394464.958333333333,38014,0,0,423590.696428571429,18678.285714285714,413240,healthy
ATM_006,2023-02-27,349647,374654,362582.208333333333,25579,0,0,433591.964285714286,20330.714285714286,375226,healthy
ATM_006,2023-02-28,323860,349102,336926.083333333333,25787,0,0,412437.023809523809,21992.571428571429,349647,healthy
ATM_006,2023-03-01,309788,323559,316932.750000000000,14072,0,0,390467.386904761905,21940.571428571429,323860,healthy
ATM_006,2023-03-02,295856,309492,302946.916666666667,13932,0,0,368561.392857142857,21885.428571428571,309788,healthy
ATM_006,2023-03-03,281566,295549,288840.500000000000,14290,0,0,346683.136904761905,21872.428571428571,295856,healthy
ATM_006,2023-03-04,260261,281099,271097.333333333333,21305,0,0,324827.250000000000,21854.142857142857,281566,healthy
ATM_006,2023-03-05,239129,259753,249878.833333333333,21132,0,0,304172.089285714286,19442.428571428571,260261,healthy
ATM_006,2023-03-06,224904,238806,232086.416666666667,14225,0,0,285529.833333333333,17820.428571428571,239129,healthy
ATM_006,2023-03-07,210812,224561,217945.916666666667,14092,0,0,268532.666666666667,16149.714285714286,224904,healthy
ATM_006,2023-03-08,196655,210474,203850.125000000000,14157,0,0,252378.005952380952,16161.857142857143,210812,healthy
ATM_006,2023-03-09,182682,196340,189735.500000000000,13973,0,0,236204.946428571429,16167.714285714286,196655,healthy
ATM_006,2023-03-10,168555,182378,175746.541666666667,14127,0,0,220048.666666666667,16144.428571428571,182682,healthy
ATM_006,2023-03-11,147215,168030,158035.791666666667,21340,0,0,203897.017857142857,16149.428571428571,168555,healthy
ATM_006,2023-03-12,126093,146735,136844.875000000000,21122,0,0,187749.309523809524,16148.000000000000,147215,healthy
ATM_006,2023-03-13,111979,125796,119207.791666666667,14114,0,0,171623.791666666667,16132.142857142857,126093,healthy
ATM_006,2023-03-14,97589,111641,104873.291666666667,14390,0,0,155470.559523809524,16174.714285714286,111979,low
ATM_006,2023-03-15,83541,97263,90711.291666666667,14048,0,0,139307.869047619048,16159.142857142857,97589,low
ATM_006,2023-03-16,69327,83194,76533.000000000000,14214,0,0,123136.083333333334,16193.571428571429,83541,low
ATM_006,2023-03-17,55272,68995,62411.291666666667,14055,0,0,106945.333333333334,16183.285714285714,69327,low
ATM_006,2023-03-18,50989,500000,326531.875000000000,21022,1,0,131016.202380952381,16137.857142857143,55272,low
ATM_006,2023-03-19,463823,484331,474435.750000000000,20996,0,0,179243.470238095238,16119.857142857143,50989,healthy
ATM_006,2023-03-20,449662,463529,456887.125000000000,14161,0,0,227483.375000000000,16126.571428571429,463823,healthy
ATM_006,2023-03-21,435362,449349,442629.833333333333,14300,0,0,275734.309523809524,16113.714285714286,449662,healthy
ATM_006,2023-03-22,421124,435055,428350.083333333333,14238,0,0,323968.422619047619,16140.857142857143,435362,healthy
ATM_006,2023-03-23,406971,420774,414140.458333333333,14153,0,0,372198.059523809524,16132.142857142857,421124,healthy
ATM_006,2023-03-24,392949,406642,400076.833333333333,14022,0,0,420435.994047619047,16127.428571428571,406971,healthy
ATM_006,2023-03-25,371988,392505,382623.250000000000,20961,0,0,428449.047619047619,16118.714285714286,392949,healthy
ATM_006,2023-03-26,333770,371128,353196.458333333333,38218,0,0,411129.148809523809,18579.000000000000,371988,healthy
ATM_006,2023-03-27,308633,333197,321421.041666666667,25137,0,0,391776.851190476190,20147.000000000000,333770,healthy
ATM_006,2023-03-28,282966,308055,295965.250000000000,25667,0,0,370824.767857142857,21770.857142857143,308633,healthy
ATM_006,2023-03-29,257512,282380,270396.333333333333,25454,0,0,348259.946428571428,23373.142857142857,282966,healthy
ATM_006,2023-03-30,231752,256959,244872.958333333333,25760,0,0,324078.875000000000,25031.285714285714,257512,healthy
ATM_006,2023-03-31,206169,231171,219162.708333333333,25583,0,0,298234.000000000000,26682.857142857143,231752,healthy
ATM_006,2023-04-01,184711,205672,195598.541666666667,21458,0,0,271516.184523809524,26753.857142857143,206169,healthy
ATM_006,2023-04-02,163373,184234,174221.625000000000,21338,0,0,245948.351190476190,24342.428571428571,184711,healthy
ATM_006,2023-04-03,149193,163078,156407.333333333333,14180,0,0,222374.964285714286,22777.142857142857,163373,healthy
ATM_006,2023-04-04,134916,148904,142223.958333333333,14277,0,0,200411.922619047619,21150.000000000000,149193,healthy
ATM_006,2023-04-05,120605,134614,127901.666666666667,14311,0,0,180055.541666666667,19558.142857142857,134916,healthy
ATM_006,2023-04-06,106349,120285,113565.000000000000,14256,0,0,161297.261904761905,17914.714285714286,120605,healthy
ATM_006,2023-04-07,92284,106029,99416.375000000000,14065,0,0,144190.642857142857,16269.285714285714,106349,low
ATM_006,2023-04-08,71093,91816,81853.833333333333,21191,0,0,127941.398809523809,16231.142857142857,92284,low
ATM_006,2023-04-09,50337,500000,79373.375000000000,21230,1,0,114391.648809523809,16215.714285714286,71093,low
ATM_006,2023-04-10,485895,499675,493071.875000000000,14105,0,0,162486.583333333333,16205.000000000000,50337,healthy
ATM_006,2023-04-11,471737,485577,478895.625000000000,14158,0,0,210582.535714285714,16188.000000000000,485895,healthy
ATM_006,2023-04-12,457419,471420,464706.083333333333,14318,0,0,258697.452380952381,16189.000000000000,471737,healthy
ATM_006,2023-04-13,443299,457083,450441.416666666667,14120,0,0,306822.654761904762,16169.571428571429,457419,healthy
ATM_006,2023-04-14,429249,442962,436372.416666666667,14050,0,0,354959.232142857143,16167.428571428571,443299,healthy
ATM_006,2023-04-15,408193,428773,418870.750000000000,21056,0,0,403104.505952380952,16148.142857142857,429249,healthy
ATM_006,2023-04-16,387065,407702,397818.958333333333,21128,0,0,448596.732142857143,16133.571428571429,408193,healthy
ATM_006,2023-04-17,373014,386748,380177.791666666667,14051,0,0,432469.005952380952,16125.857142857143,387065,healthy
ATM_006,2023-04-18,358909,372664,366046.625000000000,14105,0,0,416347.720238095238,16118.285714285714,373014,healthy
ATM_006,2023-04-19,344691,358564,351893.125000000000,14218,0,0,400231.583333333333,16104.000000000000,358909,healthy
ATM_006,2023-04-20,330315,344386,337595.958333333333,14376,0,0,384110.803571428571,16140.571428571429,344691,healthy
ATM_006,2023-04-21,316092,330023,323339.041666666667,14223,0,0,367963.178571428571,16165.285714285714,330315,healthy
ATM_006,2023-04-22,295193,315649,305798.041666666667,20899,0,0,351809.934523809524,16142.857142857143,316092,healthy
ATM_006,2023-04-23,273838,294743,284668.958333333333,21355,0,0,335645.648809523810,16175.285714285714,295193,healthy
ATM_006,2023-04-24,259761,273524,266891.708333333333,14077,0,0,319461.922619047619,16179.000000000000,273838,healthy
ATM_006,2023-04-25,245578,259430,252794.666666666667,14183,0,0,303283.071428571429,16190.142857142857,259761,healthy
ATM_006,2023-04-26,220030,245017,233007.916666666667,25548,0,0,286299.470238095238,17808.714285714286,245578,healthy
ATM_006,2023-04-27,194674,219496,207586.666666666667,25356,0,0,267726.714285714286,19377.285714285714,220030,healthy
ATM_006,2023-04-28,169218,194116,182149.041666666667,25456,0,0,247556.714285714286,20982.000000000000,194674,healthy
ATM_006,2023-04-29,131142,168341,150433.916666666667,38076,0,0,225361.839285714286,23435.857142857143,169218,healthy
ATM_006,2023-04-30,93142,130277,112388.875000000000,38000,0,0,200750.398809523810,25813.714285714286,131142,low
ATM_006,2023-05-01,78975,92812,86145.833333333333,14167,0,0,174929.559523809524,25826.571428571429,93142,low
ATM_006,2023-05-02,64734,78660,71960.541666666667,14241,0,0,149096.113095238095,25834.857142857143,78975,low
ATM_006,2023-05-03,50667,64407,57781.458333333333,14067,0,0,124063.761904761905,24194.714285714286,64734,low
ATM_006,2023-05-04,50060,500000,456513.666666666667,14063,1,0,159624.761904761905,22581.428571428571,50667,low
ATM_006,2023-05-05,472924,486543,480023.708333333333,13948,0,0,202178.285714285714,20937.428571428571,50060,healthy
ATM_006,2023-05-06,451628,472412,462470.291666666667,21296,0,0,246754.910714285714,18540.285714285714,472924,healthy
ATM_006,2023-05-07,430311,451117,441141.958333333333,21317,0,0,293719.636904761905,16157.000000000000,451628,healthy
ATM_006,2023-05-08,416045,429988,423278.833333333333,14266,0,0,341881.494047619048,16171.142857142857,430311,healthy
ATM_006,2023-05-09,401827,415732,409020.583333333333,14218,0,0,390032.928571428571,16167.857142857143,416045,healthy
ATM_006,2023-05-10,387876,401541,395005.916666666667,13951,0,0,438207.851190476190,16151.285714285714,401827,healthy
ATM_006,2023-05-11,373791,387558,380941.833333333333,14085,0,0,427411.875000000000,16154.428571428571,387876,healthy
ATM_006,2023-05-12,359596,373475,366808.208333333333,14195,0,0,411238.232142857143,16189.714285714286,373791,healthy
ATM_006,2023-05-13,338592,359140,349267.500000000000,21004,0,0,395066.404761904762,16148.000000000000,359596,healthy
ATM_006,2023-05-14,317336,338079,328108.958333333333,21256,0,0,378918.833333333333,16139.285714285714,338592,healthy
ATM_006,2023-05-15,303222,317033,310339.291666666667,14114,0,0,362784.613095238095,16117.571428571429,317336,healthy
ATM_006,2023-05-16,289050,302885,296230.708333333333,14172,0,0,346671.773809523809,16111.000000000000,303222,healthy
ATM_006,2023-05-17,274768,288712,282088.458333333333,14282,0,0,330540.708333333333,16158.285714285714,289050,healthy
ATM_006,2023-05-18,260726,274434,267879.208333333333,14042,0,0,314388.904761904762,16152.142857142857,274768,healthy
ATM_006,2023-05-19,246521,260406,253689.125000000000,14205,0,0,298229.035714285714,16153.571428571429,260726,healthy
ATM_006,2023-05-20,225159,246002,235979.875000000000,21362,0,0,282045.089285714286,16204.714285714286,246521,healthy
ATM_006,2023-05-21,203898,224680,214685.166666666667,21261,0,0,265841.690476190476,16205.428571428571,225159,healthy
ATM_006,2023-05-22,189716,203583,196924.333333333333,14182,0,0,249639.553571428571,16215.142857142857,203898,healthy
ATM_006,2023-05-23,175427,189364,182653.166666666667,14289,0,0,233414.190476190476,16231.857142857143,189716,healthy
ATM_006,2023-05-24,161619,175111,168578.083333333333,13808,0,0,217198.422619047619,16164.142857142857,175427,healthy
ATM_006,2023-05-25,147527,161317,154660.791666666667,14092,0,0,201024.363095238095,16171.285714285714,161619,healthy
ATM_006,2023-05-26,121857,146955,134883.750000000000,25670,0,0,184052.166666666667,17809.142857142857,147527,healthy
ATM_006,2023-05-27,83548,120968,102982.291666666667,38309,0,0,165052.511904761905,20230.142857142857,121857,low
ATM_006,2023-05-28,50702,500000,177411.500000000000,37918,1,0,159727.702380952381,22609.714285714286,83548,low
ATM_006,2023-05-29,470285,495229,483291.250000000000,25500,0,0,200637.261904761905,24226.571428571429,50702,healthy
ATM_006,2023-05-30,444696,469665,457611.166666666667,25589,0,0,239916.976190476191,25840.857142857143,470285,healthy
ATM_006,2023-05-31,419285,444094,432141.250000000000,25411,0,0,277568.857142857143,27498.428571428571,444696,healthy
ATM_006,2023-06-01,405122,418955,412333.791666666667,14163,0,0,314379.285714285714,27508.571428571429,419285,healthy
ATM_006,2023-06-02,390783,404803,398086.291666666667,14339,0,0,351979.648809523810,25889.857142857143,405122,healthy
ATM_006,2023-06-03,369697,390326,380484.416666666667,21086,0,0,391622.809523809524,23429.428571428571,390783,healthy
ATM_006,2023-06-04,348526,369207,359289.875000000000,21171,0,0,417605.434523809524,21037.000000000000,369697,healthy
ATM_006,2023-06-05,334146,348206,341411.291666666667,14380,0,0,397336.869047619048,19448.428571428571,348526,healthy
ATM_006,2023-06-06,319999,333840,327181.875000000000,14147,0,0,378704.113095238095,17813.857142857143,334146,healthy
ATM_006,2023-06-07,305795,319661,313005.375000000000,14204,0,0,361684.702380952381,16212.857142857143,319999,healthy
ATM_006,2023-06-08,291809,305466,298945.833333333333,13986,0,0,345486.422619047619,16187.571428571429,305795,healthy
ATM_006,2023-06-09,277391,291476,284718.833333333333,14418,0,0,329291.071428571429,16198.857142857143,291809,healthy
ATM_006,2023-06-10,256396,276873,267020.541666666667,20995,0,0,313081.946428571429,16185.857142857143,277391,healthy
ATM_006,2023-06-11,234821,255908,245747.833333333333,21575,0,0,296861.654761904762,16243.571428571429,256396,healthy
ATM_006,2023-06-12,220711,234473,227836.875000000000,14110,0,0,280636.738095238095,16205.000000000000,234821,healthy
ATM_006,2023-06-13,206614,220390,213785.583333333333,14097,0,0,264437.267857142857,16197.857142857143,220711,healthy
ATM_006,2023-06-14,192551,206313,199722.625000000000,14063,0,0,248254.017857142857,16177.714285714286,206614,healthy
ATM_006,2023-06-15,178311,192235,185569.083333333333,14240,0,0,232057.339285714286,16214.000000000000,192551,healthy
ATM_006,2023-06-16,163994,178006,171200.125000000000,14317,0,0,215840.380952380952,16199.571428571429,178311,healthy
ATM_006,2023-06-17,142608,163485,153386.791666666667,21386,0,0,199606.988095238095,16255.428571428571,163994,healthy
ATM_006,2023-06-18,121380,142100,132134.916666666667,21228,0,0,183376.571428571429,16205.857142857143,142608,healthy
ATM_006,2023-06-19,107164,121038,114392.333333333333,14216,0,0,167170.208333333333,16221.000000000000,121380,healthy
ATM_006,2023-06-20,93023,106839,100221.375000000000,14141,0,0,150946.750000000000,16227.285714285714,107164,low
ATM_006,2023-06-21,79022,92687,86117.250000000000,14001,0,0,134717.410714285714,16218.428571428571,93023,low
ATM_006,2023-06-22,65022,78675,72093.833333333333,14000,0,0,118506.660714285714,16184.142857142857,79022,low
ATM_006,2023-06-23,50833,64667,58018.291666666667,14189,0,0,102337.827380952381,16165.857142857143,65022,low
ATM_006,2023-06-24,50345,500000,471845.875000000000,21050,1,0,147831.982142857143,16117.857142857143,50833,low
ATM_006,2023-06-25,458743,479367,469434.625000000000,21131,0,0,196017.654761904762,16104.000000000000,50345,healthy
ATM_006,2023-06-26,433202,458151,446193.083333333333,25541,0,0,243417.761904761905,17721.857142857143,458743,healthy
ATM_006,2023-06-27,407989,432651,420740.333333333333,25213,0,0,289206.184523809524,19303.571428571429,433202,healthy
ATM_006,2023-06-28,382326,407402,395330.833333333333,25663,0,0,333379.553571428571,20969.571428571429,407989,healthy
ATM_006,2023-06-29,356992,381744,369874.250000000000,25334,0,0,375919.613095238095,22588.714285714286,382326,healthy
ATM_006,2023-06-30,331742,356439,344579.833333333333,25250,0,0,416856.976190476190,24168.857142857143,356992,healthy
ATM_006,2023-07-01,310623,331253,321347.708333333333,21119,0,0,395357.238095238095,24178.714285714286,331742,healthy
ATM_006,2023-07-02,289551,310154,300243.041666666667,21072,0,0,371187.011904761905,24170.285714285714,310623,healthy
ATM_006,2023-07-03,275406,289241,282635.000000000000,14145,0,0,347821.571428571428,22542.285714285714,289551,healthy
ATM_006,2023-07-04,261352,275067,268467.500000000000,14054,0,0,326068.309523809524,20948.142857142857,275406,healthy
ATM_006,2023-07-05,247027,261023,254321.333333333333,14325,0,0,305924.095238095238,19328.428571428571,261352,healthy
ATM_006,2023-07-06,232878,246687,240070.083333333333,14149,0,0,287380.642857142857,17730.571428571429,247027,healthy
ATM_006,2023-07-07,218606,232544,225804.083333333333,14272,0,0,270412.678571428571,16162.285714285714,232878,healthy
ATM_006,2023-07-08,197157,218083,208094.958333333333,21449,0,0,254233.714285714286,16209.428571428571,218606,healthy
ATM_006,2023-07-09,175908,196637,186746.708333333333,21249,0,0,238019.952380952381,16234.714285714286,197157,healthy
ATM_006,2023-07-10,161779,175607,168964.791666666667,14129,0,0,221781.351190476190,16232.428571428571,175908,healthy
ATM_006,2023-07-11,147660,161445,154839.541666666667,14119,0,0,205548.785714285714,16241.714285714286,161779,healthy
ATM_006,2023-07-12,133613,147337,140734.416666666667,14047,0,0,189322.083333333333,16202.000000000000,147660,healthy
ATM_006,2023-07-13,119421,133323,126666.583333333333,14192,0,0,173121.583333333333,16208.142857142857,133613,healthy
ATM_006,2023-07-14,105194,119102,112401.833333333333,14227,0,0,156921.261904761905,16201.714285714286,119421,healthy
ATM_006,2023-07-15,84201,104718,94857.750000000000,20993,0,0,140744.517857142857,16136.571428571429,105194,low
ATM_006,2023-07-16,62931,83714,73769.083333333333,21270,0,0,124604.857142857143,16139.571428571429,84201,low
ATM_006,2023-07-17,50297,500000,149702.583333333333,14213,1,0,121853.113095238095,16151.571428571429,62931,low
ATM_006,2023-07-18,484511,498427,491719.583333333333,14214,0,0,169978.833333333333,16165.142857142857,50297,healthy
ATM_006,2023-07-19,470467,484196,477578.583333333333,14044,0,0,218099.428571428571,16164.714285714286,484511,healthy
ATM_006,2023-07-20,456417,470145,463516.666666666667,14050,0,0,266220.869047619047,16144.428571428571,470467,healthy
ATM_006,2023-07-21,442341,456102,449472.000000000000,14076,0,0,314373.750000000000,16122.857142857143,456417,healthy
ATM_006,2023-07-22,421132,441810,431872.208333333333,21209,0,0,362518.672619047619,16153.714285714286,442341,healthy
ATM_006,2023-07-23,400272,420676,410891.958333333333,20860,0,0,410679.083333333333,16095.142857142857,421132,healthy
ATM_006,2023-07-24,386156,399951,393283.333333333333,14116,0,0,445476.333333333333,16081.285714285714,400272,healthy
ATM_006,2023-07-25,371962,385865,379223.375000000000,14194,0,0,429405.446428571428,16078.428571428571,386156,healthy
ATM_006,2023-07-26,346803,371380,359562.000000000000,25159,0,0,412545.934523809524,17666.285714285714,371962,healthy
ATM_006,2023-07-27,321143,346230,334206.416666666667,25660,0,0,394073.041666666667,19324.857142857143,346803,healthy
ATM_006,2023-07-28,296064,320594,308838.166666666667,25079,0,0,373982.494047619048,20896.714285714286,321143,healthy
ATM_006,2023-07-29,257714,295139,277262.000000000000,38350,0,0,351895.321428571429,23345.428571428571,296064,healthy
ATM_006,2023-07-30,219337,256881,238777.625000000000,38377,0,0,327307.559523809524,25847.857142857143,257714,healthy
ATM_006,2023-07-31,193941,218734,206813.833333333333,25396,0,0,300669.059523809524,27459.285714285714,219337,healthy
ATM_006,2023-08-01,179804,193618,186985.750000000000,14137,0,0,273206.541666666667,27451.142857142857,193941,healthy
ATM_006,2023-08-02,165493,179480,172770.000000000000,14311,0,0,246521.970238095238,25901.428571428571,179804,healthy
ATM_006,2023-08-03,151031,165162,158419.958333333333,14462,0,0,221409.619047619048,24301.714285714286,165493,healthy
ATM_006,2023-08-04,136810,150728,144046.416666666667,14221,0,0,197867.940476190476,22750.571428571429,151031,healthy
ATM_006,2023-08-05,115489,136321,126317.666666666667,21321,0,0,176304.464285714286,20317.857142857143,136810,healthy
ATM_006,2023-08-06,94437,114995,105088.083333333333,21052,0,0,157205.958333333333,17842.857142857143,115489,low
ATM_006,2023-08-07,80107,94099,87412.291666666667,14330,0,0,140148.595238095238,16262.000000000000,94437,low
ATM_006,2023-08-08,65731,79780,73006.791666666667,14376,0,0,123865.886904761905,16296.142857142857,80107,low
ATM_006,2023-08-09,51530,65376,58706.000000000000,14201,0,0,107571.029761904762,16280.428571428571,65731,low
ATM_006,2023-08-10,50219,500000,419603.416666666667,14176,1,0,144882.952380952381,16239.571428571429,51530,low
ATM_006,2023-08-11,473609,487156,480651.083333333333,13836,0,0,192969.333333333333,16184.571428571429,50219,healthy
ATM_006,2023-08-12,452067,473080,463023.291666666667,21542,0,0,241070.136904761905,16216.142857142857,473609,healthy
ATM_006,2023-08-13,430559,451551,441499.083333333333,21508,0,0,289128.851190476191,16281.285714285714,452067,healthy
ATM_006,2023-08-14,416436,430237,423601.333333333333,14123,0,0,337155.857142857143,16251.714285714286,430559,healthy
ATM_006,2023-08-15,402252,416122,409464.750000000000,14184,0,0,385221.279761904762,16224.285714285714,416436,healthy
ATM_006,2023-08-16,388088,401946,395315.375000000000,14164,0,0,433308.333333333333,16219.000000000000,402252,healthy
ATM_006,2023-08-17,374080,387787,381192.916666666667,14008,0,0,427821.119047619048,16195.000000000000,388088,healthy
ATM_006,2023-08-18,359946,373753,367125.291666666667,14134,0,0,411603.148809523810,16237.571428571429,374080,healthy
ATM_006,2023-08-19,338355,359453,349261.833333333333,21591,0,0,395351.511904761905,16244.571428571429,359946,healthy
ATM_006,2023-08-20,316957,337875,327869.875000000000,21398,0,0,379118.767857142857,16228.857142857143,338355,healthy
ATM_006,2023-08-21,302656,316642,309905.500000000000,14301,0,0,362876.505952380952,16254.285714285714,316957,healthy
ATM_006,2023-08-22,288721,302345,295782.791666666667,13935,0,0,346636.226190476191,16218.714285714286,302656,healthy
ATM_006,2023-08-23,274523,288407,281716.541666666667,14198,0,0,330407.821428571429,16223.571428571429,288721,healthy
ATM_006,2023-08-24,260317,274216,267505.500000000000,14206,0,0,314166.761904761905,16251.857142857143,274523,healthy
ATM_006,2023-08-25,246305,259996,253448.166666666667,14012,0,0,297927.172619047619,16234.428571428571,260317,healthy
ATM_006,2023-08-26,208406,245425,227728.916666666667,37899,0,0,280565.327380952381,18564.142857142857,246305,healthy
ATM_006,2023-08-27,170192,207536,189654.125000000000,38214,0,0,260820.220238095238,20966.428571428571,208406,healthy
ATM_006,2023-08-28,144915,169649,157703.291666666667,25277,0,0,239077.047619047619,22534.428571428571,170192,healthy
ATM_006,2023-08-29,119577,144308,132476.041666666667,25338,0,0,215747.511904761905,24163.428571428571,144915,healthy
ATM_006,2023-08-30,93818,118986,106852.625000000000,25759,0,0,190766.952380952381,25815.000000000000,119577,low
ATM_006,2023-08-31,68321,93273,81251.166666666667,25497,0,0,164159.190476190476,27428.000000000000,93818,low
ATM_006,2023-09-01,54112,68012,61338.125000000000,14209,0,0,136714.898809523810,27456.142857142857,68321,low
ATM_006,2023-09-02,50235,500000,343721.333333333333,21458,1,0,153285.244047619048,25107.428571428571,54112,low
ATM_006,2023-09-03,461558,482446,472473.500000000000,21368,0,0,193688.011904761905,22700.857142857143,50235,healthy
ATM_006,2023-09-04,447297,461259,454537.541666666667,14261,0,0,236092.904761904762,21127.142857142857,461558,healthy
ATM_006,2023-09-05,433237,446969,440349.291666666667,14060,0,0,280074.797619047619,19516.000000000000,447297,healthy
ATM_006,2023-09-06,418928,432888,426233.166666666667,14309,0,0,325700.589285714286,17880.285714285714,433237,healthy
ATM_006,2023-09-07,404798,418573,411942.416666666667,14130,0,0,372942.196428571429,16256.428571428571,418928,healthy
ATM_006,2023-09-08,390415,404439,397723.666666666667,14383,0,0,420997.273809523810,16281.285714285714,404798,healthy
ATM_006,2023-09-09,369298,389950,380055.791666666667,21117,0,0,426187.910714285715,16232.571428571429,390415,healthy
ATM_006,2023-09-10,348021,368837,358823.708333333333,21277,0,0,409952.226190476191,16219.571428571429,369298,healthy
ATM_006,2023-09-11,333882,347701,341029.416666666667,14139,0,0,393736.779761904762,16202.142857142857,348021,healthy
ATM_006,2023-09-12,319839,333591,326981.750000000000,14043,0,0,377541.416666666667,16199.714285714286,333882,healthy
ATM_006,2023-09-13,305572,319507,312758.666666666667,14267,0,0,361330.773809523810,16193.714285714286,319839,healthy
ATM_006,2023-09-14,291650,305243,298780.541666666667,13922,0,0,345164.791666666667,16164.000000000000,305572,healthy
ATM_006,2023-09-15,277628,291350,284748.750000000000,14022,0,0,329025.517857142857,16112.428571428571,291650,healthy
ATM_006,2023-09-16,256329,277124,267144.625000000000,21299,0,0,312895.351190476191,16138.428571428571,277628,healthy
ATM_006,2023-09-17,235331,255886,245979.791666666667,20998,0,0,296774.791666666667,16098.571428571429,256329,healthy
ATM_006,2023-09-18,220954,235029,228261.500000000000,14377,0,0,280665.089285714286,16132.571428571429,235331,healthy
ATM_006,2023-09-19,206907,220629,214021.916666666667,14047,0,0,264527.970238095238,16133.142857142857,220954,healthy
ATM_006,2023-09-20,192825,206572,199956.916666666667,14082,0,0,248413.434523809524,16106.714285714286,206907,healthy
ATM_006,2023-09-21,178762,192507,185862.791666666667,14063,0,0,232282.327380952381,16126.857142857143,192825,healthy
ATM_006,2023-09-22,164690,178459,171830.083333333333,14072,0,0,216151.089285714286,16134.000000000000,178762,healthy
ATM_006,2023-09-23,143137,164216,154089.166666666667,21553,0,0,200000.309523809524,16170.285714285714,164690,healthy
ATM_006,2023-09-24,122175,142627,132805.833333333333,20962,0,0,183832.601190476191,16165.142857142857,143137,healthy
ATM_006,2023-09-25,107900,121849,115159.500000000000,14275,0,0,167675.172619047619,16150.571428571429,122175,healthy
ATM_006,2023-09-26,82272,107340,95331.416666666667,25628,0,0,150719.386904761905,17805.000000000000,107900,low
ATM_006,2023-09-27,56936,81678,69836.250000000000,25336,0,0,132130.720238095238,19412.714285714286,82272,low
ATM_006,2023-09-28,51726,500000,325665.500000000000,25682,1,0,152102.535714285714,21072.571428571429,56936,low
ATM_006,2023-09-29,455599,480823,468696.500000000000,25827,0,0,194512.023809523810,22751.857142857143,51726,healthy
ATM_006,2023-09-30,417266,454715,436725.791666666667,38333,0,0,234888.684523809524,25149.000000000000,455599,healthy
ATM_006,2023-10-01,396165,416780,406881.291666666667,21101,0,0,274042.321428571429,25168.857142857143,417266,healthy
ATM_006,2023-10-02,382025,395864,389229.375000000000,14140,0,0,313195.160714285714,25149.571428571429,396165,healthy
ATM_006,2023-10-03,367859,381702,375073.708333333333,14166,0,0,353158.345238095238,23512.142857142857,382025,healthy
ATM_006,2023-10-04,353640,367523,360864.916666666667,14219,0,0,394733.869047619048,21924.000000000000,367859,healthy
ATM_006,2023-10-05,339702,353320,346766.708333333333,13938,0,0,397748.327380952381,20246.285714285714,353640,healthy
ATM_006,2023-10-06,325379,339362,332604.333333333333,14323,0,0,378306.589285714286,18602.857142857143,339702,healthy
ATM_006,2023-10-07,304065,324887,314894.000000000000,21314,0,0,360902.047619047619,16171.571428571429,325379,healthy
ATM_006,2023-10-08,282836,303548,293609.208333333333,21229,0,0,344720.321428571428,16189.857142857143,304065,healthy
ATM_006,2023-10-09,268781,282528,275891.291666666667,14055,0,0,328529.166666666667,16177.714285714286,282836,healthy
ATM_006,2023-10-10,254737,268486,261891.583333333333,14044,0,0,312360.291666666667,16160.285714285714,268781,healthy
ATM_006,2023-10-11,240599,254441,247781.708333333333,14138,0,0,296205.547619047619,16148.714285714286,254737,healthy
ATM_006,2023-10-12,226406,240290,233588.916666666667,14193,0,0,280037.291666666667,16185.142857142857,240599,healthy
ATM_006,2023-10-13,212206,226063,219423.916666666667,14200,0,0,263868.660714285714,16167.571428571429,226406,healthy
ATM_006,2023-10-14,190822,211739,201631.958333333333,21384,0,0,247688.369047619048,16177.571428571429,212206,healthy
ATM_006,2023-10-15,169566,190371,180334.375000000000,21256,0,0,231506.250000000000,16181.428571428571,190822,healthy
ATM_006,2023-10-16,155458,169260,162639.333333333333,14108,0,0,215327.398809523809,16189.000000000000,169566,healthy
ATM_006,2023-10-17,141363,155146,148521.625000000000,14095,0,0,199131.690476190476,16196.285714285714,155458,healthy
ATM_006,2023-10-18,127142,141057,134392.416666666667,14221,0,0,182933.220238095238,16208.142857142857,141363,healthy
ATM_006,2023-10-19,112744,126808,120091.125000000000,14398,0,0,166719.250000000000,16237.428571428571,127142,healthy
ATM_006,2023-10-20,98551,112404,105735.291666666667,14193,0,0,150478.017857142857,16236.428571428571,112744,low
ATM_006,2023-10-21,77139,98091,88000.208333333333,21412,0,0,134244.910714285714,16240.428571428571,98551,low
ATM_006,2023-10-22,55727,76647,66625.791666666667,21412,0,0,118000.827380952381,16262.714285714286,77139,low
ATM_006,2023-10-23,50721,500000,292632.166666666667,14188,1,0,136571.232142857143,16274.142857142857,55727,low
ATM_006,2023-10-24,477515,491472,484751.500000000000,14293,0,0,184604.071428571429,16302.428571428571,50721,healthy
ATM_006,2023-10-25,463379,477185,470529.583333333333,14136,0,0,232623.666666666667,16290.285714285714,477515,healthy
ATM_006,2023-10-26,438048,462793,450826.458333333333,25331,0,0,279871.571428571429,17852.142857142857,463379,healthy
ATM_006,2023-10-27,412675,437452,425567.541666666667,25373,0,0,325561.892857142857,19449.285714285714,438048,healthy
ATM_006,2023-10-28,374379,411804,393810.625000000000,38296,0,0,369249.095238095238,21861.285714285714,412675,healthy
ATM_006,2023-10-29,336193,373558,355639.875000000000,38186,0,0,410536.821428571429,24257.571428571429,374379,healthy
ATM_006,2023-10-30,310579,335576,323618.750000000000,25614,0,0,414963.476190476190,25889.857142857143,336193,healthy
ATM_006,2023-10-31,285042,309955,297990.750000000000,25537,0,0,388283.369047619048,27496.142857142857,310579,healthy
ATM_006,2023-11-01,270880,284739,278117.208333333333,14162,0,0,360795.886904761905,27499.857142857143,285042,healthy
ATM_006,2023-11-02,256697,270558,263908.833333333333,14183,0,0,334093.369047619048,25907.285714285714,270880,healthy
ATM_006,2023-11-03,242455,256388,249695.375000000000,14242,0,0,308968.773809523809,24317.142857142857,256697,healthy
ATM_006,2023-11-04,221166,241980,231998.291666666667,21289,0,0,285852.726190476190,21887.571428571429,242455,healthy
ATM_006,2023-11-05,199854,220692,210700.625000000000,21312,0,0,265147.119047619048,19477.000000000000,221166,healthy
ATM_006,2023-11-06,185711,199532,192900.000000000000,14143,0,0,246473.011904761905,17838.285714285714,199854,healthy
ATM_006,2023-11-07,171403,185400,178698.500000000000,14308,0,0,229431.261904761905,16234.142857142857,185711,healthy
ATM_006,2023-11-08,157074,171064,164344.208333333333,14329,0,0,213177.976190476190,16258.000000000000,171403,healthy
ATM_006,2023-11-09,143031,156784,150142.791666666667,14043,0,0,196925.684523809524,16238.000000000000,157074,healthy
ATM_006,2023-11-10,129027,142673,136101.375000000000,14004,0,0,180697.970238095238,16204.000000000000,143031,healthy
ATM_006,2023-11-11,107772,128561,118546.291666666667,21255,0,0,164490.541666666667,16199.142857142857,129027,healthy
ATM_006,2023-11-12,86357,107269,97255.625000000000,21415,0,0,148284.113095238095,16213.857142857143,107772,low
ATM_006,2023-11-13,72309,86056,79444.166666666667,14048,0,0,132076.136904761905,16200.285714285714,86357,low
ATM_006,2023-11-14,58097,71970,65275.875000000000,14212,0,0,115872.904761904762,16186.571428571429,72309,low
ATM_006,2023-11-15,50873,500000,257325.416666666667,14394,1,0,129155.934523809524,16195.857142857143,58097,low
ATM_006,2023-11-16,479711,493613,486944.041666666667,14224,0,0,177270.398809523810,16221.714285714286,50873,healthy
ATM_006,2023-11-17,465408,479369,472682.500000000000,14303,0,0,225353.416666666667,16264.428571428571,479711,healthy
ATM_006,2023-11-18,443868,464903,454807.291666666667,21540,0,0,273390.702380952381,16305.142857142857,465408,healthy
ATM_006,2023-11-19,422656,443384,433420.583333333333,21212,0,0,321414.267857142857,16276.142857142857,443868,healthy
ATM_006,2023-11-20,408416,422367,415617.541666666667,14240,0,0,369439.035714285714,16303.571428571429,422656,healthy
ATM_006,2023-11-21,394224,408080,401414.916666666667,14192,0,0,417458.898809523810,16300.714285714286,408416,healthy
ATM_006,2023-11-22,380072,393930,387234.083333333333,14152,0,0,436017.279761904762,16266.142857142857,394224,healthy
ATM_006,2023-11-23,366236,379789,373248.958333333333,13836,0,0,419775.125000000000,16210.714285714286,380072,healthy
ATM_006,2023-11-24,352139,365900,359334.625000000000,14097,0,0,403582.571428571429,16181.285714285714,366236,healthy
ATM_006,2023-11-25,330997,351626,341715.125000000000,21142,0,0,387426.547619047619,16124.428571428571,352139,healthy
ATM_006,2023-11-26,292999,330136,312265.000000000000,37998,0,0,370118.607142857143,18522.428571428571,330997,healthy
ATM_006,2023-11-27,267590,292380,280470.125000000000,25409,0,0,350811.833333333333,20118.000000000000,292999,healthy
ATM_006,2023-11-28,242235,267049,255089.083333333333,25355,0,0,329908.142857142857,21712.714285714286,267590,healthy
ATM_006,2023-11-29,216746,241641,229692.041666666667,25489,0,0,307402.136904761905,23332.285714285714,242235,healthy
ATM_006,2023-11-30,191255,216153,204238.291666666667,25491,0,0,283257.755952380952,24997.285714285714,216746,healthy
ATM_006,2023-12-01,177013,190914,184215.375000000000,14242,0,0,258240.720238095238,25018.000000000000,191255,healthy
ATM_006,2023-12-02,155842,176526,166634.208333333333,21171,0,0,233229.160714285714,25022.142857142857,177013,healthy
ATM_006,2023-12-03,134604,155382,145393.250000000000,21238,0,0,209390.339285714286,22627.857142857143,155842,healthy
ATM_006,2023-12-04,120306,134278,127520.541666666667,14298,0,0,187540.398809523810,21040.571428571429,134604,healthy
ATM_006,2023-12-05,106198,119994,113356.041666666667,14108,0,0,167292.821428571429,19433.857142857143,120306,healthy
ATM_006,2023-12-06,92032,105834,99187.833333333333,14166,0,0,148649.363095238095,17816.285714285714,106198,low
ATM_006,2023-12-07,77892,91726,85100.333333333333,14140,0,0,131629.654761904762,16194.714285714286,92032,low
ATM_006,2023-12-08,63730,77582,70917.833333333333,14162,0,0,115444.291666666667,16183.285714285714,77892,low
ATM_006,2023-12-09,51540,500000,240795.708333333333,21396,1,0,126038.791666666667,16215.428571428571,63730,low
ATM_006,2023-12-10,471071,491899,481922.291666666667,21346,0,0,174114.369047619048,16230.857142857143,51540,healthy
ATM_006,2023-12-11,456775,470761,464033.166666666667,14296,0,0,222187.601190476190,16230.571428571429,471071,healthy
ATM_006,2023-12-12,442436,456434,449712.291666666667,14339,0,0,270238.494047619048,16263.571428571429,456775,healthy
ATM_006,2023-12-13,428295,442108,435488.541666666667,14141,0,0,318281.452380952381,16260.000000000000,442436,healthy
ATM_006,2023-12-14,414134,427957,421352.250000000000,14161,0,0,366317.440476190476,16263.000000000000,428295,healthy
ATM_006,2023-12-15,399856,413798,407103.916666666667,14278,0,0,414344.023809523810,16279.571428571429,414134,healthy
ATM_006,2023-12-16,378523,399419,389349.750000000000,21333,0,0,435566.029761904762,16270.571428571429,399856,healthy
ATM_006,2023-12-17,357373,378061,368159.875000000000,21150,0,0,419314.255952380953,16242.571428571429,378523,healthy
ATM_006,2023-12-18,343112,357040,350323.125000000000,14261,0,0,403069.964285714286,16237.571428571429,357373,healthy
ATM_006,2023-12-19,328977,342789,336110.708333333333,14135,0,0,386841.166666666667,16208.428571428571,343112,healthy
ATM_006,2023-12-20,314851,328654,322055.333333333333,14126,0,0,370636.422619047619,16206.285714285714,328977,healthy
ATM_006,2023-12-21,300687,314524,307917.875000000000,14164,0,0,354431.511904761905,16206.714285714286,314851,healthy
ATM_006,2023-12-22,286771,300374,293863.583333333333,13916,0,0,338254.321428571428,16155.000000000000,300687,healthy
ATM_006,2023-12-23,265447,286283,276313.416666666667,21324,0,0,322106.273809523809,16153.714285714286,286771,healthy
ATM_006,2023-12-24,244422,264955,255106.875000000000,21025,0,0,305955.845238095238,16135.857142857143,265447,healthy
ATM_006,2023-12-25,230382,244091,237487.500000000000,14040,0,0,289836.470238095238,16104.285714285714,244422,healthy
ATM_006,2023-12-26,205010,229827,217909.375000000000,25372,0,0,272950.565476190476,17709.571428571429,230382,healthy
ATM_006,2023-12-27,179547,204426,192395.416666666667,25463,0,0,254427.720238095238,19329.142857142857,205010,healthy
ATM_006,2023-12-28,154360,179045,167264.708333333333,25187,0,0,234334.410714285714,20903.857142857143,179547,healthy
ATM_006,2023-12-29,128524,153762,141672.250000000000,25836,0,0,212592.791666666667,22606.714285714286,154360,healthy
ATM_006,2023-12-30,90678,127647,109841.666666666667,37846,0,0,188811.113095238095,24967.000000000000,128524,low
ATM_006,2023-12-31,89802,89802,89802.000000000000,876,0,0,165196.130952380952,22088.571428571429,90678,low
ATM_007,2023-01-01,478834,499540,489557.166666666667,21166,0,0,489557.166666666667,21166.000000000000,,healthy
ATM_007,2023-01-02,464707,478517,471901.166666666667,14127,0,0,480729.166666666667,17646.500000000000,478834,healthy
ATM_007,2023-01-03,450587,464382,457756.875000000000,14120,0,0,473071.736111111111,16471.000000000000,464707,healthy
ATM_007,2023-01-04,436346,450273,443582.000000000000,14241,0,0,465699.302083333334,15913.500000000000,450587,healthy
ATM_007,2023-01-05,422153,435996,429334.333333333333,14193,0,0,458426.308333333333,15569.400000000000,436346,healthy
ATM_007,2023-01-06,408057,421832,415219.250000000000,14096,0,0,451225.131944444445,15323.833333333333,422153,healthy
ATM_007,2023-01-07,386870,407567,397628.041666666667,21187,0,0,443568.404761904762,16161.428571428571,408057,healthy
ATM_007,2023-01-08,365806,386375,376517.791666666667,21064,0,0,427419.922619047619,16146.857142857143,386870,healthy
ATM_007,2023-01-09,351641,365512,358854.458333333333,14165,0,0,411270.392857142857,16152.285714285714,365806,healthy
ATM_007,2023-01-10,337372,351301,344641.875000000000,14269,0,0,395111.107142857143,16173.571428571429,351641,healthy
ATM_007,2023-01-11,323137,337048,330424.708333333333,14235,0,0,378945.779761904762,16172.714285714286,337372,healthy
ATM_007,2023-01-12,308816,322833,316090.916666666667,14321,0,0,362768.148809523810,16191.000000000000,323137,healthy
ATM_007,2023-01-13,294640,308499,301815.708333333333,14176,0,0,346567.642857142857,16202.428571428571,308816,healthy
ATM_007,2023-01-14,273344,294184,284181.083333333333,21296,0,0,330360.934523809524,16218.000000000000,294640,healthy
ATM_007,2023-01-15,252204,272885,262868.416666666667,21140,0,0,314125.309523809524,16228.857142857143,273344,healthy
ATM_007,2023-01-16,238072,251876,245214.708333333333,14132,0,0,297891.059523809524,16224.142857142857,252204,healthy
ATM_007,2023-01-17,223862,237781,231078.416666666667,14210,0,0,281667.708333333333,16215.714285714286,238072,healthy
ATM_007,2023-01-18,209792,223544,216890.208333333333,14070,0,0,265448.494047619048,16192.142857142857,223862,healthy
ATM_007,2023-01-19,195676,209476,202894.458333333333,14116,0,0,249277.571428571428,16162.857142857143,209792,healthy
ATM_007,2023-01-20,181816,195361,188824.166666666667,13860,0,0,233135.922619047619,16117.714285714286,195676,healthy
ATM_007,2023-01-21,160466,181343,171265.916666666667,21350,0,0,217005.184523809524,16125.428571428571,181816,healthy
ATM_007,2023-01-22,139205,159999,150021.041666666667,21261,0,0,200884.130952380952,16142.714285714286,160466,healthy
ATM_007,2023-01-23,125160,138867,132299.250000000000,14045,0,0,184753.351190476191,16130.285714285714,139205,healthy
ATM_007,2023-01-24,110789,124800,118072.041666666667,14371,0,0,168609.583333333333,16153.285714285714,125160,healthy
ATM_007,2023-01-25,96826,110463,103897.791666666667,13963,0,0,152467.809523809524,16138.000000000000,110789,low
ATM_007,2023-01-26,71149,96245,84171.708333333333,25677,0,0,135507.416666666667,17789.571428571429,96826,low
ATM_007,2023-01-27,50769,500000,190051.875000000000,25651,1,0,135682.803571428572,19474.000000000000,71149,low
ATM_007,2023-01-28,458405,495766,477869.625000000000,38210,0,0,179483.333333333333,21882.571428571429,50769,healthy
ATM_007,2023-01-29,420046,457508,439560.083333333333,38359,0,0,220846.053571428571,24325.142857142857,458405,healthy
ATM_007,2023-01-30,394782,419490,407643.625000000000,25264,0,0,260180.964285714286,25927.857142857143,420046,healthy
ATM_007,2023-01-31,369273,394191,382249.458333333333,25509,0,0,297920.595238095238,27519.000000000000,394782,healthy
ATM_007,2023-02-01,355199,368954,362301.625000000000,14074,0,0,334835.428571428571,27534.857142857143,369273,healthy
ATM_007,2023-02-02,341063,354889,348238.875000000000,14136,0,0,372559.309523809524,25886.142857142857,355199,healthy
ATM_007,2023-02-03,326869,340746,334078.166666666667,14194,0,0,393134.494047619048,24249.428571428571,341063,healthy
ATM_007,2023-02-04,305566,326377,316433.458333333333,21303,0,0,370072.184523809524,21834.142857142857,326869,healthy
ATM_007,2023-02-05,284172,305062,295002.708333333333,21394,0,0,349421.130952380952,19410.571428571429,305566,healthy
ATM_007,2023-02-06,269905,283862,277143.291666666667,14267,0,0,330778.226190476190,17839.571428571429,284172,healthy
ATM_007,2023-02-07,255698,269609,262898.500000000000,14207,0,0,313728.089285714286,16225.000000000000,269905,healthy
ATM_007,2023-02-08,241665,255391,248792.375000000000,14033,0,0,297512.482142857143,16219.142857142857,255698,healthy
ATM_007,2023-02-09,227571,241370,234779.791666666667,14094,0,0,281304.041666666667,16213.142857142857,241665,healthy
ATM_007,2023-02-10,213470,227236,220654.666666666667,14101,0,0,265100.684523809524,16199.857142857143,227571,healthy
ATM_007,2023-02-11,192078,212977,202941.125000000000,21392,0,0,248887.494047619048,16212.571428571429,213470,healthy
ATM_007,2023-02-12,170805,191594,181559.375000000000,21273,0,0,232681.303571428572,16195.285714285714,192078,healthy
ATM_007,2023-02-13,156604,170484,163808.625000000000,14201,0,0,216490.636904761905,16185.857142857143,170805,healthy
ATM_007,2023-02-14,142231,156291,149592.833333333333,14373,0,0,200304.113095238095,16209.571428571429,156604,healthy
ATM_007,2023-02-15,128123,141912,135259.916666666667,14108,0,0,184085.190476190476,16220.285714285714,142231,healthy
ATM_007,2023-02-16,113867,127784,121075.708333333333,14256,0,0,167841.750000000000,16243.428571428571,128123,healthy
ATM_007,2023-02-17,99582,113525,106832.541666666667,14285,0,0,151581.446428571429,16269.714285714286,113867,low
ATM_007,2023-02-18,78479,99099,89162.041666666667,21103,0,0,135327.291666666667,16228.428571428571,99582,low
ATM_007,2023-02-19,57206,78007,68080.000000000000,21273,0,0,119115.952380952381,16228.428571428571,78479,low
ATM_007,2023-02-20,50165,500000,256884.250000000000,14134,1,0,132412.470238095238,16218.857142857143,57206,low
ATM_007,2023-02-21,479853,493610,487000.625000000000,14069,0,0,180613.583333333333,16175.428571428571,50165,healthy
ATM_007,2023-02-22,465718,479563,472901.041666666667,14135,0,0,228848.029761904762,16179.285714285714,479853,healthy
ATM_007,2023-02-23,451592,465419,458728.666666666667,14126,0,0,277084.166666666667,16160.714285714286,465718,healthy
ATM_007,2023-02-24,437515,451300,444669.208333333333,14077,0,0,325346.547619047619,16131.000000000000,451592,healthy
ATM_007,2023-02-25,416188,437030,427032.375000000000,21327,0,0,373613.738095238095,16163.000000000000,437515,healthy
ATM_007,2023-02-26,377987,415336,397429.583333333333,38201,0,0,420663.678571428571,18581.285714285714,416188,healthy
ATM_007,2023-02-27,352276,377392,365333.458333333333,25711,0,0,436156.422619047619,20235.142857142857,377987,healthy
ATM_007,2023-02-28,326910,351700,339871.500000000000,25366,0,0,415137.976190476190,21849.000000000000,352276,healthy
ATM_007,2023-03-01,312861,326575,319969.666666666667,14049,0,0,393290.636904761905,21836.714285714286,326910,healthy
ATM_007,2023-03-02,298783,312561,305954.958333333333,14078,0,0,371465.821428571428,21829.857142857143,312861,healthy
ATM_007,2023-03-03,284643,298454,291809.875000000000,14140,0,0,349628.773809523809,21838.857142857143,298783,healthy
ATM_007,2023-03-04,263407,284146,274205.875000000000,21236,0,0,327796.416666666667,21825.857142857143,284643,healthy
ATM_007,2023-03-05,242127,262939,253008.916666666667,21280,0,0,307164.892857142857,19408.571428571429,263407,healthy
ATM_007,2023-03-06,228090,241789,235164.125000000000,14037,0,0,288569.273809523810,17740.857142857143,242127,healthy
ATM_007,2023-03-07,213839,227771,221027.250000000000,14251,0,0,271591.523809523810,16153.000000000000,228090,healthy
ATM_007,2023-03-08,199691,213492,206813.250000000000,14148,0,0,255426.321428571429,16167.142857142857,213839,healthy
ATM_007,2023-03-09,185474,199354,192652.500000000000,14217,0,0,239240.255952380952,16187.000000000000,199691,healthy
ATM_007,2023-03-10,171287,185144,178466.958333333333,14187,0,0,223048.410714285714,16193.714285714286,185474,healthy
ATM_007,2023-03-11,150086,170797,160819.833333333333,21201,0,0,206850.404761904762,16188.714285714286,171287,healthy
ATM_007,2023-03-12,128865,149622,139638.958333333333,21221,0,0,190654.696428571428,16180.285714285714,150086,healthy
ATM_007,2023-03-13,114726,128563,121940.541666666667,14139,0,0,174479.898809523809,16194.857142857143,128865,healthy
ATM_007,2023-03-14,100521,114422,107756.333333333333,14205,0,0,158298.339285714286,16188.285714285714,114726,healthy
ATM_007,2023-03-15,86267,100209,93490.583333333333,14254,0,0,142109.386904761905,16203.428571428571,100521,low
ATM_007,2023-03-16,72068,85953,79266.958333333333,14199,0,0,125911.452380952381,16200.857142857143,86267,low
ATM_007,2023-03-17,57898,71743,65076.041666666667,14170,0,0,109712.750000000000,16198.428571428571,72068,low
ATM_007,2023-03-18,50440,500000,291782.250000000000,21332,1,0,128421.666666666667,16217.142857142857,57898,low
ATM_007,2023-03-19,466301,487156,477098.000000000000,21380,0,0,176630.101190476190,16239.857142857143,50440,healthy
ATM_007,2023-03-20,451996,465987,459249.208333333333,14305,0,0,224817.053571428571,16263.571428571429,466301,healthy
ATM_007,2023-03-21,437717,451680,444967.541666666667,14279,0,0,272990.083333333333,16274.142857142857,451996,healthy
ATM_007,2023-03-22,423581,437380,430766.333333333333,14136,0,0,321172.333333333333,16257.285714285714,437717,healthy
ATM_007,2023-03-23,409319,423274,416564.625000000000,14262,0,0,369357.714285714286,16266.285714285714,423581,healthy
ATM_007,2023-03-24,395271,408980,402398.250000000000,14048,0,0,417546.601190476190,16248.857142857143,409319,healthy
ATM_007,2023-03-25,373815,394777,384690.416666666667,21456,0,0,430819.196428571429,16266.571428571429,395271,healthy
ATM_007,2023-03-26,335649,372981,355050.583333333333,38166,0,0,413383.851190476190,18664.571428571429,373815,healthy
ATM_007,2023-03-27,310260,335092,323116.208333333333,25389,0,0,393936.279761904762,20248.000000000000,335649,healthy
ATM_007,2023-03-28,284930,309679,297773.333333333333,25330,0,0,372908.535714285714,21826.714285714286,310260,healthy
ATM_007,2023-03-29,259434,284346,272297.458333333333,25496,0,0,350270.125000000000,23449.571428571429,284930,healthy
ATM_007,2023-03-30,234070,258850,246988.583333333333,25364,0,0,326044.976190476190,25035.571428571429,259434,healthy
ATM_007,2023-03-31,208711,233476,221588.250000000000,25359,0,0,300214.976190476190,26651.428571428571,234070,healthy
ATM_007,2023-04-01,187328,208185,198148.958333333333,21383,0,0,273566.196428571428,26641.000000000000,208711,healthy
ATM_007,2023-04-02,166084,186864,176904.458333333333,21244,0,0,248116.750000000000,24223.571428571429,187328,healthy
ATM_007,2023-04-03,151986,165751,159148.458333333333,14098,0,0,224692.785714285714,22610.571428571429,166084,healthy
ATM_007,2023-04-04,137792,151664,144979.625000000000,14194,0,0,202865.113095238095,21019.714285714286,151986,healthy
ATM_007,2023-04-05,123612,137477,130835.916666666667,14180,0,0,182656.321428571428,19403.142857142857,137792,healthy
ATM_007,2023-04-06,109432,123281,116599.958333333333,14180,0,0,164029.375000000000,17805.428571428571,123612,healthy
ATM_007,2023-04-07,95169,109116,102433.166666666667,14263,0,0,147007.220238095238,16220.285714285714,109432,low
ATM_007,2023-04-08,74205,94725,84892.500000000000,20964,0,0,130827.726190476190,16160.428571428571,95169,low
ATM_007,2023-04-09,52808,73711,63668.458333333333,21397,0,0,114651.154761904762,16182.285714285714,74205,low
ATM_007,2023-04-10,50305,500000,345807.958333333333,14323,1,0,141316.797619047619,16214.428571428571,52808,low
ATM_007,2023-04-11,474334,488178,481470.166666666667,14155,0,0,189386.875000000000,16208.857142857143,50305,healthy
ATM_007,2023-04-12,460280,474035,467413.083333333333,14054,0,0,237469.327380952381,16190.857142857143,474334,healthy
ATM_007,2023-04-13,446245,459965,453348.291666666667,14035,0,0,285576.232142857143,16170.142857142857,460280,healthy
ATM_007,2023-04-14,432048,445915,439222.625000000000,14197,0,0,333689.011904761905,16160.714285714286,446245,healthy
ATM_007,2023-04-15,410756,431582,421548.208333333333,21292,0,0,381782.684523809524,16207.571428571429,432048,healthy
ATM_007,2023-04-16,389529,410259,400294.250000000000,21227,0,0,429872.083333333333,16183.285714285714,410756,healthy
ATM_007,2023-04-17,375189,389198,382435.583333333333,14340,0,0,435104.601190476190,16185.714285714286,389529,healthy
ATM_007,2023-04-18,360999,374887,368237.125000000000,14190,0,0,418928.452380952381,16190.714285714286,375189,healthy
ATM_007,2023-04-19,347062,360682,354107.625000000000,13937,0,0,402741.958333333333,16174.000000000000,360999,healthy
ATM_007,2023-04-20,332821,346731,340050.541666666667,14241,0,0,386556.565476190476,16203.428571428571,347062,healthy
ATM_007,2023-04-21,318562,332474,325787.625000000000,14259,0,0,370351.565476190476,16212.285714285714,332821,healthy
ATM_007,2023-04-22,297135,318069,308037.125000000000,21427,0,0,354135.696428571429,16231.571428571429,318562,healthy
ATM_007,2023-04-23,275931,296669,286649.208333333333,21204,0,0,337900.690476190476,16228.285714285714,297135,healthy
ATM_007,2023-04-24,261860,275587,268998.333333333333,14071,0,0,321695.369047619048,16189.857142857143,275931,healthy
ATM_007,2023-04-25,247685,261526,254888.125000000000,14175,0,0,305502.654761904762,16187.714285714286,261860,healthy
ATM_007,2023-04-26,222081,247096,235085.000000000000,25604,0,0,288499.422619047619,17854.428571428571,247685,healthy
ATM_007,2023-04-27,196664,221508,209536.208333333333,25417,0,0,269854.517857142857,19451.000000000000,222081,healthy
ATM_007,2023-04-28,171131,196110,184108.041666666667,25533,0,0,249614.577380952381,21061.571428571429,196664,healthy
ATM_007,2023-04-29,132897,170270,152306.833333333333,38234,0,0,227367.392857142857,23462.571428571429,171131,healthy
ATM_007,2023-04-30,94430,132047,113987.583333333333,38467,0,0,202701.446428571428,25928.714285714286,132897,low
ATM_007,2023-05-01,80172,94107,87380.875000000000,14258,0,0,176756.095238095238,25955.428571428571,94430,low
ATM_007,2023-05-02,66294,79870,73352.375000000000,13878,0,0,150822.416666666667,25913.000000000000,80172,low
ATM_007,2023-05-03,52288,65954,59391.791666666667,14006,0,0,125723.386904761905,24256.142857142857,66294,low
ATM_007,2023-05-04,50008,500000,364312.416666666667,14089,1,0,147834.273809523810,22637.857142857143,52288,low
ATM_007,2023-05-05,474412,488190,481591.791666666667,14103,0,0,190331.952380952381,21005.000000000000,50008,healthy
ATM_007,2023-05-06,453021,473939,463878.750000000000,21391,0,0,234842.226190476191,18598.857142857143,474412,healthy
ATM_007,2023-05-07,431779,452564,442580.250000000000,21242,0,0,281784.035714285714,16138.142857142857,453021,healthy
ATM_007,2023-05-08,417826,431462,424938.041666666667,13953,0,0,330006.488095238095,16094.571428571429,431779,healthy
ATM_007,2023-05-09,403611,417513,410850.208333333333,14215,0,0,378220.464285714286,16142.714285714286,417826,healthy
ATM_007,2023-05-10,389290,403309,396575.666666666667,14321,0,0,426389.589285714286,16187.714285714286,403611,healthy
ATM_007,2023-05-11,375140,388999,382388.333333333333,14150,0,0,428971.863095238095,16196.428571428571,389290,healthy
ATM_007,2023-05-12,360858,374828,368123.458333333333,14282,0,0,412762.101190476190,16222.000000000000,375140,healthy
ATM_007,2023-05-13,339449,360332,350248.375000000000,21409,0,0,396529.190476190476,16224.571428571429,360858,healthy
ATM_007,2023-05-14,318240,338992,328992.291666666667,21209,0,0,380302.339285714286,16219.857142857143,339449,healthy
ATM_007,2023-05-15,304187,317900,311339.041666666667,14053,0,0,364073.910714285714,16234.142857142857,318240,healthy
ATM_007,2023-05-16,290116,303878,297261.541666666667,14071,0,0,347846.958333333333,16213.571428571429,304187,healthy
ATM_007,2023-05-17,275767,289781,283045.666666666667,14349,0,0,331628.386904761905,16217.571428571429,290116,healthy
ATM_007,2023-05-18,261744,275443,268915.375000000000,14023,0,0,315417.964285714286,16199.428571428571,275767,healthy
ATM_007,2023-05-19,247723,261437,254820.250000000000,14021,0,0,299231.791666666667,16162.142857142857,261744,healthy
ATM_007,2023-05-20,226501,247241,237232.708333333333,21222,0,0,283086.696428571429,16135.428571428571,247723,healthy
ATM_007,2023-05-21,205429,225997,216108.541666666667,21072,0,0,266960.446428571429,16115.857142857143,226501,healthy
ATM_007,2023-05-22,191081,205161,198396.416666666667,14348,0,0,250825.785714285714,16158.000000000000,205429,healthy
ATM_007,2023-05-23,176975,190753,184103.000000000000,14106,0,0,234660.279761904762,16163.000000000000,191081,healthy
ATM_007,2023-05-24,162689,176650,169898.416666666667,14286,0,0,218496.386904761905,16154.000000000000,176975,healthy
ATM_007,2023-05-25,148588,162387,155780.125000000000,14101,0,0,202334.208333333333,16165.142857142857,162689,healthy
ATM_007,2023-05-26,122957,147994,135984.250000000000,25631,0,0,185357.636904761905,17823.714285714286,148588,healthy
ATM_007,2023-05-27,84564,122070,104005.416666666667,38393,0,0,166325.166666666667,20276.714285714286,122957,low
ATM_007,2023-05-28,50772,500000,159625.250000000000,38071,1,0,158256.125000000000,22705.142857142857,84564,low
ATM_007,2023-05-29,471119,496066,484110.708333333333,25504,0,0,199072.452380952381,24298.857142857143,50772,healthy
ATM_007,2023-05-30,445521,470540,458568.500000000000,25598,0,0,238281.809523809524,25940.571428571429,471119,healthy
ATM_007,2023-05-31,419951,444966,432992.125000000000,25570,0,0,275866.625000000000,27552.571428571429,445521,healthy
ATM_007,2023-06-01,405856,419633,413006.041666666667,14095,0,0,312613.184523809524,27551.714285714286,419951,healthy
ATM_007,2023-06-02,391542,405522,398780.958333333333,14314,0,0,350155.571428571429,25935.000000000000,405856,healthy
ATM_007,2023-06-03,370345,391053,381088.625000000000,21197,0,0,389738.886904761905,23478.428571428571,391542,healthy
ATM_007,2023-06-04,349052,369889,359849.833333333333,21293,0,0,418342.398809523809,21081.571428571429,370345,healthy
ATM_007,2023-06-05,335078,348748,342160.041666666667,13974,0,0,398063.732142857143,19434.428571428571,349052,healthy
ATM_007,2023-06-06,321176,334796,328229.250000000000,13902,0,0,379443.839285714286,17763.571428571429,335078,healthy
ATM_007,2023-06-07,307188,320862,314298.541666666667,13988,0,0,362487.613095238095,16109.000000000000,321176,healthy
ATM_007,2023-06-08,292861,306855,300129.416666666667,14327,0,0,346362.380952380952,16142.142857142857,307188,healthy
ATM_007,2023-06-09,278597,292519,285812.041666666667,14264,0,0,330223.964285714286,16135.000000000000,292861,healthy
ATM_007,2023-06-10,257107,278115,268066.041666666667,21490,0,0,314077.880952380953,16176.857142857143,278597,healthy
ATM_007,2023-06-11,235890,256631,246680.916666666667,21217,0,0,297910.892857142857,16166.000000000000,257107,healthy
ATM_007,2023-06-12,221492,235605,228829.333333333333,14398,0,0,281720.791666666667,16226.571428571429,235890,healthy
ATM_007,2023-06-13,207191,221160,214408.791666666667,14301,0,0,265460.726190476191,16283.571428571429,221492,healthy
ATM_007,2023-06-14,193033,206857,200191.666666666667,14158,0,0,249159.744047619048,16307.857142857143,207191,healthy
ATM_007,2023-06-15,178901,192706,186090.958333333333,14132,0,0,232868.535714285714,16280.000000000000,193033,healthy
ATM_007,2023-06-16,164743,178577,171926.833333333333,14158,0,0,216599.220238095238,16264.857142857143,178901,healthy
ATM_007,2023-06-17,143477,164257,154306.625000000000,21266,0,0,200347.875000000000,16232.857142857143,164743,healthy
ATM_007,2023-06-18,122100,143005,132980.916666666667,21377,0,0,184105.017857142857,16255.714285714286,143477,healthy
ATM_007,2023-06-19,108010,121792,115142.541666666667,14090,0,0,167864.047619047619,16211.714285714286,122100,healthy
ATM_007,2023-06-20,93763,107691,100968.666666666667,14247,0,0,151658.315476190476,16204.000000000000,108010,low
ATM_007,2023-06-21,79587,93428,86756.958333333333,14176,0,0,135453.357142857143,16206.571428571429,93763,low
ATM_007,2023-06-22,65406,79258,72580.416666666667,14181,0,0,119237.565476190476,16213.571428571429,79587,low
ATM_007,2023-06-23,51271,65075,58422.916666666667,14135,0,0,103022.720238095238,16210.285714285714,65406,low
ATM_007,2023-06-24,50254,500000,453509.583333333333,21262,1,0,145766.000000000000,16209.714285714286,51271,low
ATM_007,2023-06-25,458982,479778,469783.375000000000,21267,0,0,193880.636904761905,16194.000000000000,50254,healthy
ATM_007,2023-06-26,433459,458442,446478.666666666667,25523,0,0,241214.369047619048,17827.285714285714,458982,healthy
ATM_007,2023-06-27,407840,432899,420860.333333333333,25619,0,0,286913.178571428571,19451.857142857143,433459,healthy
ATM_007,2023-06-28,382544,407241,395353.541666666667,25296,0,0,330998.404761904762,21040.428571428571,407840,healthy
ATM_007,2023-06-29,356631,381948,369812.708333333333,25913,0,0,373460.160714285714,22716.428571428571,382544,healthy
ATM_007,2023-06-30,331250,356059,344135.708333333333,25381,0,0,414276.273809523809,24323.000000000000,356631,healthy
ATM_007,2023-07-01,310107,330786,320848.250000000000,21143,0,0,395324.654761904762,24306.000000000000,331250,healthy
ATM_007,2023-07-02,288670,309609,299557.375000000000,21437,0,0,371006.654761904762,24330.285714285714,310107,healthy
ATM_007,2023-07-03,274584,288340,281738.791666666667,14086,0,0,347472.386904761905,22696.428571428571,288670,healthy
ATM_007,2023-07-04,260463,274278,267627.250000000000,14121,0,0,325581.946428571429,21053.857142857143,274584,healthy
ATM_007,2023-07-05,246314,260140,253495.625000000000,14149,0,0,305316.529761904762,19461.428571428571,260463,healthy
ATM_007,2023-07-06,232511,246019,239519.833333333333,13803,0,0,286703.261904761905,17731.428571428571,246314,healthy
ATM_007,2023-07-07,218320,232194,225510.375000000000,14191,0,0,269756.785714285714,16132.857142857143,232511,healthy
ATM_007,2023-07-08,197015,217798,207789.166666666667,21305,0,0,253605.488095238095,16156.000000000000,218320,healthy
ATM_007,2023-07-09,175971,196516,186627.458333333333,21044,0,0,237472.642857142857,16099.857142857143,197015,healthy
ATM_007,2023-07-10,161827,175639,169034.041666666667,14144,0,0,221371.964285714286,16108.142857142857,175971,healthy
ATM_007,2023-07-11,147737,161497,154936.666666666667,14090,0,0,205273.309523809524,16103.714285714286,161827,healthy
ATM_007,2023-07-12,133444,147407,140722.000000000000,14293,0,0,189162.791666666667,16124.285714285714,147737,healthy
ATM_007,2023-07-13,119350,133109,126501.375000000000,14094,0,0,173017.297619047619,16165.857142857143,133444,healthy
ATM_007,2023-07-14,105047,119022,112290.208333333333,14303,0,0,156842.988095238095,16181.857142857143,119350,healthy
ATM_007,2023-07-15,84058,104580,94734.375000000000,20989,0,0,140692.303571428571,16136.714285714286,105047,low
ATM_007,2023-07-16,62692,83579,73576.833333333333,21366,0,0,124542.214285714286,16182.714285714286,84058,low
ATM_007,2023-07-17,50002,500000,149487.958333333333,14268,1,0,121749.916666666667,16200.428571428571,62692,low
ATM_007,2023-07-18,484422,498400,491674.833333333333,14289,0,0,169855.369047619047,16228.857142857143,50002,healthy
ATM_007,2023-07-19,470251,484111,477523.125000000000,14171,0,0,217969.815476190476,16211.428571428571,484422,healthy
ATM_007,2023-07-20,456124,469948,463277.458333333333,14127,0,0,266080.684523809524,16216.142857142857,470251,healthy
ATM_007,2023-07-21,442073,455802,449168.916666666667,14051,0,0,314206.214285714286,16180.142857142857,456124,healthy
ATM_007,2023-07-22,421064,441609,431706.166666666667,21009,0,0,362345.041666666667,16183.000000000000,442073,healthy
ATM_007,2023-07-23,399780,420596,410683.500000000000,21284,0,0,410503.136904761905,16171.285714285714,421064,healthy
ATM_007,2023-07-24,385689,399457,392836.291666666667,14091,0,0,445267.184523809524,16146.000000000000,399780,healthy
ATM_007,2023-07-25,371517,385370,378745.791666666667,14172,0,0,429134.464285714286,16129.285714285714,385689,healthy
ATM_007,2023-07-26,346016,370929,358918.166666666667,25501,0,0,412190.898809523810,17747.857142857143,371517,healthy
ATM_007,2023-07-27,320569,345471,333489.708333333333,25447,0,0,393649.791666666667,19365.000000000000,346016,healthy
ATM_007,2023-07-28,294911,320032,307927.750000000000,25658,0,0,373472.482142857143,21023.142857142857,320569,healthy
ATM_007,2023-07-29,257086,294071,276298.416666666667,37825,0,0,351271.375000000000,23425.428571428571,294911,healthy
ATM_007,2023-07-30,219011,256241,238346.500000000000,38075,0,0,326651.803571428572,25824.142857142857,257086,healthy
ATM_007,2023-07-31,193280,218423,206358.208333333333,25731,0,0,300012.077380952381,27487.000000000000,219011,healthy
ATM_007,2023-08-01,179100,192946,186294.916666666667,14180,0,0,272519.095238095238,27488.142857142857,193280,healthy
ATM_007,2023-08-02,164878,178787,172112.666666666667,14222,0,0,245832.595238095238,25876.857142857143,179100,healthy
ATM_007,2023-08-03,150789,164556,157890.666666666667,14089,0,0,220747.017857142857,24254.285714285714,164878,healthy
ATM_007,2023-08-04,136823,150499,143943.666666666667,13966,0,0,197320.720238095238,22584.000000000000,150789,healthy
ATM_007,2023-08-05,115776,136382,126456.500000000000,21047,0,0,175914.732142857143,20187.142857142857,136823,healthy
ATM_007,2023-08-06,94389,115307,105265.000000000000,21387,0,0,156903.089285714286,17803.142857142857,115776,low
ATM_007,2023-08-07,80320,94084,87506.791666666667,14069,0,0,139924.315476190476,16137.142857142857,94389,low
ATM_007,2023-08-08,66060,79980,73295.583333333333,14260,0,0,123781.553571428572,16148.571428571429,80320,low
ATM_007,2023-08-09,51932,65699,59089.000000000000,14128,0,0,107635.315476190476,16135.142857142857,66060,low
ATM_007,2023-08-10,50319,500000,401158.333333333333,14221,1,0,142387.839285714286,16154.000000000000,51932,low
ATM_007,2023-08-11,473808,487408,480858.958333333333,13906,0,0,190518.595238095238,16145.428571428571,50319,healthy
ATM_007,2023-08-12,452456,473350,463273.208333333333,21352,0,0,238635.267857142857,16189.000000000000,473808,healthy
ATM_007,2023-08-13,431276,451991,441994.875000000000,21180,0,0,286739.535714285714,16159.428571428571,452456,healthy
ATM_007,2023-08-14,417160,430975,424355.083333333333,14116,0,0,334860.720238095238,16166.142857142857,431276,healthy
ATM_007,2023-08-15,402847,416831,410089.541666666667,14313,0,0,382974.142857142857,16173.714285714286,417160,healthy
ATM_007,2023-08-16,388751,402528,395915.458333333333,14096,0,0,431092.208333333333,16169.142857142857,402847,healthy
ATM_007,2023-08-17,374568,388398,381754.916666666667,14183,0,0,428320.291666666667,16163.714285714286,388751,healthy
ATM_007,2023-08-18,360473,374240,367628.208333333333,14095,0,0,412144.470238095238,16190.714285714286,374568,healthy
ATM_007,2023-08-19,339422,359982,350123.583333333333,21051,0,0,395980.238095238095,16147.714285714286,360473,healthy
ATM_007,2023-08-20,318343,338926,329089.458333333333,21079,0,0,379850.892857142857,16133.285714285714,339422,healthy
ATM_007,2023-08-21,304203,318030,311395.833333333333,14140,0,0,363713.857142857143,16136.714285714286,318343,healthy
ATM_007,2023-08-22,290006,303928,297263.708333333333,14197,0,0,347595.880952380952,16120.142857142857,304203,healthy
ATM_007,2023-08-23,275853,289676,283046.958333333333,14153,0,0,331471.809523809524,16128.285714285714,290006,healthy
ATM_007,2023-08-24,261724,275544,268922.458333333333,14129,0,0,315352.886904761904,16120.571428571429,275853,healthy
ATM_007,2023-08-25,247339,261365,254603.333333333333,14385,0,0,299206.476190476190,16162.000000000000,261724,healthy
ATM_007,2023-08-26,209245,246478,228704.625000000000,38094,0,0,281860.910714285714,18596.714285714286,247339,healthy
ATM_007,2023-08-27,170942,208402,190412.166666666667,38303,0,0,262049.869047619047,21057.285714285714,209245,healthy
ATM_007,2023-08-28,145523,170361,158421.541666666667,25419,0,0,240196.398809523809,22668.571428571429,170942,healthy
ATM_007,2023-08-29,120070,144945,133000.083333333333,25453,0,0,216730.166666666667,24276.571428571429,145523,healthy
ATM_007,2023-08-30,94692,119474,107566.541666666667,25378,0,0,191661.535714285714,25880.142857142857,120070,low
ATM_007,2023-08-31,69421,94129,82272.041666666667,25271,0,0,164997.190476190476,27471.857142857143,94692,low
ATM_007,2023-09-01,55191,69074,62378.958333333333,14230,0,0,137536.565476190476,27449.714285714286,69421,low
ATM_007,2023-09-02,50834,500000,326322.125000000000,21443,1,0,151481.922619047619,25071.000000000000,55191,low
ATM_007,2023-09-03,463306,483973,474041.708333333333,21130,0,0,192000.428571428571,22617.714285714286,50834,healthy
ATM_007,2023-09-04,449187,463025,456383.166666666667,14119,0,0,234566.375000000000,21003.428571428571,463306,healthy
ATM_007,2023-09-05,434758,448880,442088.458333333333,14429,0,0,278721.857142857143,19428.571428571429,449187,healthy
ATM_007,2023-09-06,420575,434432,427782.875000000000,14183,0,0,324467.047619047619,17829.285714285714,434758,healthy
ATM_007,2023-09-07,406318,420237,413540.208333333333,14257,0,0,371791.071428571428,16255.857142857143,420575,healthy
ATM_007,2023-09-08,392148,406014,399353.625000000000,14170,0,0,419930.309523809524,16247.285714285714,406318,healthy
ATM_007,2023-09-09,370823,391657,381620.250000000000,21325,0,0,427830.041666666667,16230.428571428571,392148,healthy
ATM_007,2023-09-10,349614,370327,360375.250000000000,21209,0,0,411591.976190476190,16241.714285714286,370823,healthy
ATM_007,2023-09-11,335558,349286,342684.541666666667,14056,0,0,395349.315476190476,16232.714285714286,349614,healthy
ATM_007,2023-09-12,321446,335241,328622.083333333333,14112,0,0,379139.833333333333,16187.428571428571,335558,healthy
ATM_007,2023-09-13,307221,321131,314438.000000000000,14225,0,0,362947.708333333333,16193.428571428571,321446,healthy
ATM_007,2023-09-14,293085,306882,300262.375000000000,14136,0,0,346765.160714285714,16176.142857142857,307221,healthy
ATM_007,2023-09-15,278963,292741,286128.375000000000,14122,0,0,330590.125000000000,16169.285714285714,293085,healthy
ATM_007,2023-09-16,257812,278513,268577.958333333333,21151,0,0,314441.226190476190,16144.428571428571,278963,healthy
ATM_007,2023-09-17,236536,257328,247348.500000000000,21276,0,0,298294.547619047619,16154.000000000000,257812,healthy
ATM_007,2023-09-18,222362,236210,229515.291666666667,14174,0,0,282127.511904761905,16170.857142857143,236536,healthy
ATM_007,2023-09-19,208190,222050,215394.666666666667,14172,0,0,265952.166666666667,16179.428571428571,222362,healthy
ATM_007,2023-09-20,194004,207855,201187.291666666667,14186,0,0,249773.494047619048,16173.857142857143,208190,healthy
ATM_007,2023-09-21,179766,193653,186993.791666666667,14238,0,0,233592.267857142857,16188.428571428571,194004,healthy
ATM_007,2023-09-22,165473,179418,172710.000000000000,14293,0,0,217389.642857142857,16212.857142857143,179766,healthy
ATM_007,2023-09-23,144233,165036,155013.333333333333,21240,0,0,201166.125000000000,16225.571428571429,165473,healthy
ATM_007,2023-09-24,123110,143801,133904.083333333333,21123,0,0,184959.779761904762,16203.714285714286,144233,healthy
ATM_007,2023-09-25,108965,122814,116148.625000000000,14145,0,0,168764.541666666667,16199.571428571429,123110,healthy
ATM_007,2023-09-26,83404,108406,96440.666666666667,25561,0,0,151771.113095238095,17826.571428571429,108965,low
ATM_007,2023-09-27,58114,82885,71001.375000000000,25290,0,0,133173.125000000000,19412.857142857143,83404,low
ATM_007,2023-09-28,51105,500000,308574.791666666667,25366,1,0,150541.839285714286,21002.571428571429,58114,low
ATM_007,2023-09-29,458151,483017,471065.583333333333,25431,0,0,193164.065476190476,22593.714285714286,51105,healthy
ATM_007,2023-09-30,420059,457300,439367.125000000000,38092,0,0,233786.035714285714,25001.142857142857,458151,healthy
ATM_007,2023-10-01,398674,419579,409564.458333333333,21385,0,0,273166.089285714286,25038.571428571429,420059,healthy
ATM_007,2023-10-02,384502,398396,391738.000000000000,14172,0,0,312536.000000000000,25042.428571428571,398674,healthy
ATM_007,2023-10-03,370444,384177,377570.958333333333,14058,0,0,352697.470238095238,23399.142857142857,384502,healthy
ATM_007,2023-10-04,356400,370100,363537.916666666667,14044,0,0,394488.404761904762,21792.571428571429,370444,healthy
ATM_007,2023-10-05,342379,356103,349516.750000000000,14021,0,0,400337.255952380952,20171.857142857143,356400,healthy
ATM_007,2023-10-06,328301,342037,335464.916666666667,14078,0,0,380965.732142857143,18550.000000000000,342379,healthy
ATM_007,2023-10-07,306945,327850,317830.041666666667,21356,0,0,363603.291666666667,16159.142857142857,328301,healthy
ATM_007,2023-10-08,285798,306488,296537.125000000000,21147,0,0,347456.529761904762,16125.142857142857,306945,healthy
ATM_007,2023-10-09,271512,285458,278759.250000000000,14286,0,0,331316.708333333333,16141.428571428571,285798,healthy
ATM_007,2023-10-10,257335,271203,264543.041666666667,14177,0,0,315169.863095238095,16158.428571428571,271512,healthy
ATM_007,2023-10-11,243145,257037,250408.750000000000,14190,0,0,299008.553571428572,16179.285714285714,257335,healthy
ATM_007,2023-10-12,228988,242846,236193.000000000000,14157,0,0,282819.446428571429,16198.714285714286,243145,healthy
ATM_007,2023-10-13,214652,228659,221955.333333333333,14336,0,0,266603.791666666667,16235.571428571429,228988,healthy
ATM_007,2023-10-14,193266,214163,204109.916666666667,21386,0,0,250358.059523809524,16239.857142857143,214652,healthy
ATM_007,2023-10-15,172096,192787,182803.541666666667,21170,0,0,234110.404761904762,16243.142857142857,193266,healthy
ATM_007,2023-10-16,157818,171753,165135.666666666667,14278,0,0,217878.464285714286,16242.000000000000,172096,healthy
ATM_007,2023-10-17,143690,157507,150823.625000000000,14128,0,0,201632.833333333333,16235.000000000000,157818,healthy
ATM_007,2023-10-18,129356,143363,136620.541666666667,14334,0,0,185377.375000000000,16255.571428571429,143690,healthy
ATM_007,2023-10-19,115068,129042,122337.208333333333,14288,0,0,169112.261904761905,16274.285714285714,129356,healthy
ATM_007,2023-10-20,100919,114766,108126.666666666667,14149,0,0,152851.023809523810,16247.571428571429,115068,healthy
ATM_007,2023-10-21,79703,100446,90485.250000000000,21216,0,0,136618.928571428572,16223.285714285714,100919,low
ATM_007,2023-10-22,58634,79253,69326.333333333333,21069,0,0,120407.898809523810,16208.857142857143,79703,low
ATM_007,2023-10-23,50446,500000,239329.708333333333,14364,1,0,131007.047619047619,16221.142857142857,58634,low
ATM_007,2023-10-24,480832,494563,487953.291666666667,14030,0,0,179168.428571428571,16207.142857142857,50446,healthy
ATM_007,2023-10-25,466682,480500,473869.333333333333,14150,0,0,227346.827380952381,16180.857142857143,480832,healthy
ATM_007,2023-10-26,441148,466099,454077.208333333333,25534,0,0,274738.255952380952,17787.428571428571,466682,healthy
ATM_007,2023-10-27,415271,440565,428423.291666666667,25877,0,0,320494.916666666667,19462.857142857143,441148,healthy
ATM_007,2023-10-28,377406,414392,396641.125000000000,37865,0,0,364231.470238095238,21841.285714285714,415271,healthy
ATM_007,2023-10-29,339200,376601,358639.250000000000,38206,0,0,405561.886904761905,24289.428571428571,377406,healthy
ATM_007,2023-10-30,313862,338611,326746.666666666667,25338,0,0,418050.023809523810,25857.142857142857,339200,healthy
ATM_007,2023-10-31,288322,313317,301286.250000000000,25540,0,0,391383.303571428571,27501.428571428571,313862,healthy
ATM_007,2023-11-01,274190,288012,281371.583333333333,14132,0,0,363883.625000000000,27498.857142857143,288322,healthy
ATM_007,2023-11-02,260002,273854,267233.541666666667,14188,0,0,337191.672619047619,25878.000000000000,274190,healthy
ATM_007,2023-11-03,245710,259667,252967.875000000000,14292,0,0,312126.613095238095,24223.000000000000,260002,healthy
ATM_007,2023-11-04,224424,245243,235236.458333333333,21286,0,0,289068.803571428571,21854.571428571429,245710,healthy
ATM_007,2023-11-05,203100,223922,213887.625000000000,21324,0,0,268390.000000000000,19442.857142857143,224424,healthy
ATM_007,2023-11-06,188997,202784,196209.375000000000,14103,0,0,249741.815476190476,17837.857142857143,203100,healthy
ATM_007,2023-11-07,174882,188652,181981.833333333333,14115,0,0,232698.327380952381,16205.714285714286,188997,healthy
ATM_007,2023-11-08,160858,174546,167965.000000000000,14024,0,0,216497.386904761905,16190.285714285714,174882,healthy
ATM_007,2023-11-09,146717,160524,153920.666666666667,14141,0,0,200309.833333333333,16183.571428571429,160858,healthy
ATM_007,2023-11-10,132360,146396,139628.083333333333,14357,0,0,184118.434523809524,16192.857142857143,146717,healthy
ATM_007,2023-11-11,111239,131874,121989.666666666667,21121,0,0,167940.321428571429,16169.285714285714,132360,healthy
ATM_007,2023-11-12,90063,110711,100780.708333333333,21176,0,0,151782.190476190476,16148.142857142857,111239,low
ATM_007,2023-11-13,75693,89774,82995.541666666667,14370,0,0,135608.785714285714,16186.285714285714,90063,low
ATM_007,2023-11-14,61702,75371,68775.166666666667,13991,0,0,119436.404761904762,16168.571428571429,75693,low
ATM_007,2023-11-15,50603,500000,186149.000000000000,14030,1,0,122034.119047619048,16169.428571428571,61702,low
ATM_007,2023-11-16,483856,497792,491114.458333333333,14241,0,0,170204.660714285714,16183.714285714286,50603,healthy
ATM_007,2023-11-17,469657,483545,476842.041666666667,14199,0,0,218378.083333333333,16161.142857142857,483856,healthy
ATM_007,2023-11-18,448479,469163,459237.291666666667,21178,0,0,266556.315476190476,16169.285714285714,469657,healthy
ATM_007,2023-11-19,427502,448032,438169.958333333333,20977,0,0,314754.779761904762,16140.857142857143,448479,healthy
ATM_007,2023-11-20,413358,427217,420543.875000000000,14144,0,0,362975.970238095238,16108.571428571429,427502,healthy
ATM_007,2023-11-21,399265,413035,406433.083333333333,14093,0,0,411212.815476190476,16123.142857142857,413358,healthy
ATM_007,2023-11-22,385127,398924,392309.208333333333,14138,0,0,440664.273809523809,16138.571428571429,399265,healthy
ATM_007,2023-11-23,371171,384807,378320.166666666667,13956,0,0,424550.803571428571,16097.857142857143,385127,healthy
ATM_007,2023-11-24,356990,370831,364180.666666666667,14181,0,0,408456.321428571429,16095.285714285714,371171,healthy
ATM_007,2023-11-25,335902,356517,346606.458333333333,21088,0,0,392366.202380952381,16082.428571428571,356990,healthy
ATM_007,2023-11-26,297546,335057,317043.583333333333,38356,0,0,375062.434523809524,18565.142857142857,335902,healthy
ATM_007,2023-11-27,272018,296966,284969.375000000000,25528,0,0,355694.648809523809,20191.428571428571,297546,healthy
ATM_007,2023-11-28,246495,271457,259469.583333333333,25523,0,0,334699.863095238095,21824.285714285714,272018,healthy
ATM_007,2023-11-29,220878,245912,233868.375000000000,25617,0,0,312065.458333333333,23464.142857142857,246495,healthy
ATM_007,2023-11-30,195354,220261,208211.833333333333,25524,0,0,287764.267857142857,25116.714285714286,220878,healthy
ATM_007,2023-12-01,181081,195048,188370.166666666667,14273,0,0,262648.482142857143,25129.857142857143,195354,healthy
ATM_007,2023-12-02,159756,180590,170543.625000000000,21325,0,0,237496.648809523809,25163.714285714286,181081,healthy
ATM_007,2023-12-03,138383,159280,149198.375000000000,21373,0,0,213518.761904761905,22737.571428571429,159756,healthy
ATM_007,2023-12-04,124360,138086,131463.708333333333,14023,0,0,191589.380952380952,21094.000000000000,138383,healthy
ATM_007,2023-12-05,110222,124039,117399.750000000000,14138,0,0,171293.690476190476,19467.571428571429,124360,healthy
ATM_007,2023-12-06,95781,109876,103081.708333333333,14441,0,0,152609.880952380952,17871.000000000000,110222,low
ATM_007,2023-12-07,81785,95440,88938.083333333333,13996,0,0,135570.773809523809,16224.142857142857,95781,low
ATM_007,2023-12-08,67661,81468,74854.041666666667,14124,0,0,119354.184523809524,16202.857142857143,81785,low
ATM_007,2023-12-09,50968,500000,188715.958333333333,21029,1,0,121950.232142857143,16160.571428571429,67661,low
ATM_007,2023-12-10,476084,496672,486758.833333333333,21099,0,0,170173.154761904762,16121.428571428571,50968,healthy
ATM_007,2023-12-11,461941,475796,469171.041666666667,14143,0,0,218417.059523809524,16138.571428571429,476084,healthy
ATM_007,2023-12-12,447734,461621,454918.041666666667,14207,0,0,266633.958333333333,16148.428571428571,461941,healthy
ATM_007,2023-12-13,433645,447437,440778.458333333333,14089,0,0,314876.351190476190,16098.142857142857,447734,healthy
ATM_007,2023-12-14,419308,433326,426605.125000000000,14337,0,0,363114.500000000000,16146.857142857143,433645,healthy
ATM_007,2023-12-15,405344,418996,412451.791666666667,13964,0,0,411342.750000000000,16124.000000000000,419308,healthy
ATM_007,2023-12-16,383889,404825,394777.458333333333,21455,0,0,440780.107142857143,16184.857142857143,405344,healthy
ATM_007,2023-12-17,362586,383423,373446.541666666667,21303,0,0,424592.636904761905,16214.000000000000,383889,healthy
ATM_007,2023-12-18,348209,362244,355450.916666666667,14377,0,0,408346.904761904762,16247.428571428571,362586,healthy
ATM_007,2023-12-19,334006,347906,341224.458333333333,14203,0,0,392104.964285714286,16246.857142857143,348209,healthy
ATM_007,2023-12-20,319976,333697,327106.291666666667,14030,0,0,375866.083333333333,16238.428571428571,334006,healthy
ATM_007,2023-12-21,305964,319663,313101.666666666667,14012,0,0,359651.303571428572,16192.000000000000,319976,healthy
ATM_007,2023-12-22,291829,305628,299006.500000000000,14135,0,0,343444.833333333333,16216.428571428571,305964,healthy
ATM_007,2023-12-23,270632,291318,281359.375000000000,21197,0,0,327242.250000000000,16179.571428571429,291829,healthy
ATM_007,2023-12-24,249638,270192,260319.833333333333,20994,0,0,311081.291666666667,16135.428571428571,270632,healthy
ATM_007,2023-12-25,235525,249326,242693.875000000000,14113,0,0,294973.142857142857,16097.714285714286,249638,healthy
ATM_007,2023-12-26,210130,234935,222984.458333333333,25395,0,0,278081.714285714286,17696.571428571429,235525,healthy
ATM_007,2023-12-27,184574,209557,197509.500000000000,25556,0,0,259567.886904761905,19343.142857142857,210130,healthy
ATM_007,2023-12-28,158843,184012,171929.000000000000,25731,0,0,239400.363095238095,21017.285714285714,184574,healthy
ATM_007,2023-12-29,133394,158273,146303.750000000000,25449,0,0,217585.684523809524,22633.571428571429,158843,healthy
ATM_007,2023-12-30,94944,132550,114499.833333333333,38450,0,0,193748.607142857143,25098.285714285714,133394,low
ATM_007,2023-12-31,94077,94077,94077.000000000000,867,0,0,169999.630952380952,22223.000000000000,94944,low
ATM_008,2023-01-01,478898,499523,489622.625000000000,21102,0,0,489622.625000000000,21102.000000000000,,healthy
ATM_008,2023-01-02,464560,478565,471815.208333333333,14338,0,0,480718.916666666667,17720.000000000000,478898,healthy
ATM_008,2023-01-03,450401,464256,457615.458333333333,14159,0,0,473017.763888888889,16533.000000000000,464560,healthy
ATM_008,2023-01-04,436140,450086,443371.041666666667,14261,0,0,465606.083333333333,15965.000000000000,450401,healthy
ATM_008,2023-01-05,421887,435809,429114.791666666667,14253,0,0,458307.825000000000,15622.600000000000,436140,healthy
ATM_008,2023-01-06,407763,421581,414900.583333333333,14124,0,0,451073.284722222222,15372.833333333333,421887,healthy
ATM_008,2023-01-07,386609,407298,397355.541666666667,21154,0,0,443399.321428571429,16198.714285714286,407763,healthy
ATM_008,2023-01-08,365699,386144,376331.291666666667,20910,0,0,427214.845238095238,16171.285714285714,386609,healthy
ATM_008,2023-01-09,351393,365381,358648.208333333333,14306,0,0,411048.130952380952,16166.714285714286,365699,healthy
ATM_008,2023-01-10,337235,351050,344385.583333333333,14158,0,0,394872.434523809524,16166.571428571429,351393,healthy
ATM_008,2023-01-11,323254,336921,330316.916666666667,13981,0,0,378721.845238095238,16126.571428571429,337235,healthy
ATM_008,2023-01-12,309374,322945,316403.666666666667,13880,0,0,362620.255952380952,16073.285714285714,323254,healthy
ATM_008,2023-01-13,295390,309071,302483.250000000000,13984,0,0,346560.636904761905,16053.285714285714,309374,healthy
ATM_008,2023-01-14,274131,294936,284904.541666666667,21259,0,0,330496.208333333333,16068.285714285714,295390,healthy
ATM_008,2023-01-15,252700,273619,263577.666666666667,21431,0,0,314388.547619047619,16142.714285714286,274131,healthy
ATM_008,2023-01-16,238632,252393,245762.083333333333,14068,0,0,298261.958333333333,16108.714285714286,252700,healthy
ATM_008,2023-01-17,224491,238352,231705.166666666667,14141,0,0,282164.755952380953,16106.285714285714,238632,healthy
ATM_008,2023-01-18,210512,224161,217585.541666666667,13979,0,0,266060.273809523810,16106.000000000000,224491,healthy
ATM_008,2023-01-19,196450,210193,203564.000000000000,14062,0,0,249940.321428571429,16132.000000000000,210512,healthy
ATM_008,2023-01-20,182312,196106,189498.250000000000,14138,0,0,233799.607142857143,16154.000000000000,196450,healthy
ATM_008,2023-01-21,161023,181832,171825.083333333333,21289,0,0,217645.398809523810,16158.285714285714,182312,healthy
ATM_008,2023-01-22,139994,160522,150601.958333333333,21029,0,0,201506.011904761905,16100.857142857143,161023,healthy
ATM_008,2023-01-23,125842,139667,132985.958333333333,14152,0,0,185395.136904761905,16112.857142857143,139994,healthy
ATM_008,2023-01-24,111499,125536,118779.125000000000,14343,0,0,169262.845238095238,16141.714285714286,125842,healthy
ATM_008,2023-01-25,97512,111204,104628.625000000000,13987,0,0,153126.142857142857,16142.857142857143,111499,low
ATM_008,2023-01-26,71927,96944,84954.458333333333,25585,0,0,136181.922619047619,17789.000000000000,97512,low
ATM_008,2023-01-27,51595,500000,190613.208333333333,25668,1,0,136341.202380952381,19436.142857142857,71927,low
ATM_008,2023-01-28,458145,495664,477624.541666666667,38408,0,0,180026.839285714286,21881.714285714286,51595,healthy
ATM_008,2023-01-29,420108,457276,439356.541666666667,38037,0,0,221277.494047619048,24311.428571428571,458145,healthy
ATM_008,2023-01-30,394550,419547,407550.208333333333,25558,0,0,260500.958333333333,25940.857142857143,420108,healthy
ATM_008,2023-01-31,369136,393946,382028.083333333333,25414,0,0,298107.952380952381,27522.428571428571,394550,healthy
ATM_008,2023-02-01,355017,368824,362175.666666666667,14119,0,0,334900.386904761905,27541.285714285714,369136,healthy
ATM_008,2023-02-02,340859,354694,348017.791666666667,14158,0,0,372480.863095238095,25908.857142857143,355017,healthy
ATM_008,2023-02-03,326817,340570,333963.958333333333,14042,0,0,392959.541666666667,24248.000000000000,340859,healthy
ATM_008,2023-02-04,305751,326343,316448.541666666667,21066,0,0,369934.398809523810,21770.571428571429,326817,healthy
ATM_008,2023-02-05,284412,305275,295226.958333333333,21339,0,0,349344.458333333333,19385.142857142857,305751,healthy
ATM_008,2023-02-06,270251,284110,277462.083333333333,14161,0,0,330760.440476190476,17757.000000000000,284412,healthy
ATM_008,2023-02-07,256075,269904,263250.250000000000,14176,0,0,313792.178571428571,16151.571428571429,270251,healthy
ATM_008,2023-02-08,241616,255751,248965.375000000000,14459,0,0,297619.279761904762,16200.142857142857,256075,healthy
ATM_008,2023-02-09,227318,241295,234542.375000000000,14298,0,0,281408.505952380952,16220.142857142857,241616,healthy
ATM_008,2023-02-10,213138,227003,220356.666666666667,14180,0,0,265178.892857142857,16239.857142857143,227318,healthy
ATM_008,2023-02-11,192011,212664,202781.291666666667,21127,0,0,248940.714285714286,16248.571428571429,213138,healthy
ATM_008,2023-02-12,170765,191537,181564.416666666667,21246,0,0,232703.208333333333,16235.285714285714,192011,healthy
ATM_008,2023-02-13,156601,170435,163763.083333333333,14164,0,0,216460.494047619048,16235.714285714286,170765,healthy
ATM_008,2023-02-14,142429,156273,149572.083333333333,14172,0,0,200220.755952380952,16235.142857142857,156601,healthy
ATM_008,2023-02-15,128305,142085,135442.000000000000,14124,0,0,184003.130952380952,16187.285714285714,142429,healthy
ATM_008,2023-02-16,114098,127986,121314.333333333333,14207,0,0,167827.696428571429,16174.285714285714,128305,healthy
ATM_008,2023-02-17,100021,113793,107188.333333333333,14077,0,0,151660.791666666667,16159.571428571429,114098,healthy
ATM_008,2023-02-18,78763,99530,89530.041666666667,21258,0,0,135482.041666666667,16178.285714285714,100021,low
ATM_008,2023-02-19,57775,78300,68431.416666666667,20988,0,0,119320.184523809524,16141.428571428571,78763,low
ATM_008,2023-02-20,50621,500000,257212.541666666667,14240,1,0,132670.107142857143,16152.285714285714,57775,low
ATM_008,2023-02-21,480089,493676,487150.125000000000,13902,0,0,180895.541666666667,16113.714285714286,50621,healthy
ATM_008,2023-02-22,466100,479760,473197.500000000000,13989,0,0,229146.327380952381,16094.428571428571,480089,healthy
ATM_008,2023-02-23,452085,465794,459173.333333333333,14015,0,0,277411.898809523810,16067.000000000000,466100,healthy
ATM_008,2023-02-24,438004,451772,445159.958333333333,14081,0,0,325693.559523809524,16067.571428571429,452085,healthy
ATM_008,2023-02-25,416880,437475,427627.625000000000,21124,0,0,373993.214285714286,16048.428571428571,438004,healthy
ATM_008,2023-02-26,378722,415987,398038.583333333333,38158,0,0,421079.952380952381,18501.285714285714,416880,healthy
ATM_008,2023-02-27,353207,378105,366148.500000000000,25515,0,0,436642.232142857143,20112.000000000000,378722,healthy
ATM_008,2023-02-28,327546,352610,340649.833333333333,25661,0,0,415713.619047619047,21791.857142857143,353207,healthy
ATM_008,2023-03-01,313366,327207,320538.041666666667,14180,0,0,393905.125000000000,21819.142857142857,327546,healthy
ATM_008,2023-03-02,299188,313052,306416.166666666667,14178,0,0,372082.672619047619,21842.428571428571,313366,healthy
ATM_008,2023-03-03,285193,298878,292282.208333333333,13995,0,0,350242.994047619048,21830.142857142857,299188,healthy
ATM_008,2023-03-04,263861,284694,274676.708333333333,21332,0,0,328392.863095238095,21859.857142857143,285193,healthy
ATM_008,2023-03-05,242413,263386,253361.083333333333,21448,0,0,307724.648809523809,19472.714285714286,263861,healthy
ATM_008,2023-03-06,228285,242104,235453.916666666667,14128,0,0,289053.994047619048,17846.000000000000,242413,healthy
ATM_008,2023-03-07,214082,227959,221318.333333333333,14203,0,0,272006.636904761905,16209.142857142857,228285,healthy
ATM_008,2023-03-08,199878,213787,207100.000000000000,14204,0,0,255801.202380952381,16212.571428571429,214082,healthy
ATM_008,2023-03-09,185600,199563,192865.958333333333,14278,0,0,239579.744047619047,16226.857142857143,199878,healthy
ATM_008,2023-03-10,171391,185279,178617.291666666667,14209,0,0,223341.898809523809,16257.428571428571,185600,healthy
ATM_008,2023-03-11,150223,170942,160999.958333333333,21168,0,0,207102.363095238095,16234.000000000000,171391,healthy
ATM_008,2023-03-12,128949,149754,139804.500000000000,21274,0,0,190879.994047619048,16209.142857142857,150223,healthy
ATM_008,2023-03-13,114789,128595,121944.583333333333,14160,0,0,174664.375000000000,16213.714285714286,128949,healthy
ATM_008,2023-03-14,100650,114477,107814.333333333333,14139,0,0,158449.517857142857,16204.571428571429,114789,healthy
ATM_008,2023-03-15,86426,100320,93681.208333333333,14224,0,0,142246.833333333333,16207.428571428571,100650,low
ATM_008,2023-03-16,72363,86125,79506.250000000000,14063,0,0,126052.589285714286,16176.714285714286,86426,low
ATM_008,2023-03-17,58095,72009,65352.291666666667,14268,0,0,109871.875000000000,16185.142857142857,72363,low
ATM_008,2023-03-18,50851,500000,291963.916666666667,20949,1,0,128581.011904761905,16153.857142857143,58095,low
ATM_008,2023-03-19,466786,487338,477471.833333333333,21054,0,0,176819.202380952381,16122.428571428571,50851,healthy
ATM_008,2023-03-20,452613,466454,459777.416666666667,14173,0,0,225081.035714285714,16124.285714285714,466786,healthy
ATM_008,2023-03-21,438239,452272,445527.333333333333,14374,0,0,273325.750000000000,16157.857142857143,452613,healthy
ATM_008,2023-03-22,424037,437915,431186.666666666667,14202,0,0,321540.815476190476,16154.714285714286,438239,healthy
ATM_008,2023-03-23,409876,423744,417069.833333333333,14161,0,0,369764.184523809524,16168.714285714286,424037,healthy
ATM_008,2023-03-24,395554,409563,402857.541666666667,14322,0,0,417979.220238095238,16176.428571428571,409876,healthy
ATM_008,2023-03-25,374298,395077,385087.750000000000,21256,0,0,431282.625000000000,16220.285714285714,395554,healthy
ATM_008,2023-03-26,336098,373417,355505.000000000000,38200,0,0,413858.791666666667,18669.714285714286,374298,healthy
ATM_008,2023-03-27,310868,335534,323638.500000000000,25230,0,0,394410.375000000000,20249.285714285714,336098,healthy
ATM_008,2023-03-28,285442,310357,298365.125000000000,25426,0,0,373387.202380952381,21828.142857142857,310868,healthy
ATM_008,2023-03-29,259735,284803,272731.375000000000,25707,0,0,350750.732142857143,23471.714285714286,285442,healthy
ATM_008,2023-03-30,234396,259185,247282.666666666667,25339,0,0,326495.422619047619,25068.571428571429,259735,healthy
ATM_008,2023-03-31,209041,233859,221909.250000000000,25355,0,0,300645.666666666667,26644.714285714286,234396,healthy
ATM_008,2023-04-01,187987,208498,198642.583333333333,21054,0,0,274010.642857142857,26615.857142857143,209041,healthy
ATM_008,2023-04-02,166630,187494,177473.583333333333,21357,0,0,248577.583333333333,24209.714285714286,187987,healthy
ATM_008,2023-04-03,152528,166319,159665.833333333333,14102,0,0,225152.916666666667,22620.000000000000,166630,healthy
ATM_008,2023-04-04,138274,152212,145524.791666666667,14254,0,0,203318.583333333333,21024.000000000000,152528,healthy
ATM_008,2023-04-05,124125,137947,131336.416666666667,14149,0,0,183119.303571428571,19372.857142857143,138274,healthy
ATM_008,2023-04-06,110141,123832,117252.541666666667,13984,0,0,164543.571428571429,17750.714285714286,124125,healthy
ATM_008,2023-04-07,95908,109800,103147.250000000000,14233,0,0,147577.571428571429,16161.857142857143,110141,low
ATM_008,2023-04-08,74988,95427,85625.166666666667,20920,0,0,131432.226190476191,16142.714285714286,95908,low
ATM_008,2023-04-09,54012,74542,64641.000000000000,20976,0,0,115313.285714285714,16088.285714285714,74988,low
ATM_008,2023-04-10,50071,500000,310184.708333333333,13986,1,0,136815.982142857143,16071.714285714286,54012,low
ATM_008,2023-04-11,476832,490657,484038.458333333333,14134,0,0,185175.077380952381,16054.571428571429,50071,healthy
ATM_008,2023-04-12,462543,476536,469790.833333333333,14289,0,0,233525.708333333333,16074.571428571429,476832,healthy
ATM_008,2023-04-13,448384,462201,455550.958333333333,14159,0,0,281854.053571428571,16099.571428571429,462543,healthy
ATM_008,2023-04-14,434316,448050,441404.041666666667,14068,0,0,330176.452380952381,16076.000000000000,448384,healthy
ATM_008,2023-04-15,412884,433819,423863.291666666667,21432,0,0,378496.184523809524,16149.142857142857,434316,healthy
ATM_008,2023-04-16,391407,412375,402298.416666666667,21477,0,0,426732.958333333333,16220.714285714286,412884,healthy
ATM_008,2023-04-17,377249,391060,384397.416666666667,14158,0,0,437334.773809523810,16245.285714285714,391407,healthy
ATM_008,2023-04-18,363199,376927,370320.333333333333,14050,0,0,421089.327380952381,16233.285714285714,377249,healthy
ATM_008,2023-04-19,349037,362854,356214.583333333333,14162,0,0,404864.148809523810,16215.142857142857,363199,healthy
ATM_008,2023-04-20,334925,348719,342119.750000000000,14112,0,0,388659.690476190476,16208.428571428571,349037,healthy
ATM_008,2023-04-21,320511,334567,327806.166666666667,14414,0,0,372431.422619047619,16257.857142857143,334925,healthy
ATM_008,2023-04-22,299062,320006,309923.625000000000,21449,0,0,356154.327380952381,16260.285714285714,320511,healthy
ATM_008,2023-04-23,277729,298610,288630.500000000000,21333,0,0,339916.053571428571,16239.714285714286,299062,healthy
ATM_008,2023-04-24,263514,277407,270713.375000000000,14215,0,0,323675.476190476190,16247.857142857143,277729,healthy
ATM_008,2023-04-25,249291,263178,256518.291666666667,14223,0,0,307418.041666666667,16272.571428571429,263514,healthy
ATM_008,2023-04-26,224030,248683,236793.375000000000,25261,0,0,290357.869047619048,17858.142857142857,249291,healthy
ATM_008,2023-04-27,198438,223431,211408.500000000000,25592,0,0,271684.833333333333,19498.142857142857,224030,healthy
ATM_008,2023-04-28,172985,197866,185879.333333333333,25453,0,0,251409.571428571429,21075.142857142857,198438,healthy
ATM_008,2023-04-29,134596,172129,154075.916666666667,38389,0,0,229145.613095238095,23495.142857142857,172985,healthy
ATM_008,2023-04-30,96300,133796,115763.041666666667,38296,0,0,204450.261904761905,25918.428571428571,134596,low
ATM_008,2023-05-01,82232,96018,89397.375000000000,14068,0,0,178547.976190476191,25897.428571428571,96300,low
ATM_008,2023-05-02,68339,81906,75382.041666666667,13893,0,0,152671.369047619048,25850.285714285714,82232,low
ATM_008,2023-05-03,54007,67990,61306.458333333333,14332,0,0,127601.809523809524,24289.000000000000,68339,low
ATM_008,2023-05-04,50022,500000,310138.375000000000,14091,1,0,141706.077380952381,22646.000000000000,54007,low
ATM_008,2023-05-05,476903,490625,484036.833333333333,14024,0,0,184300.005952380952,21013.285714285714,50022,healthy
ATM_008,2023-05-06,455666,476433,466504.708333333333,21237,0,0,228932.690476190476,18563.000000000000,476903,healthy
ATM_008,2023-05-07,434401,455201,445188.416666666667,21265,0,0,275993.458333333333,16130.000000000000,455666,healthy
ATM_008,2023-05-08,420288,434106,427509.750000000000,14113,0,0,324295.226190476190,16136.428571428571,434401,healthy
ATM_008,2023-05-09,406124,419970,413317.416666666667,14164,0,0,372571.708333333333,16175.142857142857,420288,healthy
ATM_008,2023-05-10,392075,405807,399218.000000000000,14049,0,0,420844.785714285714,16134.714285714286,406124,healthy
ATM_008,2023-05-11,378069,391755,385209.791666666667,14006,0,0,431569.273809523810,16122.571428571429,392075,healthy
ATM_008,2023-05-12,363856,377752,371044.875000000000,14213,0,0,415427.565476190476,16149.571428571429,378069,healthy
ATM_008,2023-05-13,342632,363362,353442.750000000000,21224,0,0,399275.857142857143,16147.714285714286,363856,healthy
ATM_008,2023-05-14,321263,342131,332130.416666666667,21369,0,0,383124.714285714286,16162.571428571429,342632,healthy
ATM_008,2023-05-15,307265,320932,314360.458333333333,13998,0,0,366960.529761904762,16146.142857142857,321263,healthy
ATM_008,2023-05-16,293112,306960,300270.833333333333,14153,0,0,350811.017857142857,16144.571428571429,307265,healthy
ATM_008,2023-05-17,278992,292780,286177.041666666667,14120,0,0,334662.309523809524,16154.714285714286,293112,healthy
ATM_008,2023-05-18,264885,278676,272060.083333333333,14107,0,0,318498.065476190476,16169.142857142857,278992,healthy
ATM_008,2023-05-19,250863,264560,257985.958333333333,14022,0,0,302346.791666666667,16141.857142857143,264885,healthy
ATM_008,2023-05-20,229524,250358,240388.583333333333,21339,0,0,286196.196428571428,16158.285714285714,250863,healthy
ATM_008,2023-05-21,208116,229012,218990.750000000000,21408,0,0,270033.386904761905,16163.857142857143,229524,healthy
ATM_008,2023-05-22,193958,207800,201164.208333333333,14158,0,0,253862.494047619047,16186.714285714286,208116,healthy
ATM_008,2023-05-23,179918,193641,187056.708333333333,14040,0,0,237689.047619047619,16170.571428571429,193958,healthy
ATM_008,2023-05-24,165788,179603,172936.583333333333,14130,0,0,221511.839285714285,16172.000000000000,179918,healthy
ATM_008,2023-05-25,151751,165500,158882.166666666667,14037,0,0,205343.565476190476,16162.000000000000,165788,healthy
ATM_008,2023-05-26,126247,151164,139179.041666666667,25504,0,0,188371.148809523809,17802.285714285714,151751,healthy
ATM_008,2023-05-27,87860,125387,107279.750000000000,38387,0,0,169355.601190476190,20237.714285714286,126247,low
ATM_008,2023-05-28,50402,500000,87725.250000000000,38321,1,0,150603.386904761905,22653.857142857143,87860,low
ATM_008,2023-05-29,474751,499441,487576.291666666667,25249,0,0,191519.398809523810,24238.285714285714,50402,healthy
ATM_008,2023-05-30,449110,474173,462144.208333333333,25641,0,0,230817.613095238095,25895.571428571429,474751,healthy
ATM_008,2023-05-31,423764,448516,436615.416666666667,25346,0,0,268486.017857142857,27497.857142857143,449110,healthy
ATM_008,2023-06-01,409587,423421,416771.125000000000,14177,0,0,305327.297619047619,27517.857142857143,423764,healthy
ATM_008,2023-06-02,395352,409244,402538.916666666667,14235,0,0,342950.136904761905,25908.000000000000,409587,healthy
ATM_008,2023-06-03,374201,394880,385000.250000000000,21151,0,0,382624.494047619048,23445.714285714286,395352,healthy
ATM_008,2023-06-04,353199,373690,363804.125000000000,21002,0,0,422064.333333333333,20971.571428571429,374201,healthy
ATM_008,2023-06-05,339170,352890,346286.791666666667,14029,0,0,401880.119047619048,19368.714285714286,353199,healthy
ATM_008,2023-06-06,324859,338822,332148.500000000000,14311,0,0,383309.303571428572,17750.142857142857,339170,healthy
ATM_008,2023-06-07,310674,324553,317893.083333333333,14185,0,0,366348.970238095238,16155.714285714286,324859,healthy
ATM_008,2023-06-08,296536,310334,303683.250000000000,14138,0,0,350193.559523809524,16150.142857142857,310674,healthy
ATM_008,2023-06-09,282410,296224,289566.416666666667,14126,0,0,334054.630952380952,16134.571428571429,296536,healthy
ATM_008,2023-06-10,261055,281933,271885.125000000000,21355,0,0,317895.327380952381,16163.714285714286,282410,healthy
ATM_008,2023-06-11,239783,260539,250530.875000000000,21272,0,0,301713.434523809524,16202.285714285714,261055,healthy
ATM_008,2023-06-12,225721,239450,232828.000000000000,14062,0,0,285505.035714285714,16207.000000000000,239783,healthy
ATM_008,2023-06-13,211584,225400,218808.916666666667,14137,0,0,269313.666666666667,16182.142857142857,225721,healthy
ATM_008,2023-06-14,197546,211270,204665.750000000000,14038,0,0,253138.333333333333,16161.142857142857,211584,healthy
ATM_008,2023-06-15,183407,197233,190613.125000000000,14139,0,0,236985.458333333333,16161.285714285714,197546,healthy
ATM_008,2023-06-16,169344,183098,176461.208333333333,14063,0,0,220827.571428571429,16152.285714285714,183407,healthy
ATM_008,2023-06-17,148217,168833,158956.666666666667,21127,0,0,204694.934523809524,16119.714285714286,169344,healthy
ATM_008,2023-06-18,127077,147743,137784.250000000000,21140,0,0,188588.273809523810,16100.857142857143,148217,healthy
ATM_008,2023-06-19,112779,126756,120095.958333333333,14298,0,0,172483.696428571429,16134.571428571429,127077,healthy
ATM_008,2023-06-20,98781,112466,105876.666666666667,13998,0,0,156350.517857142857,16114.714285714286,112779,low
ATM_008,2023-06-21,84394,98466,91700.708333333333,14387,0,0,140212.654761904762,16164.571428571429,98781,low
ATM_008,2023-06-22,70171,84053,77361.833333333333,14223,0,0,124033.898809523809,16176.571428571429,84394,low
ATM_008,2023-06-23,56232,69844,63320.875000000000,13939,0,0,107870.994047619048,16158.857142857143,70171,low
ATM_008,2023-06-24,50299,500000,308946.458333333333,21451,1,0,129298.107142857143,16205.142857142857,56232,low
ATM_008,2023-06-25,464725,485587,475554.416666666667,21349,0,0,177550.988095238095,16235.000000000000,50299,healthy
ATM_008,2023-06-26,439160,464137,452104.125000000000,25565,0,0,224980.726190476190,17844.571428571429,464725,healthy
ATM_008,2023-06-27,413593,438605,426628.250000000000,25567,0,0,270802.380952380952,19497.285714285714,439160,healthy
ATM_008,2023-06-28,388205,412988,401097.291666666667,25388,0,0,315001.892857142857,21068.857142857143,413593,healthy
ATM_008,2023-06-29,362915,387621,375791.958333333333,25290,0,0,357634.767857142857,22649.857142857143,388205,healthy
ATM_008,2023-06-30,337435,362338,350426.000000000000,25480,0,0,398649.785714285714,24298.571428571429,362915,healthy
ATM_008,2023-07-01,316136,336928,326887.666666666667,21299,0,0,401212.815476190476,24276.857142857143,337435,healthy
ATM_008,2023-07-02,294834,315662,305673.750000000000,21302,0,0,376944.148809523810,24270.142857142857,316136,healthy
ATM_008,2023-07-03,280699,294509,287830.958333333333,14135,0,0,353476.553571428571,22637.285714285714,294834,healthy
ATM_008,2023-07-04,266465,280380,273701.916666666667,14234,0,0,331629.934523809524,21018.285714285714,280699,healthy
ATM_008,2023-07-05,252408,266143,259560.166666666667,14057,0,0,311410.345238095238,19399.571428571429,266465,healthy
ATM_008,2023-07-06,238147,252092,245396.041666666667,14261,0,0,292782.357142857143,17824.000000000000,252408,healthy
ATM_008,2023-07-07,223861,237805,231111.375000000000,14286,0,0,275737.410714285714,16224.857142857143,238147,healthy
ATM_008,2023-07-08,202803,223385,213439.750000000000,21058,0,0,259530.565476190476,16190.428571428571,223861,healthy
ATM_008,2023-07-09,181281,202351,192226.625000000000,21522,0,0,243323.833333333333,16221.857142857143,202803,healthy
ATM_008,2023-07-10,167244,180970,174389.125000000000,14037,0,0,227117.857142857143,16207.857142857143,181281,healthy
ATM_008,2023-07-11,152895,166918,160179.583333333333,14349,0,0,210900.380952380952,16224.285714285714,167244,healthy
ATM_008,2023-07-12,138841,152542,145938.541666666667,14054,0,0,194668.720238095238,16223.857142857143,152895,healthy
ATM_008,2023-07-13,124752,138538,131927.750000000000,14089,0,0,178458.964285714286,16199.285714285714,138841,healthy
ATM_008,2023-07-14,110638,124439,117842.041666666667,14114,0,0,162277.630952380952,16174.714285714286,124752,healthy
ATM_008,2023-07-15,89478,110189,100278.291666666667,21160,0,0,146111.708333333333,16189.285714285714,110638,low
ATM_008,2023-07-16,67977,88982,78905.291666666667,21501,0,0,129922.946428571429,16186.285714285714,89478,low
ATM_008,2023-07-17,53797,67649,61000.041666666667,14180,0,0,113724.505952380953,16206.714285714286,67977,low
ATM_008,2023-07-18,50893,500000,328194.083333333333,13944,1,0,137726.577380952381,16148.857142857143,53797,low
ATM_008,2023-07-19,475918,489591,483036.333333333333,14010,0,0,185883.404761904762,16142.571428571429,50893,healthy
ATM_008,2023-07-20,461823,475606,468981.166666666667,14095,0,0,234033.892857142857,16143.428571428571,475918,healthy
ATM_008,2023-07-21,447548,461484,454782.041666666667,14275,0,0,282168.178571428572,16166.428571428571,461823,healthy
ATM_008,2023-07-22,426279,447059,437083.875000000000,21269,0,0,330283.261904761905,16182.000000000000,447548,healthy
ATM_008,2023-07-23,405126,425812,415884.083333333333,21153,0,0,378423.089285714286,16132.285714285714,426279,healthy
ATM_008,2023-07-24,391211,404822,398252.083333333333,13915,0,0,426601.952380952381,16094.428571428571,405126,healthy
ATM_008,2023-07-25,376898,390870,384148.041666666667,14313,0,0,434595.375000000000,16147.142857142857,391211,healthy
ATM_008,2023-07-26,351354,376344,364345.333333333333,25544,0,0,417639.517857142857,17794.857142857143,376898,healthy
ATM_008,2023-07-27,325941,350804,338897.416666666667,25413,0,0,399056.125000000000,19411.714285714286,351354,healthy
ATM_008,2023-07-28,300333,325359,313348.416666666667,25608,0,0,378851.321428571429,21030.714285714286,325941,healthy
ATM_008,2023-07-29,262227,299462,281574.791666666667,38106,0,0,356635.738095238095,23436.000000000000,300333,healthy
ATM_008,2023-07-30,224275,261347,243542.333333333333,37952,0,0,332015.488095238095,25835.857142857143,262227,healthy
ATM_008,2023-07-31,198949,223692,211790.000000000000,25326,0,0,305378.047619047619,27466.000000000000,224275,healthy
ATM_008,2023-08-01,184804,198632,191974.000000000000,14145,0,0,277924.613095238095,27442.000000000000,198949,healthy
ATM_008,2023-08-02,170747,184493,177873.791666666667,14057,0,0,251285.821428571429,25801.000000000000,184804,healthy
ATM_008,2023-08-03,156660,170455,163826.333333333333,14087,0,0,226275.666666666667,24183.000000000000,170747,healthy
ATM_008,2023-08-04,142579,156317,149733.958333333333,14081,0,0,202902.172619047619,22536.285714285714,156660,healthy
ATM_008,2023-08-05,121373,142110,132185.666666666667,21206,0,0,181560.869047619048,20122.000000000000,142579,healthy
ATM_008,2023-08-06,100157,120843,110929.583333333333,21216,0,0,162616.190476190476,17731.142857142857,121373,healthy
ATM_008,2023-08-07,85897,99825,93174.958333333333,14260,0,0,145671.184523809524,16150.285714285714,100157,low
ATM_008,2023-08-08,71786,85588,78945.166666666667,14111,0,0,129524.208333333333,16145.428571428571,85897,low
ATM_008,2023-08-09,57624,71475,64808.666666666667,14162,0,0,113372.047619047619,16160.428571428571,71786,low
ATM_008,2023-08-10,50856,500000,257183.666666666667,13832,1,0,126708.809523809524,16124.000000000000,57624,low
ATM_008,2023-08-11,479586,493606,486872.708333333333,14355,0,0,174871.488095238095,16163.142857142857,50856,healthy
ATM_008,2023-08-12,458357,479118,469124.708333333333,21229,0,0,223005.636904761905,16166.428571428571,479586,healthy
ATM_008,2023-08-13,437241,457881,447938.375000000000,21116,0,0,271149.750000000000,16152.142857142857,458357,healthy
ATM_008,2023-08-14,422973,436912,430205.625000000000,14268,0,0,319296.988095238095,16153.285714285714,437241,healthy
ATM_008,2023-08-15,408737,422636,415978.291666666667,14236,0,0,367444.577380952381,16171.142857142857,422973,healthy
ATM_008,2023-08-16,394500,408440,401757.333333333333,14237,0,0,415580.101190476190,16181.857142857143,408737,healthy
ATM_008,2023-08-17,380572,394199,387637.958333333333,13928,0,0,434216.428571428571,16195.571428571429,394500,healthy
ATM_008,2023-08-18,366435,380269,373591.416666666667,14137,0,0,418033.386904761905,16164.428571428571,380572,healthy
ATM_008,2023-08-19,345120,365973,355977.208333333333,21315,0,0,401869.458333333333,16176.714285714286,366435,healthy
ATM_008,2023-08-20,323470,344604,334419.041666666667,21650,0,0,385652.410714285714,16253.000000000000,345120,healthy
ATM_008,2023-08-21,309304,323123,316466.083333333333,14166,0,0,369403.904761904762,16238.428571428571,323470,healthy
ATM_008,2023-08-22,294984,309001,302250.250000000000,14320,0,0,353157.041666666667,16250.428571428571,309304,healthy
ATM_008,2023-08-23,280885,294651,288001.083333333333,14099,0,0,336906.148809523809,16230.714285714286,294984,healthy
ATM_008,2023-08-24,266714,280559,273918.333333333333,14171,0,0,320660.488095238095,16265.428571428571,280885,healthy
ATM_008,2023-08-25,252478,266383,259689.625000000000,14236,0,0,304388.803571428571,16279.571428571429,266714,healthy
ATM_008,2023-08-26,214120,251655,233509.416666666667,38358,0,0,286893.404761904762,18714.285714285714,252478,healthy
ATM_008,2023-08-27,175917,213270,195252.750000000000,38203,0,0,267012.505952380952,21079.000000000000,214120,healthy
ATM_008,2023-08-28,150494,175375,163406.375000000000,25423,0,0,245146.833333333333,22687.142857142857,175917,healthy
ATM_008,2023-08-29,125138,149895,138000.666666666667,25356,0,0,221682.607142857143,24263.714285714286,150494,healthy
ATM_008,2023-08-30,99698,124578,112643.166666666667,25440,0,0,196631.476190476191,25883.857142857143,125138,low
ATM_008,2023-08-31,74175,99125,87158.250000000000,25523,0,0,169951.464285714286,27505.571428571429,99698,low
ATM_008,2023-09-01,60107,73870,67258.250000000000,14068,0,0,142461.267857142857,27481.571428571429,74175,low
ATM_008,2023-09-02,51134,500000,274893.041666666667,21163,1,0,148373.214285714286,25025.142857142857,60107,low
ATM_008,2023-09-03,467931,488802,478773.291666666667,21386,0,0,188876.148809523810,22622.714285714286,51134,healthy
ATM_008,2023-09-04,453721,467603,460900.833333333333,14210,0,0,231375.357142857143,21020.857142857143,467931,healthy
ATM_008,2023-09-05,439611,453398,446781.458333333333,14110,0,0,275486.898809523810,19414.285714285714,453721,healthy
ATM_008,2023-09-06,425596,439298,432744.416666666667,14015,0,0,321215.648809523810,17782.142857142857,439611,healthy
ATM_008,2023-09-07,411385,425256,418628.791666666667,14211,0,0,368568.583333333333,16166.142857142857,425596,healthy
ATM_008,2023-09-08,397207,411067,404374.500000000000,14178,0,0,416728.047619047619,16181.857142857143,411385,healthy
ATM_008,2023-09-09,375901,396740,386739.750000000000,21306,0,0,432706.148809523810,16202.285714285714,397207,healthy
ATM_008,2023-09-10,354712,375393,365476.541666666667,21189,0,0,416520.898809523810,16174.142857142857,375901,healthy
ATM_008,2023-09-11,340524,354365,347682.041666666667,14188,0,0,400346.785714285714,16171.000000000000,354712,healthy
ATM_008,2023-09-12,326420,340222,333603.708333333333,14104,0,0,384178.535714285714,16170.142857142857,340524,healthy
ATM_008,2023-09-13,312238,326082,319404.458333333333,14182,0,0,367987.113095238095,16194.000000000000,326420,healthy
ATM_008,2023-09-14,298025,311931,305258.458333333333,14213,0,0,351791.351190476190,16194.285714285714,312238,healthy
ATM_008,2023-09-15,283912,297724,291106.666666666667,14113,0,0,335610.232142857143,16185.000000000000,298025,healthy
ATM_008,2023-09-16,262943,283429,273570.625000000000,20969,0,0,319443.214285714286,16136.857142857143,283912,healthy
ATM_008,2023-09-17,242033,262470,252632.750000000000,20910,0,0,303322.672619047619,16097.000000000000,262943,healthy
ATM_008,2023-09-18,227837,241695,235060.833333333333,14196,0,0,287233.928571428571,16098.142857142857,242033,healthy
ATM_008,2023-09-19,213617,227513,220804.250000000000,14220,0,0,271119.720238095238,16114.714285714286,227837,healthy
ATM_008,2023-09-20,199501,213273,206664.250000000000,14116,0,0,255013.976190476190,16105.285714285714,213617,healthy
ATM_008,2023-09-21,185410,199194,192554.333333333333,14091,0,0,238913.386904761905,16087.857142857143,199501,healthy
ATM_008,2023-09-22,171317,185099,178483.125000000000,14093,0,0,222824.309523809524,16085.000000000000,185410,healthy
ATM_008,2023-09-23,150119,170832,160936.583333333333,21198,0,0,206733.732142857143,16117.714285714286,171317,healthy
ATM_008,2023-09-24,129126,149658,139792.000000000000,20993,0,0,190613.625000000000,16129.571428571429,150119,healthy
ATM_008,2023-09-25,114735,128803,122027.916666666667,14391,0,0,174466.065476190476,16157.428571428571,129126,healthy
ATM_008,2023-09-26,89252,114136,102226.166666666667,25483,0,0,157526.339285714286,17766.428571428571,114735,low
ATM_008,2023-09-27,63347,88623,76423.791666666667,25905,0,0,138920.559523809524,19450.571428571429,89252,low
ATM_008,2023-09-28,50680,500000,257636.541666666667,25285,1,0,148218.017857142857,21049.714285714286,63347,low
ATM_008,2023-09-29,463549,488578,476569.250000000000,25649,0,0,190801.750000000000,22700.571428571429,50680,healthy
ATM_008,2023-09-30,425121,462708,444688.583333333333,38428,0,0,231337.750000000000,25162.000000000000,463549,healthy
ATM_008,2023-10-01,404044,424652,414753.958333333333,21077,0,0,270618.029761904762,25174.000000000000,425121,healthy
ATM_008,2023-10-02,389982,403732,397102.250000000000,14062,0,0,309914.363095238095,25127.000000000000,404044,healthy
ATM_008,2023-10-03,375840,389645,383032.750000000000,14142,0,0,350029.589285714286,23506.857142857143,389982,healthy
ATM_008,2023-10-04,361406,375484,368724.125000000000,14434,0,0,391786.779761904762,21868.142857142857,375840,healthy
ATM_008,2023-10-05,347275,361107,354465.500000000000,14131,0,0,405619.488095238095,20274.714285714286,361406,healthy
ATM_008,2023-10-06,333137,346945,340300.000000000000,14138,0,0,386152.452380952381,18630.285714285714,347275,healthy
ATM_008,2023-10-07,311889,332659,322643.083333333333,21248,0,0,368717.380952380952,16176.000000000000,333137,healthy
ATM_008,2023-10-08,290607,311429,301385.541666666667,21282,0,0,352521.892857142857,16205.285714285714,311889,healthy
ATM_008,2023-10-09,276432,290264,283599.750000000000,14175,0,0,336307.250000000000,16221.428571428571,290607,healthy
ATM_008,2023-10-10,262131,276144,269403.958333333333,14301,0,0,320074.565476190476,16244.142857142857,276432,healthy
ATM_008,2023-10-11,248072,261829,255222.000000000000,14059,0,0,303859.976190476190,16190.571428571429,262131,healthy
ATM_008,2023-10-12,233772,247740,240980.875000000000,14300,0,0,287647.886904761905,16214.714285714286,248072,healthy
ATM_008,2023-10-13,219787,233480,226922.916666666667,13985,0,0,271451.160714285714,16192.857142857143,233772,healthy
ATM_008,2023-10-14,198285,219299,209211.250000000000,21502,0,0,255246.613095238095,16229.142857142857,219787,healthy
ATM_008,2023-10-15,177207,197874,187952.333333333333,21078,0,0,239041.869047619048,16200.000000000000,198285,healthy
ATM_008,2023-10-16,163163,176886,170316.708333333333,14044,0,0,222858.577380952381,16181.285714285714,177207,healthy
ATM_008,2023-10-17,149094,162851,156277.208333333333,14069,0,0,206697.613095238095,16148.142857142857,163163,healthy
ATM_008,2023-10-18,135049,148735,142210.416666666667,14045,0,0,190553.101190476190,16146.142857142857,149094,healthy
ATM_008,2023-10-19,120925,134724,128112.625000000000,14124,0,0,174429.065476190476,16121.000000000000,135049,healthy
ATM_008,2023-10-20,106731,120584,113963.291666666667,14194,0,0,158291.976190476190,16150.857142857143,120925,healthy
ATM_008,2023-10-21,85321,106265,96223.875000000000,21410,0,0,142150.922619047619,16137.714285714286,106731,low
ATM_008,2023-10-22,64177,84853,74898.500000000000,21144,0,0,126000.375000000000,16147.142857142857,85321,low
ATM_008,2023-10-23,50314,500000,75964.375000000000,14190,1,0,112521.470238095238,16168.000000000000,64177,low
ATM_008,2023-10-24,486012,499676,493096.375000000000,13988,0,0,160638.494047619048,16156.428571428571,50314,healthy
ATM_008,2023-10-25,471961,485725,479118.458333333333,14051,0,0,208768.214285714286,16157.285714285714,486012,healthy
ATM_008,2023-10-26,446425,471370,459428.958333333333,25536,0,0,256099.119047619048,17787.571428571429,471961,healthy
ATM_008,2023-10-27,420832,445861,433830.541666666667,25593,0,0,301794.440476190476,19416.000000000000,446425,healthy
ATM_008,2023-10-28,382261,419937,401855.125000000000,38571,0,0,345456.047619047619,21867.571428571429,420832,healthy
ATM_008,2023-10-29,343812,381413,363380.583333333333,38449,0,0,386667.773809523809,24339.714285714286,382261,healthy
ATM_008,2023-10-30,318270,343218,331253.166666666667,25542,0,0,423137.601190476190,25961.428571428571,343812,healthy
ATM_008,2023-10-31,293083,317682,305798.500000000000,25187,0,0,396380.761904761905,27561.285714285714,318270,healthy
ATM_008,2023-11-01,278762,292767,286057.666666666667,14321,0,0,368800.648809523810,27599.857142857143,293083,healthy
ATM_008,2023-11-02,264499,278452,271738.291666666667,14263,0,0,341987.696428571429,25989.428571428571,278762,healthy
ATM_008,2023-11-03,250290,264169,257490.791666666667,14209,0,0,316796.303571428572,24363.142857142857,264499,healthy
ATM_008,2023-11-04,228954,249780,239789.041666666667,21336,0,0,293644.005952380953,21901.000000000000,250290,healthy
ATM_008,2023-11-05,207507,228487,218417.125000000000,21447,0,0,272934.940476190476,19472.142857142857,228954,healthy
ATM_008,2023-11-06,193362,207177,200482.083333333333,14145,0,0,254253.357142857143,17844.000000000000,207507,healthy
ATM_008,2023-11-07,179093,193041,186329.375000000000,14269,0,0,237186.339285714286,16284.285714285714,193362,healthy
ATM_008,2023-11-08,164976,178796,172111.625000000000,14117,0,0,220908.333333333333,16255.142857142857,179093,healthy
ATM_008,2023-11-09,151031,164682,158088.250000000000,13945,0,0,204672.613095238095,16209.714285714286,164976,healthy
ATM_008,2023-11-10,137156,150684,144168.500000000000,13875,0,0,188483.714285714286,16162.000000000000,151031,healthy
ATM_008,2023-11-11,115548,136679,126582.708333333333,21608,0,0,172311.380952380952,16200.857142857143,137156,healthy
ATM_008,2023-11-12,94283,115115,105096.250000000000,21265,0,0,156122.684523809524,16174.857142857143,115548,low
ATM_008,2023-11-13,80102,93977,87342.208333333333,14181,0,0,139959.845238095238,16180.000000000000,94283,low
ATM_008,2023-11-14,65967,79795,73123.666666666667,14135,0,0,123787.601190476190,16160.857142857143,80102,low
ATM_008,2023-11-15,51650,65623,58896.416666666667,14317,0,0,107614.000000000000,16189.428571428571,65967,low
ATM_008,2023-11-16,50301,500000,419580.000000000000,14299,1,0,144969.964285714286,16240.000000000000,51650,low
ATM_008,2023-11-17,473226,487028,480393.375000000000,14156,0,0,193002.089285714286,16280.142857142857,50301,healthy
ATM_008,2023-11-18,452008,472731,462777.500000000000,21218,0,0,241029.916666666667,16224.428571428571,473226,healthy
ATM_008,2023-11-19,430678,451504,441469.125000000000,21330,0,0,289083.184523809524,16233.714285714286,452008,healthy
ATM_008,2023-11-20,416704,430370,423755.625000000000,13974,0,0,337142.244047619048,16204.142857142857,430678,healthy
ATM_008,2023-11-21,402365,416381,409652.791666666667,14339,0,0,385217.833333333333,16233.285714285714,416704,healthy
ATM_008,2023-11-22,388280,402039,395445.458333333333,14085,0,0,433296.267857142857,16200.142857142857,402365,healthy
ATM_008,2023-11-23,374136,387981,381356.333333333333,14144,0,0,427835.744047619048,16178.000000000000,388280,healthy
ATM_008,2023-11-24,359909,373811,367127.750000000000,14227,0,0,411654.940476190476,16188.142857142857,374136,healthy
ATM_008,2023-11-25,338542,359446,349414.416666666667,21367,0,0,395460.214285714286,16209.428571428571,359909,healthy
ATM_008,2023-11-26,300402,337640,319695.375000000000,38140,0,0,378063.964285714286,18610.857142857143,338542,healthy
ATM_008,2023-11-27,274973,299824,287920.041666666667,25429,0,0,358658.880952380952,20247.285714285714,300402,healthy
ATM_008,2023-11-28,249318,274411,262343.041666666667,25655,0,0,337614.630952380952,21863.857142857143,274973,healthy
ATM_008,2023-11-29,223770,248716,236713.333333333333,25548,0,0,314938.613095238095,23501.428571428571,249318,healthy
ATM_008,2023-11-30,198177,223158,211225.791666666667,25593,0,0,290634.250000000000,25137.000000000000,223770,healthy
ATM_008,2023-12-01,184065,197863,191222.541666666667,14112,0,0,265504.934523809524,25120.571428571429,198177,healthy
ATM_008,2023-12-02,162755,183579,173577.958333333333,21310,0,0,240385.440476190476,25112.428571428571,184065,healthy
ATM_008,2023-12-03,141277,162245,152162.333333333333,21478,0,0,216452.148809523810,22732.142857142857,162755,healthy
ATM_008,2023-12-04,127199,140985,134363.166666666667,14078,0,0,194515.452380952381,21110.571428571429,141277,healthy
ATM_008,2023-12-05,113054,126898,120227.000000000000,14145,0,0,174213.160714285714,19466.285714285714,127199,healthy
ATM_008,2023-12-06,98960,112726,106129.083333333333,14094,0,0,155558.267857142857,17830.000000000000,113054,low
ATM_008,2023-12-07,84825,98622,92018.250000000000,14135,0,0,138528.619047619048,16193.142857142857,98960,low
ATM_008,2023-12-08,70590,84527,77818.125000000000,14235,0,0,122327.988095238095,16210.714285714286,84825,low
ATM_008,2023-12-09,50269,500000,97632.500000000000,21231,1,0,111478.636904761905,16199.428571428571,70590,low
ATM_008,2023-12-10,478328,499036,489108.583333333333,21211,0,0,159613.815476190476,16161.285714285714,50269,healthy
ATM_008,2023-12-11,464252,478026,471365.208333333333,14076,0,0,207756.964285714286,16161.000000000000,478328,healthy
ATM_008,2023-12-12,450175,463914,457276.250000000000,14077,0,0,255906.857142857143,16151.285714285714,464252,healthy
ATM_008,2023-12-13,435960,449845,443188.583333333333,14215,0,0,304058.214285714286,16168.571428571429,450175,healthy
ATM_008,2023-12-14,421669,435663,428925.291666666667,14291,0,0,352187.791666666667,16190.857142857143,435960,healthy
ATM_008,2023-12-15,407668,421368,414767.333333333333,14001,0,0,400323.392857142857,16157.428571428571,421669,healthy
ATM_008,2023-12-16,386576,407179,397275.166666666667,21092,0,0,443129.488095238095,16137.571428571429,407668,healthy
ATM_008,2023-12-17,365545,386100,376298.750000000000,21031,0,0,427013.797619047619,16111.857142857143,386576,healthy
ATM_008,2023-12-18,351552,365244,358661.833333333333,13993,0,0,410913.315476190476,16100.000000000000,365545,healthy
ATM_008,2023-12-19,337281,351225,344511.916666666667,14271,0,0,394804.125000000000,16127.714285714286,351552,healthy
ATM_008,2023-12-20,323109,336920,330291.708333333333,14172,0,0,378676.000000000000,16121.571428571429,337281,healthy
ATM_008,2023-12-21,308795,322757,316031.083333333333,14314,0,0,362548.255952380952,16124.857142857143,323109,healthy
ATM_008,2023-12-22,294842,308473,301872.416666666667,13953,0,0,346420.410714285714,16118.000000000000,308795,healthy
ATM_008,2023-12-23,273535,294384,284336.666666666667,21307,0,0,330286.339285714286,16148.714285714286,294842,healthy
ATM_008,2023-12-24,252219,273057,263021.666666666667,21316,0,0,314103.898809523810,16189.428571428571,273535,healthy
ATM_008,2023-12-25,238184,251963,245375.083333333333,14035,0,0,297920.077380952381,16195.428571428571,252219,healthy
ATM_008,2023-12-26,212707,237618,225623.916666666667,25477,0,0,280936.077380952381,17796.285714285714,238184,healthy
ATM_008,2023-12-27,187272,212126,200134.958333333333,25435,0,0,262342.255952380952,19405.285714285714,212707,healthy
ATM_008,2023-12-28,161755,186656,174670.583333333333,25517,0,0,242147.898809523810,21005.714285714286,187272,healthy
ATM_008,2023-12-29,136360,161209,149284.583333333333,25395,0,0,220349.636904761905,22640.285714285714,161755,healthy
ATM_008,2023-12-30,98403,135495,117643.208333333333,37957,0,0,196536.285714285714,25018.857142857143,136360,low
ATM_008,2023-12-31,97554,97554,97554.000000000000,849,0,0,172898.047619047619,22095.000000000000,98403,low
ATM_009,2023-01-01,478673,499501,489560.625000000000,21327,0,0,489560.625000000000,21327.000000000000,,healthy
ATM_009,2023-01-02,464494,478343,471698.166666666667,14179,0,0,480629.395833333334,17753.000000000000,478673,healthy
ATM_009,2023-01-03,450148,464155,457413.083333333333,14346,0,0,472890.625000000000,16617.333333333333,464494,healthy
ATM_009,2023-01-04,436038,449829,443188.000000000000,14110,0,0,465464.968750000000,15990.500000000000,450148,healthy
ATM_009,2023-01-05,422051,435718,429151.000000000000,13987,0,0,458202.175000000000,15589.800000000000,436038,healthy
ATM_009,2023-01-06,408005,421751,415153.750000000000,14046,0,0,451027.437500000000,15332.500000000000,422051,healthy
ATM_009,2023-01-07,386971,407546,397617.166666666667,21034,0,0,443397.398809523810,16147.000000000000,408005,healthy
ATM_009,2023-01-08,365776,386523,376578.583333333333,21195,0,0,427257.107142857143,16128.142857142857,386971,healthy
ATM_009,2023-01-09,351639,365451,358811.583333333333,14137,0,0,411130.452380952381,16122.142857142857,365776,healthy
ATM_009,2023-01-10,337476,351340,344695.083333333333,14163,0,0,395027.880952380952,16096.000000000000,351639,healthy
ATM_009,2023-01-11,323290,337154,330518.541666666667,14186,0,0,378932.244047619048,16106.857142857143,337476,healthy
ATM_009,2023-01-12,309233,322955,316385.958333333333,14057,0,0,362822.952380952381,16116.857142857143,323290,healthy
ATM_009,2023-01-13,295155,308920,302298.958333333333,14078,0,0,346700.839285714286,16121.428571428571,309233,healthy
ATM_009,2023-01-14,273771,294704,284654.250000000000,21384,0,0,330563.279761904762,16171.428571428571,295155,healthy
ATM_009,2023-01-15,252486,273292,263303.250000000000,21285,0,0,314381.089285714286,16184.285714285714,273771,healthy
ATM_009,2023-01-16,238356,252152,245555.708333333333,14130,0,0,298201.678571428571,16183.285714285714,252486,healthy
ATM_009,2023-01-17,224130,238073,231372.666666666667,14226,0,0,282012.761904761905,16192.285714285714,238356,healthy
ATM_009,2023-01-18,209896,223799,217155.791666666667,14234,0,0,265818.083333333333,16199.142857142857,224130,healthy
ATM_009,2023-01-19,195763,209579,202956.208333333333,14133,0,0,249613.833333333333,16210.000000000000,209896,healthy
ATM_009,2023-01-20,181644,195447,188832.000000000000,14119,0,0,233404.267857142857,16215.857142857143,195763,healthy
ATM_009,2023-01-21,160387,181148,171144.458333333333,21257,0,0,217188.583333333333,16197.714285714286,181644,healthy
ATM_009,2023-01-22,139185,159931,149982.041666666667,21202,0,0,200999.839285714286,16185.857142857143,160387,healthy
ATM_009,2023-01-23,125015,138847,132179.416666666667,14170,0,0,184803.226190476191,16191.571428571429,139185,healthy
ATM_009,2023-01-24,110812,124698,118037.416666666667,14203,0,0,168612.476190476191,16188.285714285714,125015,healthy
ATM_009,2023-01-25,96726,110481,103885.041666666667,14086,0,0,152430.940476190476,16167.142857142857,110812,low
ATM_009,2023-01-26,71104,96154,84191.041666666667,25622,0,0,135464.488095238095,17808.428571428571,96726,low
ATM_009,2023-01-27,51065,500000,190169.666666666667,25407,1,0,135655.583333333334,19421.000000000000,71104,low
ATM_009,2023-01-28,458145,495670,477667.750000000000,38376,0,0,179444.625000000000,21866.571428571429,51065,healthy
ATM_009,2023-01-29,419667,457292,439314.541666666667,38478,0,0,220777.839285714286,24334.571428571429,458145,healthy
ATM_009,2023-01-30,394187,419055,407118.625000000000,25480,0,0,260054.869047619048,25950.285714285714,419667,healthy
ATM_009,2023-01-31,368752,393634,381703.333333333333,25435,0,0,297721.428571428572,27554.857142857143,394187,healthy
ATM_009,2023-02-01,354508,368430,361731.375000000000,14244,0,0,334556.619047619048,27577.428571428571,368752,healthy
ATM_009,2023-02-02,340387,354149,347522.541666666667,14121,0,0,372175.404761904762,25934.428571428571,354508,healthy
ATM_009,2023-02-03,326219,340085,333433.208333333333,14168,0,0,392641.625000000000,24328.857142857143,340387,healthy
ATM_009,2023-02-04,304988,325742,315768.375000000000,21231,0,0,369513.142857142857,21879.571428571429,326219,healthy
ATM_009,2023-02-05,283830,304515,294566.666666666667,21158,0,0,348834.875000000000,19405.285714285714,304988,healthy
ATM_009,2023-02-06,269699,283521,276877.375000000000,14131,0,0,330228.982142857143,17784.000000000000,283830,healthy
ATM_009,2023-02-07,255683,269363,262787.375000000000,14016,0,0,313240.988095238095,16152.714285714286,269699,healthy
ATM_009,2023-02-08,241540,255369,248703.291666666667,14143,0,0,297094.119047619048,16138.285714285714,255683,healthy
ATM_009,2023-02-09,227372,241216,234551.833333333333,14168,0,0,280955.446428571429,16145.000000000000,241540,healthy
ATM_009,2023-02-10,213234,227052,220412.541666666667,14138,0,0,264809.636904761905,16140.714285714286,227372,healthy
ATM_009,2023-02-11,192211,212740,202875.583333333333,21023,0,0,248682.095238095238,16111.000000000000,213234,healthy
ATM_009,2023-02-12,171133,191737,181820.750000000000,21078,0,0,232575.535714285714,16099.571428571429,192211,healthy
ATM_009,2023-02-13,156951,170808,164116.000000000000,14182,0,0,216466.767857142857,16106.857142857143,171133,healthy
ATM_009,2023-02-14,142844,156637,149976.125000000000,14107,0,0,200350.875000000000,16119.857142857143,156951,healthy
ATM_009,2023-02-15,128656,142530,135858.541666666667,14188,0,0,184230.196428571429,16126.285714285714,142844,healthy
ATM_009,2023-02-16,114554,128345,121696.291666666667,14102,0,0,168107.976190476191,16116.857142857143,128656,healthy
ATM_009,2023-02-17,100379,114224,107564.833333333333,14175,0,0,151986.875000000000,16122.142857142857,114554,healthy
ATM_009,2023-02-18,79433,99905,90090.708333333333,20946,0,0,135874.750000000000,16111.142857142857,100379,low
ATM_009,2023-02-19,58161,78900,68925.708333333333,21272,0,0,119746.886904761905,16138.857142857143,79433,low
ATM_009,2023-02-20,50107,500000,239079.875000000000,14078,1,0,130456.011904761905,16124.000000000000,58161,low
ATM_009,2023-02-21,480595,494641,487922.875000000000,14393,0,0,178734.119047619048,16164.857142857143,50107,healthy
ATM_009,2023-02-22,466571,480285,473698.666666666667,14024,0,0,226996.994047619048,16141.428571428571,480595,healthy
ATM_009,2023-02-23,452474,466242,459612.458333333333,14097,0,0,275270.732142857143,16140.714285714286,466571,healthy
ATM_009,2023-02-24,438179,452153,445475.250000000000,14295,0,0,323543.648809523809,16157.857142857143,452474,healthy
ATM_009,2023-02-25,417010,437702,427791.041666666667,21169,0,0,371786.553571428571,16189.714285714286,438179,healthy
ATM_009,2023-02-26,378722,416122,398205.541666666667,38288,0,0,418826.529761904762,18620.571428571429,417010,healthy
ATM_009,2023-02-27,353296,378190,366195.500000000000,25426,0,0,436985.904761904762,20241.714285714286,378722,healthy
ATM_009,2023-02-28,327529,352671,340558.333333333333,25767,0,0,415933.827380952381,21866.571428571429,353296,healthy
ATM_009,2023-03-01,313201,327211,320486.625000000000,14328,0,0,394046.392857142857,21910.000000000000,327529,healthy
ATM_009,2023-03-02,299118,312907,306316.458333333333,14083,0,0,372146.964285714286,21908.000000000000,313201,healthy
ATM_009,2023-03-03,284934,298786,292125.833333333333,14184,0,0,350239.904761904762,21892.142857142857,299118,healthy
ATM_009,2023-03-04,264060,284453,274667.208333333333,20874,0,0,328365.071428571428,21850.000000000000,284934,healthy
ATM_009,2023-03-05,242877,263605,253624.000000000000,21183,0,0,307710.565476190476,19406.428571428571,264060,healthy
ATM_009,2023-03-06,228698,242596,235895.541666666667,14179,0,0,289096.285714285714,17799.714285714286,242877,healthy
ATM_009,2023-03-07,214369,228372,221646.625000000000,14329,0,0,272108.898809523809,16165.714285714286,228698,healthy
ATM_009,2023-03-08,200067,214035,207308.458333333333,14302,0,0,255940.589285714286,16162.000000000000,214369,healthy
ATM_009,2023-03-09,185774,199721,193066.833333333333,14293,0,0,239762.071428571428,16192.000000000000,200067,healthy
ATM_009,2023-03-10,171620,185480,178865.625000000000,14154,0,0,223582.041666666667,16187.714285714286,185774,healthy
ATM_009,2023-03-11,150254,171144,161141.416666666667,21366,0,0,207364.071428571429,16258.000000000000,171620,healthy
ATM_009,2023-03-12,128985,149786,139800.041666666667,21269,0,0,191103.505952380952,16270.285714285714,150254,healthy
ATM_009,2023-03-13,115029,128635,122076.916666666667,13956,0,0,174843.702380952381,16238.428571428571,128985,healthy
ATM_009,2023-03-14,100800,114715,107993.208333333333,14229,0,0,158607.500000000000,16224.142857142857,115029,healthy
ATM_009,2023-03-15,86726,100473,93868.541666666667,14074,0,0,142401.797619047619,16191.571428571429,100800,low
ATM_009,2023-03-16,72580,86428,79778.041666666667,14146,0,0,126217.684523809524,16170.571428571429,86726,low
ATM_009,2023-03-17,58399,72283,65593.583333333333,14181,0,0,110035.964285714286,16174.428571428571,72580,low
ATM_009,2023-03-18,50897,500000,292047.666666666667,21262,1,0,128736.857142857143,16159.571428571429,58399,low
ATM_009,2023-03-19,466550,487357,477362.958333333333,21273,0,0,176960.130952380952,16160.142857142857,50897,healthy
ATM_009,2023-03-20,452540,466236,459658.250000000000,14010,0,0,225186.035714285714,16167.857142857143,466550,healthy
ATM_009,2023-03-21,438451,452215,445599.833333333333,14089,0,0,273415.553571428571,16147.857142857143,452540,healthy
ATM_009,2023-03-22,424194,438104,431476.125000000000,14257,0,0,321645.208333333333,16174.000000000000,438451,healthy
ATM_009,2023-03-23,410018,423844,417199.375000000000,14176,0,0,369848.255952380952,16178.285714285714,424194,healthy
ATM_009,2023-03-24,395975,409732,403141.125000000000,14043,0,0,418069.333333333333,16158.571428571429,410018,healthy
ATM_009,2023-03-25,375055,395455,385606.000000000000,20920,0,0,431434.809523809524,16109.714285714286,395975,healthy
ATM_009,2023-03-26,336829,374233,356297.791666666667,38226,0,0,414139.785714285714,18531.571428571429,375055,healthy
ATM_009,2023-03-27,311334,336253,324281.083333333333,25495,0,0,394800.190476190476,20172.285714285714,336829,healthy
ATM_009,2023-03-28,286104,310772,298918.791666666667,25230,0,0,373845.755952380952,21763.857142857143,311334,healthy
ATM_009,2023-03-29,260610,285522,273582.166666666667,25494,0,0,351289.476190476191,23369.142857142857,286104,healthy
ATM_009,2023-03-30,235263,260015,248120.625000000000,25347,0,0,327135.369047619048,24965.000000000000,260610,healthy
ATM_009,2023-03-31,209880,234712,222810.583333333333,25383,0,0,301373.863095238095,26585.000000000000,235263,healthy
ATM_009,2023-04-01,188837,209405,199477.833333333333,21043,0,0,274784.125000000000,26602.571428571429,209880,healthy
ATM_009,2023-04-02,167523,188370,178372.208333333333,21314,0,0,249366.184523809524,24186.571428571429,188837,healthy
ATM_009,2023-04-03,153215,167178,160469.625000000000,14308,0,0,225964.547619047619,22588.428571428571,167523,healthy
ATM_009,2023-04-04,139225,152927,146424.166666666667,13990,0,0,204179.601190476190,20982.714285714286,153215,healthy
ATM_009,2023-04-05,125093,138906,132248.375000000000,14132,0,0,183989.059523809524,19359.571428571429,139225,healthy
ATM_009,2023-04-06,110848,124783,118122.250000000000,14245,0,0,165417.863095238095,17773.571428571429,125093,healthy
ATM_009,2023-04-07,96517,110521,103770.500000000000,14331,0,0,148412.136904761905,16194.714285714286,110848,low
ATM_009,2023-04-08,75273,96019,86072.625000000000,21244,0,0,132211.392857142857,16223.428571428571,96517,low
ATM_009,2023-04-09,53929,74783,64711.750000000000,21344,0,0,115974.184523809524,16227.714285714286,75273,low
ATM_009,2023-04-10,50042,500000,310125.500000000000,13942,1,0,137353.595238095238,16175.428571428571,53929,low
ATM_009,2023-04-11,476796,490658,484028.875000000000,14174,0,0,185582.839285714286,16201.714285714286,50042,healthy
ATM_009,2023-04-12,462835,476500,469962.333333333333,13961,0,0,233827.690476190476,16177.285714285714,476796,healthy
ATM_009,2023-04-13,448344,462506,455724.541666666667,14491,0,0,282056.589285714286,16212.428571428571,462835,healthy
ATM_009,2023-04-14,434273,448037,441385.666666666667,14071,0,0,330287.327380952381,16175.285714285714,448344,healthy
ATM_009,2023-04-15,413130,433788,423836.833333333333,21143,0,0,378539.357142857143,16160.857142857143,434273,healthy
ATM_009,2023-04-16,391769,412642,402561.541666666667,21361,0,0,426803.613095238095,16163.285714285714,413130,healthy
ATM_009,2023-04-17,377659,391471,384846.041666666667,14110,0,0,437477.976190476191,16187.285714285714,391769,healthy
ATM_009,2023-04-18,363601,377334,370747.291666666667,14058,0,0,421294.892857142857,16170.714285714286,377659,healthy
ATM_009,2023-04-19,349203,363266,356489.500000000000,14398,0,0,405084.488095238095,16233.142857142857,363601,healthy
ATM_009,2023-04-20,334789,348881,342089.083333333333,14414,0,0,388850.851190476191,16222.142857142857,349203,healthy
ATM_009,2023-04-21,320604,334480,327795.000000000000,14185,0,0,372623.613095238095,16238.428571428571,334789,healthy
ATM_009,2023-04-22,299459,320105,310185.666666666667,21145,0,0,356387.732142857143,16238.714285714286,320604,healthy
ATM_009,2023-04-23,278140,299021,289025.958333333333,21319,0,0,340168.363095238095,16232.714285714286,299459,healthy
ATM_009,2023-04-24,264050,277826,271210.875000000000,14090,0,0,323934.767857142857,16229.857142857143,278140,healthy
ATM_009,2023-04-25,249871,263737,257062.333333333333,14179,0,0,307694.059523809524,16247.142857142857,264050,healthy
ATM_009,2023-04-26,224254,249288,237263.875000000000,25617,0,0,290661.827380952381,17849.857142857143,249871,healthy
ATM_009,2023-04-27,198873,223703,211757.083333333333,25381,0,0,272042.970238095238,19416.571428571429,224254,healthy
ATM_009,2023-04-28,173131,198311,186220.416666666667,25742,0,0,251818.029761904762,21067.571428571429,198873,healthy
ATM_009,2023-04-29,134907,172323,154341.125000000000,38224,0,0,229554.523809523809,23507.428571428571,173131,healthy
ATM_009,2023-04-30,96982,134060,116221.250000000000,37925,0,0,204868.136904761905,25879.714285714286,134907,low
ATM_009,2023-05-01,82821,96681,90055.541666666667,14161,0,0,178988.803571428571,25889.857142857143,96982,low
ATM_009,2023-05-02,68627,82497,75806.625000000000,14194,0,0,153095.130952380952,25892.000000000000,82821,low
ATM_009,2023-05-03,54542,68299,61705.916666666667,14085,0,0,128015.422619047619,24244.571428571429,68627,low
ATM_009,2023-05-04,50516,500000,310338.208333333333,14078,1,0,142098.440476190476,22629.857142857143,54542,low
ATM_009,2023-05-05,476882,490656,484029.000000000000,14081,0,0,184642.523809523810,20964.000000000000,50516,healthy
ATM_009,2023-05-06,455471,476397,466336.583333333333,21411,0,0,229213.303571428571,18562.142857142857,476882,healthy
ATM_009,2023-05-07,434202,454951,444968.458333333333,21269,0,0,276177.190476190476,16182.714285714286,455471,healthy
ATM_009,2023-05-08,419986,433888,427208.625000000000,14216,0,0,324341.916666666667,16190.571428571429,434202,healthy
ATM_009,2023-05-09,405804,419655,412986.375000000000,14182,0,0,372510.452380952381,16188.857142857143,419986,healthy
ATM_009,2023-05-10,391638,405486,398788.000000000000,14166,0,0,420665.035714285714,16200.428571428571,405804,healthy
ATM_009,2023-05-11,377397,391317,384684.875000000000,14241,0,0,431285.988095238095,16223.714285714286,391638,healthy
ATM_009,2023-05-12,363380,377082,370507.750000000000,14017,0,0,415068.666666666667,16214.571428571429,377397,healthy
ATM_009,2023-05-13,342417,362880,353073.125000000000,20963,0,0,398888.172619047619,16150.571428571429,363380,healthy
ATM_009,2023-05-14,321127,341955,331920.791666666667,21290,0,0,382738.505952380952,16153.571428571429,342417,healthy
ATM_009,2023-05-15,307116,320808,314190.125000000000,14011,0,0,366593.005952380952,16124.285714285714,321127,healthy
ATM_009,2023-05-16,292586,306782,299983.750000000000,14530,0,0,350449.773809523810,16174.000000000000,307116,healthy
ATM_009,2023-05-17,278577,292268,285688.958333333333,14009,0,0,334292.767857142857,16151.571428571429,292586,healthy
ATM_009,2023-05-18,264415,278261,271624.083333333333,14162,0,0,318141.226190476190,16140.285714285714,278577,healthy
ATM_009,2023-05-19,250247,264111,257461.708333333333,14168,0,0,301991.791666666667,16161.857142857143,264415,healthy
ATM_009,2023-05-20,229049,249774,239820.916666666667,21198,0,0,285812.904761904762,16195.428571428571,250247,healthy
ATM_009,2023-05-21,207673,228574,218535.000000000000,21376,0,0,269614.934523809524,16207.714285714286,229049,healthy
ATM_009,2023-05-22,193399,207344,200603.875000000000,14274,0,0,253388.327380952381,16245.285714285714,207673,healthy
ATM_009,2023-05-23,178981,193080,186327.041666666667,14418,0,0,237151.654761904762,16229.285714285714,193399,healthy
ATM_009,2023-05-24,164723,178696,172006.458333333333,14258,0,0,220911.297619047619,16264.857142857143,178981,healthy
ATM_009,2023-05-25,150499,164413,157740.583333333333,14224,0,0,204642.226190476190,16273.714285714286,164723,healthy
ATM_009,2023-05-26,124890,149946,137911.000000000000,25609,0,0,187563.553571428571,17908.142857142857,150499,healthy
ATM_009,2023-05-27,86620,124022,106054.500000000000,38270,0,0,168454.065476190476,20347.000000000000,124890,low
ATM_009,2023-05-28,50090,500000,105336.458333333333,38188,1,0,152282.845238095238,22748.714285714286,86620,low
ATM_009,2023-05-29,473527,498576,486544.875000000000,25636,0,0,193131.559523809524,24371.857142857143,50090,healthy
ATM_009,2023-05-30,447718,472966,460764.208333333333,25809,0,0,232336.869047619047,25999.142857142857,473527,healthy
ATM_009,2023-05-31,422166,447152,435107.791666666667,25552,0,0,269922.773809523809,27612.571428571429,447718,healthy
ATM_009,2023-06-01,408160,421842,415328.333333333333,14006,0,0,306721.023809523809,27581.428571428571,422166,healthy
ATM_009,2023-06-02,394040,407823,401191.708333333333,14120,0,0,344332.553571428571,25940.142857142857,408160,healthy
ATM_009,2023-06-03,372964,393538,383660.833333333333,21076,0,0,383990.601190476190,23483.857142857143,394040,healthy
ATM_009,2023-06-04,351790,372502,362552.458333333333,21174,0,0,420735.744047619047,21053.285714285714,372964,healthy
ATM_009,2023-06-05,337767,351493,344891.500000000000,14023,0,0,400499.547619047619,19394.285714285714,351790,healthy
ATM_009,2023-06-06,323516,337444,330772.458333333333,14251,0,0,381929.297619047619,17743.142857142857,337767,healthy
ATM_009,2023-06-07,309438,323222,316548.833333333333,14078,0,0,364992.303571428571,16104.000000000000,323516,healthy
ATM_009,2023-06-08,295344,309127,302521.833333333333,14094,0,0,348877.089285714285,16116.571428571429,309438,healthy
ATM_009,2023-06-09,281280,295007,288432.083333333333,14064,0,0,332768.571428571428,16108.571428571429,295344,healthy
ATM_009,2023-06-10,260098,280859,270859.041666666667,21182,0,0,316654.029761904762,16123.714285714286,281280,healthy
ATM_009,2023-06-11,239168,259621,249786.333333333333,20930,0,0,300544.583333333333,16088.857142857143,260098,healthy
ATM_009,2023-06-12,225006,238854,232240.333333333333,14162,0,0,284451.559523809524,16108.714285714286,239168,healthy
ATM_009,2023-06-13,210873,224697,218078.375000000000,14133,0,0,268352.404761904762,16091.857142857143,225006,healthy
ATM_009,2023-06-14,196752,210552,203893.791666666667,14121,0,0,252258.827380952381,16098.000000000000,210873,healthy
ATM_009,2023-06-15,182618,196452,189842.583333333333,14134,0,0,236161.791666666667,16103.714285714286,196752,healthy
ATM_009,2023-06-16,168471,182296,175616.333333333333,14147,0,0,220045.255952380952,16115.571428571429,182618,healthy
ATM_009,2023-06-17,147149,168004,158031.500000000000,21322,0,0,203927.035714285714,16135.571428571429,168471,healthy
ATM_009,2023-06-18,125999,146675,136706.125000000000,21150,0,0,187772.720238095238,16167.000000000000,147149,healthy
ATM_009,2023-06-19,111874,125656,119022.583333333333,14125,0,0,171598.755952380952,16161.714285714286,125999,healthy
ATM_009,2023-06-20,97786,111539,104899.250000000000,14088,0,0,155430.309523809524,16155.285714285714,111874,low
ATM_009,2023-06-21,83629,97475,90805.375000000000,14157,0,0,139274.821428571428,16160.428571428571,97786,low
ATM_009,2023-06-22,69347,83331,76600.375000000000,14282,0,0,123097.363095238095,16181.571428571429,83629,low
ATM_009,2023-06-23,55221,69041,62383.208333333333,14126,0,0,106921.202380952381,16178.571428571429,69347,low
ATM_009,2023-06-24,51011,500000,326442.583333333333,21147,1,0,130979.928571428571,16153.571428571429,55221,low
ATM_009,2023-06-25,463135,484053,474012.000000000000,21434,0,0,179166.482142857143,16194.142857142857,51011,healthy
ATM_009,2023-06-26,437450,462574,450394.916666666667,25685,0,0,226505.386904761905,17845.571428571429,463135,healthy
ATM_009,2023-06-27,412292,436920,425097.416666666667,25158,0,0,272247.982142857143,19427.000000000000,437450,healthy
ATM_009,2023-06-28,386788,411722,399777.916666666667,25504,0,0,316386.916666666667,21048.000000000000,412292,healthy
ATM_009,2023-06-29,361131,386259,374145.875000000000,25657,0,0,358893.416666666667,22673.000000000000,386788,healthy
ATM_009,2023-06-30,335823,360552,348713.208333333333,25308,0,0,399797.702380952381,24270.428571428571,361131,healthy
ATM_009,2023-07-01,314675,335339,325472.500000000000,21148,0,0,399659.119047619048,24270.571428571429,335823,healthy
ATM_009,2023-07-02,293457,314218,304216.666666666667,21218,0,0,375402.642857142857,24239.714285714286,314675,healthy
ATM_009,2023-07-03,279325,293121,286538.500000000000,14132,0,0,351994.583333333333,22589.285714285714,293457,healthy
ATM_009,2023-07-04,265152,278985,272339.333333333333,14173,0,0,330172.000000000000,21020.000000000000,279325,healthy
ATM_009,2023-07-05,250955,264862,258183.083333333333,14197,0,0,309944.166666666667,19404.714285714286,265152,healthy
ATM_009,2023-07-06,236867,250649,244009.083333333333,14088,0,0,291353.196428571428,17752.000000000000,250955,healthy
ATM_009,2023-07-07,222736,236545,229918.125000000000,14131,0,0,274382.470238095238,16155.285714285714,236867,healthy
ATM_009,2023-07-08,201484,222266,212307.958333333333,21252,0,0,258216.107142857143,16170.142857142857,222736,healthy
ATM_009,2023-07-09,180232,201005,191052.000000000000,21252,0,0,242049.726190476190,16175.000000000000,201484,healthy
ATM_009,2023-07-10,166055,179929,173241.708333333333,14177,0,0,225864.470238095238,16181.428571428571,180232,healthy
ATM_009,2023-07-11,151859,165734,159065.666666666667,14196,0,0,209682.517857142857,16184.714285714286,166055,healthy
ATM_009,2023-07-12,137873,151541,144953.791666666667,13986,0,0,193506.904761904762,16154.571428571429,151859,healthy
ATM_009,2023-07-13,123516,137557,130789.958333333333,14357,0,0,177332.744047619048,16193.000000000000,137873,healthy
ATM_009,2023-07-14,109210,123199,116466.041666666667,14306,0,0,161125.303571428571,16218.000000000000,123516,healthy
ATM_009,2023-07-15,87880,108698,98672.250000000000,21330,0,0,144891.630952380952,16229.142857142857,109210,low
ATM_009,2023-07-16,66627,87457,77508.750000000000,21253,0,0,128671.166666666667,16229.285714285714,87880,low
ATM_009,2023-07-17,52539,66338,59705.541666666667,14088,0,0,112451.714285714286,16216.571428571429,66627,low
ATM_009,2023-07-18,50018,500000,345800.250000000000,14203,1,0,139128.083333333333,16217.571428571429,52539,low
ATM_009,2023-07-19,474421,488299,481682.583333333333,14219,0,0,187232.196428571429,16250.857142857143,50018,healthy
ATM_009,2023-07-20,460210,474091,467413.750000000000,14211,0,0,235321.309523809524,16230.000000000000,474421,healthy
ATM_009,2023-07-21,446026,459870,453232.666666666667,14184,0,0,283430.827380952381,16212.571428571429,460210,healthy
ATM_009,2023-07-22,424819,445516,435539.291666666667,21207,0,0,331554.690476190476,16195.000000000000,446026,healthy
ATM_009,2023-07-23,403434,424286,414306.833333333333,21385,0,0,379668.702380952381,16213.857142857143,424819,healthy
ATM_009,2023-07-24,389302,403105,396457.291666666667,14132,0,0,427776.095238095238,16220.142857142857,403434,healthy
ATM_009,2023-07-25,375075,388980,382324.583333333333,14227,0,0,432993.857142857143,16223.571428571429,389302,healthy
ATM_009,2023-07-26,349416,374506,362456.833333333333,25659,0,0,415961.607142857143,17857.857142857143,375075,healthy
ATM_009,2023-07-27,323923,348847,336818.875000000000,25493,0,0,397305.196428571429,19469.571428571429,349416,healthy
ATM_009,2023-07-28,298600,323346,311404.791666666667,25323,0,0,377044.071428571429,21060.857142857143,323923,healthy
ATM_009,2023-07-29,260061,297757,279592.708333333333,38539,0,0,354765.988095238095,23536.857142857143,298600,healthy
ATM_009,2023-07-30,221781,259195,241214.125000000000,38280,0,0,330038.458333333333,25950.428571428571,260061,healthy
ATM_009,2023-07-31,196454,221203,209292.916666666667,25327,0,0,303300.690476190476,27549.714285714286,221781,healthy
ATM_009,2023-08-01,182166,196137,189458.291666666667,14288,0,0,275748.363095238095,27558.428571428571,196454,healthy
ATM_009,2023-08-02,168045,181855,175271.583333333333,14121,0,0,249007.613095238095,25910.142857142857,182166,healthy
ATM_009,2023-08-03,153840,167708,161026.541666666667,14205,0,0,223894.422619047619,24297.571428571429,168045,healthy
ATM_009,2023-08-04,139578,153520,146817.375000000000,14262,0,0,200381.934523809524,22717.428571428571,153840,healthy
ATM_009,2023-08-05,118340,139124,129193.791666666667,21238,0,0,178896.375000000000,20245.857142857143,139578,healthy
ATM_009,2023-08-06,96984,117858,107811.958333333333,21356,0,0,159838.922619047619,17828.142857142857,118340,low
ATM_009,2023-08-07,82619,96669,89915.291666666667,14365,0,0,142784.976190476191,16262.142857142857,96984,low
ATM_009,2023-08-08,68332,82273,75552.166666666667,14287,0,0,126512.672619047619,16262.000000000000,82619,low
ATM_009,2023-08-09,54364,67994,61458.708333333333,13968,0,0,110253.690476190476,16240.142857142857,68332,low
ATM_009,2023-08-10,50471,500000,310276.000000000000,14005,1,0,131575.041666666667,16211.571428571429,54364,low
ATM_009,2023-08-11,476827,490589,483987.208333333333,14092,0,0,179742.160714285714,16187.285714285714,50471,healthy
ATM_009,2023-08-12,455547,476354,466325.166666666667,21280,0,0,227903.785714285714,16193.285714285714,476827,healthy
ATM_009,2023-08-13,434177,455026,444977.166666666667,21370,0,0,276070.244047619048,16195.285714285714,455547,healthy
ATM_009,2023-08-14,420010,433837,427177.875000000000,14167,0,0,324250.613095238095,16167.000000000000,434177,healthy
ATM_009,2023-08-15,405746,419703,413043.958333333333,14264,0,0,372463.726190476190,16163.714285714286,420010,healthy
ATM_009,2023-08-16,391715,405439,398857.625000000000,14031,0,0,420663.571428571429,16172.714285714286,405746,healthy
ATM_009,2023-08-17,377651,391410,384793.041666666667,14064,0,0,431308.863095238095,16181.142857142857,391715,healthy
ATM_009,2023-08-18,363571,377339,370741.750000000000,14080,0,0,415130.940476190476,16179.428571428571,377651,healthy
ATM_009,2023-08-19,342413,363113,353175.833333333333,21158,0,0,398966.750000000000,16162.000000000000,363571,healthy
ATM_009,2023-08-20,321017,341897,331843.833333333333,21396,0,0,382804.845238095238,16165.714285714286,342413,healthy
ATM_009,2023-08-21,306759,320698,314024.750000000000,14258,0,0,366640.113095238095,16178.714285714286,321017,healthy
ATM_009,2023-08-22,292618,306440,299845.250000000000,14141,0,0,350468.869047619048,16161.142857142857,306759,healthy
ATM_009,2023-08-23,278587,292319,285723.166666666667,14031,0,0,334306.803571428571,16161.142857142857,292618,healthy
ATM_009,2023-08-24,264583,278303,271676.791666666667,14004,0,0,318147.339285714286,16152.571428571429,278587,healthy
ATM_009,2023-08-25,250268,264247,257498.083333333333,14315,0,0,301969.672619047619,16186.142857142857,264583,healthy
ATM_009,2023-08-26,211845,249367,231324.166666666667,38423,0,0,284562.291666666667,18652.571428571429,250268,healthy
ATM_009,2023-08-27,173355,210969,192888.000000000000,38490,0,0,264711.458333333333,21094.571428571429,211845,healthy
ATM_009,2023-08-28,147921,172747,160846.708333333333,25434,0,0,242828.880952380952,22691.142857142857,173355,healthy
ATM_009,2023-08-29,122447,147275,135432.333333333333,25474,0,0,219341.321428571429,24310.142857142857,147921,healthy
ATM_009,2023-08-30,96882,121888,109855.916666666667,25565,0,0,194217.428571428571,25957.857142857143,122447,low
ATM_009,2023-08-31,71274,96262,84320.166666666667,25608,0,0,167452.196428571429,27615.571428571429,96882,low
ATM_009,2023-09-01,57126,70925,64289.291666666667,14148,0,0,139850.940476190476,27591.714285714286,71274,low
ATM_009,2023-09-02,51330,500000,309354.375000000000,21283,1,0,150998.113095238095,25143.142857142857,57126,low
ATM_009,2023-09-03,464869,485635,475624.875000000000,21256,0,0,191389.095238095238,22681.142857142857,51330,healthy
ATM_009,2023-09-04,450695,464564,457896.750000000000,14174,0,0,233824.815476190476,21072.571428571429,464869,healthy
ATM_009,2023-09-05,436529,450380,443742.125000000000,14166,0,0,277869.071428571429,19457.142857142857,450695,healthy
ATM_009,2023-09-06,422477,436213,429629.333333333333,14052,0,0,323550.988095238095,17812.428571428571,436529,healthy
ATM_009,2023-09-07,408413,422142,415556.875000000000,14064,0,0,370870.517857142857,16163.285714285714,422477,healthy
ATM_009,2023-09-08,394151,408117,401399.500000000000,14262,0,0,419029.119047619048,16179.571428571429,408413,healthy
ATM_009,2023-09-09,372834,393648,383679.416666666667,21317,0,0,429646.982142857143,16184.428571428571,394151,healthy
ATM_009,2023-09-10,351699,372320,362405.916666666667,21135,0,0,413472.845238095238,16167.142857142857,372834,healthy
ATM_009,2023-09-11,337354,351357,344646.750000000000,14345,0,0,397294.273809523810,16191.571428571429,351699,healthy
ATM_009,2023-09-12,323301,337018,330431.416666666667,14053,0,0,381107.029761904762,16175.428571428571,337354,healthy
ATM_009,2023-09-13,309230,322997,316368.583333333333,14071,0,0,364926.922619047619,16178.142857142857,323301,healthy
ATM_009,2023-09-14,295099,308895,302252.916666666667,14131,0,0,348740.642857142857,16187.714285714286,309230,healthy
ATM_009,2023-09-15,281103,294774,288173.833333333333,13996,0,0,332565.547619047619,16149.714285714286,295099,healthy
ATM_009,2023-09-16,259812,280597,270562.666666666667,21291,0,0,316406.011904761905,16146.000000000000,281103,healthy
ATM_009,2023-09-17,238808,259363,249491.791666666667,21004,0,0,300275.422619047619,16127.285714285714,259812,healthy
ATM_009,2023-09-18,224628,238473,231832.541666666667,14180,0,0,284159.107142857143,16103.714285714286,238808,healthy
ATM_009,2023-09-19,210519,224284,217673.791666666667,14109,0,0,268050.875000000000,16111.714285714286,224628,healthy
ATM_009,2023-09-20,196445,210194,203580.000000000000,14074,0,0,251938.220238095238,16112.142857142857,210519,healthy
ATM_009,2023-09-21,182227,196098,189462.000000000000,14218,0,0,235825.232142857143,16124.571428571429,196445,healthy
ATM_009,2023-09-22,168137,181927,175323.041666666667,14090,0,0,219703.690476190476,16138.000000000000,182227,healthy
ATM_009,2023-09-23,147048,167682,157724.791666666667,21089,0,0,203583.994047619048,16109.142857142857,168137,healthy
ATM_009,2023-09-24,125922,146572,136652.250000000000,21126,0,0,187464.059523809524,16126.571428571429,147048,healthy
ATM_009,2023-09-25,111673,125639,118930.458333333333,14249,0,0,171335.190476190476,16136.428571428571,125922,healthy
ATM_009,2023-09-26,86167,111091,99107.083333333333,25506,0,0,154397.089285714286,17764.571428571429,111673,low
ATM_009,2023-09-27,60673,85601,73633.916666666667,25494,0,0,135833.363095238095,19396.000000000000,86167,low
ATM_009,2023-09-28,50036,500000,274134.583333333333,25326,1,0,147929.446428571429,20982.857142857143,60673,low
ATM_009,2023-09-29,461552,486623,474588.125000000000,25610,0,0,190681.601190476190,22628.571428571429,50036,healthy
ATM_009,2023-09-30,423230,460690,442676.208333333333,38322,0,0,231388.946428571428,25090.428571428571,461552,healthy
ATM_009,2023-10-01,402006,422759,412742.958333333333,21224,0,0,270830.476190476190,25104.428571428571,423230,healthy
ATM_009,2023-10-02,387994,401709,395072.458333333333,14012,0,0,310279.333333333333,25070.571428571429,402006,healthy
ATM_009,2023-10-03,373591,387678,380936.458333333333,14403,0,0,350540.672619047619,23484.428571428571,387994,healthy
ATM_009,2023-10-04,359262,373273,366487.750000000000,14329,0,0,392376.934523809524,21889.428571428571,373591,healthy
ATM_009,2023-10-05,344944,358909,352219.291666666667,14318,0,0,403531.892857142857,20316.857142857143,359262,healthy
ATM_009,2023-10-06,330732,344600,337906.375000000000,14212,0,0,384005.928571428571,18688.571428571429,344944,healthy
ATM_009,2023-10-07,309425,330229,320267.875000000000,21307,0,0,366519.023809523809,16257.857142857143,330732,healthy
ATM_009,2023-10-08,288187,308931,299012.625000000000,21238,0,0,350271.833333333333,16259.857142857143,309425,healthy
ATM_009,2023-10-09,273739,287854,281079.750000000000,14448,0,0,333987.160714285714,16322.142857142857,288187,healthy
ATM_009,2023-10-10,259608,273418,266755.083333333333,14131,0,0,317675.535714285714,16283.285714285714,273739,healthy
ATM_009,2023-10-11,245309,259303,252586.791666666667,14299,0,0,301403.970238095238,16279.000000000000,259608,healthy
ATM_009,2023-10-12,231073,245009,238283.666666666667,14236,0,0,285127.452380952381,16267.285714285714,245309,healthy
ATM_009,2023-10-13,216838,230761,224064.458333333333,14235,0,0,268864.321428571429,16270.571428571429,231073,healthy
ATM_009,2023-10-14,195621,216325,206391.208333333333,21217,0,0,252596.226190476190,16257.714285714286,216838,healthy
ATM_009,2023-10-15,174232,195165,185134.708333333333,21389,0,0,236327.952380952381,16279.285714285714,195621,healthy
ATM_009,2023-10-16,160037,173944,167241.708333333333,14195,0,0,220065.375000000000,16243.142857142857,174232,healthy
ATM_009,2023-10-17,145780,159728,153016.583333333333,14257,0,0,203817.017857142857,16261.142857142857,160037,healthy
ATM_009,2023-10-18,131460,145429,138731.083333333333,14320,0,0,187551.916666666666,16264.142857142857,145780,healthy
ATM_009,2023-10-19,117337,131130,124526.875000000000,14123,0,0,171300.946428571428,16248.000000000000,131460,healthy
ATM_009,2023-10-20,103228,117033,110402.791666666667,14109,0,0,155063.565476190476,16230.000000000000,117337,healthy
ATM_009,2023-10-21,81876,102739,92721.666666666667,21352,0,0,138825.059523809524,16249.285714285714,103228,low
ATM_009,2023-10-22,60690,81399,71434.916666666667,21186,0,0,122582.232142857143,16220.285714285714,81876,low
ATM_009,2023-10-23,50562,500000,203929.250000000000,14115,1,0,127823.309523809524,16208.857142857143,60690,low
ATM_009,2023-10-24,482849,496769,490074.208333333333,14248,0,0,175974.398809523810,16207.571428571429,50562,healthy
ATM_009,2023-10-25,468683,482526,475907.958333333333,14166,0,0,224142.523809523810,16185.571428571429,482849,healthy
ATM_009,2023-10-26,443209,468076,456115.208333333333,25474,0,0,271512.285714285714,17807.142857142857,468683,healthy
ATM_009,2023-10-27,417826,442623,430685.625000000000,25383,0,0,317266.976190476190,19417.714285714286,443209,healthy
ATM_009,2023-10-28,379632,416989,398964.083333333333,38194,0,0,361015.892857142857,21823.714285714286,417826,healthy
ATM_009,2023-10-29,341303,378796,360749.208333333333,38329,0,0,402346.505952380952,24272.714285714286,379632,healthy
ATM_009,2023-10-30,315746,340716,328659.500000000000,25557,0,0,420165.113095238095,25907.285714285714,341303,healthy
ATM_009,2023-10-31,290272,315153,303178.375000000000,25474,0,0,393465.708333333333,27511.000000000000,315746,healthy
ATM_009,2023-11-01,275901,289901,283208.500000000000,14371,0,0,365937.214285714286,27540.285714285714,290272,healthy
ATM_009,2023-11-02,261972,275585,269079.708333333333,13929,0,0,339217.857142857143,25891.000000000000,275901,healthy
ATM_009,2023-11-03,247745,261646,254927.041666666667,14227,0,0,314109.488095238095,24297.285714285714,261972,healthy
ATM_009,2023-11-04,226550,247256,237327.291666666667,21195,0,0,291018.517857142857,21868.857142857143,247745,healthy
ATM_009,2023-11-05,205582,226071,216268.916666666667,20968,0,0,270378.476190476191,19388.714285714286,226550,healthy
ATM_009,2023-11-06,191561,205289,198658.250000000000,14021,0,0,251806.869047619048,17740.714285714286,205582,healthy
ATM_009,2023-11-07,177451,191223,184537.708333333333,14110,0,0,234858.202380952381,16117.285714285714,191561,healthy
ATM_009,2023-11-08,163365,177114,170473.041666666667,14086,0,0,218753.136904761905,16076.571428571429,177451,healthy
ATM_009,2023-11-09,149142,163031,156389.000000000000,14223,0,0,202654.464285714286,16118.571428571429,163365,healthy
ATM_009,2023-11-10,135098,148836,142199.833333333333,14044,0,0,186550.577380952381,16092.428571428571,149142,healthy
ATM_009,2023-11-11,114026,134601,124687.375000000000,21072,0,0,170459.160714285714,16074.857142857143,135098,healthy
ATM_009,2023-11-12,92796,113532,103582.458333333333,21230,0,0,154361.095238095238,16112.285714285714,114026,low
ATM_009,2023-11-13,78618,92459,85810.791666666667,14178,0,0,138240.029761904762,16134.714285714286,92796,low
ATM_009,2023-11-14,64542,78311,71703.833333333333,14076,0,0,122120.904761904762,16129.857142857143,78618,low
ATM_009,2023-11-15,50377,64202,57528.291666666667,14165,0,0,105985.940476190476,16141.142857142857,64542,low
ATM_009,2023-11-16,50050,500000,474871.666666666667,14148,1,0,151483.464285714286,16130.428571428571,50377,low
ATM_009,2023-11-17,472140,486144,479394.916666666667,14353,0,0,199654.190476190476,16174.571428571429,50050,healthy
ATM_009,2023-11-18,450711,471694,461545.041666666667,21429,0,0,247776.714285714286,16225.571428571429,472140,healthy
ATM_009,2023-11-19,429468,450235,440189.291666666667,21243,0,0,295863.404761904762,16227.428571428571,450711,healthy
ATM_009,2023-11-20,415223,429163,422498.000000000000,14245,0,0,343961.577380952381,16237.000000000000,429468,healthy
ATM_009,2023-11-21,400970,414920,408220.125000000000,14253,0,0,392035.333333333334,16262.285714285714,415223,healthy
ATM_009,2023-11-22,386846,400656,394014.333333333333,14124,0,0,440104.767857142857,16256.428571428571,400970,healthy
ATM_009,2023-11-23,372537,386565,379825.875000000000,14309,0,0,426526.797619047619,16279.428571428571,386846,healthy
ATM_009,2023-11-24,358338,372196,365525.416666666667,14199,0,0,410259.726190476191,16257.428571428571,372537,healthy
ATM_009,2023-11-25,337023,357906,347872.625000000000,21315,0,0,394020.809523809524,16241.142857142857,358338,healthy
ATM_009,2023-11-26,298700,336101,318164.291666666667,38323,0,0,376588.666666666667,18681.142857142857,337023,healthy
ATM_009,2023-11-27,273020,298140,286052.875000000000,25680,0,0,357096.505952380952,20314.714285714286,298700,healthy
ATM_009,2023-11-28,247540,272453,260526.458333333333,25480,0,0,335997.410714285714,21918.571428571429,273020,healthy
ATM_009,2023-11-29,222048,246968,234993.791666666667,25492,0,0,313280.190476190476,23542.571428571429,247540,healthy
ATM_009,2023-11-30,196532,221480,209451.375000000000,25516,0,0,288940.976190476191,25143.571428571429,222048,healthy
ATM_009,2023-12-01,182462,196224,189591.666666666667,14070,0,0,263807.583333333333,25125.142857142857,196532,healthy
ATM_009,2023-12-02,161173,181985,171979.208333333333,21289,0,0,238679.952380952381,25121.428571428571,182462,healthy
ATM_009,2023-12-03,139967,160667,150728.541666666667,21206,0,0,214760.559523809524,22676.142857142857,161173,healthy
ATM_009,2023-12-04,125780,139656,132971.250000000000,14187,0,0,192891.755952380952,21034.285714285714,139967,healthy
ATM_009,2023-12-05,111592,125454,118730.125000000000,14188,0,0,172635.136904761905,19421.142857142857,125780,healthy
ATM_009,2023-12-06,97416,111258,104631.500000000000,14176,0,0,154011.952380952381,17804.571428571429,111592,low
ATM_009,2023-12-07,83353,97092,90466.375000000000,14063,0,0,137014.095238095238,16168.428571428571,97416,low
ATM_009,2023-12-08,69184,83032,76400.875000000000,14169,0,0,120843.982142857143,16182.571428571429,83353,low
ATM_009,2023-12-09,50225,500000,152474.000000000000,21396,1,0,118057.523809523810,16197.857142857143,69184,low
ATM_009,2023-12-10,476884,497565,487598.750000000000,21173,0,0,166181.839285714286,16193.142857142857,50225,healthy
ATM_009,2023-12-11,462715,476552,469871.041666666667,14169,0,0,214310.380952380952,16190.571428571429,476884,healthy
ATM_009,2023-12-12,448583,462392,455745.958333333333,14132,0,0,262455.500000000000,16182.571428571429,462715,healthy
ATM_009,2023-12-13,434672,448252,441747.666666666667,13911,0,0,310614.952380952381,16144.714285714286,448583,healthy
ATM_009,2023-12-14,420630,434342,427711.833333333333,14042,0,0,358792.875000000000,16141.714285714286,434672,healthy
ATM_009,2023-12-15,406486,420303,413645.625000000000,14144,0,0,406970.696428571429,16138.142857142857,420630,healthy
ATM_009,2023-12-16,385255,406025,396032.791666666667,21231,0,0,441764.809523809524,16114.571428571429,406486,healthy
ATM_009,2023-12-17,363905,384764,374759.791666666667,21350,0,0,425644.958333333333,16139.857142857143,385255,healthy
ATM_009,2023-12-18,349641,363559,356900.166666666667,14264,0,0,409506.261904761905,16153.428571428571,363905,healthy
ATM_009,2023-12-19,335449,349335,342669.958333333333,14192,0,0,393352.547619047619,16162.000000000000,349641,healthy
ATM_009,2023-12-20,321280,335126,328440.916666666667,14169,0,0,377165.869047619048,16198.857142857143,335449,healthy
ATM_009,2023-12-21,307000,320977,314267.375000000000,14280,0,0,360959.517857142857,16232.857142857143,321280,healthy
ATM_009,2023-12-22,292888,306698,300050.458333333333,14112,0,0,344731.636904761905,16228.285714285714,307000,healthy
ATM_009,2023-12-23,271500,292423,282408.083333333333,21388,0,0,328499.535714285714,16250.714285714286,292888,healthy
ATM_009,2023-12-24,250344,271019,261129.416666666667,21156,0,0,312266.625000000000,16223.000000000000,271500,healthy
ATM_009,2023-12-25,236122,250025,243318.541666666667,14222,0,0,296040.678571428571,16217.000000000000,250344,healthy
ATM_009,2023-12-26,210478,235508,223509.958333333333,25644,0,0,279017.821428571429,17853.000000000000,236122,healthy
ATM_009,2023-12-27,185031,209822,197940.375000000000,25447,0,0,260374.886904761905,19464.142857142857,210478,healthy
ATM_009,2023-12-28,159350,184395,172322.750000000000,25681,0,0,240097.083333333333,21092.857142857143,185031,healthy
ATM_009,2023-12-29,133963,158756,146871.000000000000,25387,0,0,218214.303571428571,22703.571428571429,159350,healthy
ATM_009,2023-12-30,95746,133087,115230.666666666667,38217,0,0,194331.815476190476,25107.714285714286,133963,low
ATM_009,2023-12-31,94930,94930,94930.000000000000,816,0,0,170589.041666666667,22202.000000000000,95746,low
ATM_010,2023-01-01,478704,499499,489560.666666666667,21296,0,0,489560.666666666667,21296.000000000000,,healthy
ATM_010,2023-01-02,464570,478383,471736.250000000000,14134,0,0,480648.458333333334,17715.000000000000,478704,healthy
ATM_010,2023-01-03,450582,464236,457658.416666666667,13988,0,0,472985.111111111111,16472.666666666667,464570,healthy
ATM_010,2023-01-04,436361,450252,443624.375000000000,14221,0,0,465644.927083333334,15909.750000000000,450582,healthy
ATM_010,2023-01-05,421993,436038,429315.750000000000,14368,0,0,458379.091666666667,15601.400000000000,436361,healthy
ATM_010,2023-01-06,407924,421696,415076.708333333333,14069,0,0,451162.027777777778,15346.000000000000,421993,healthy
ATM_010,2023-01-07,386664,407429,397456.291666666667,21260,0,0,443489.779761904762,16190.857142857143,407924,healthy
ATM_010,2023-01-08,365279,386207,376148.791666666667,21385,0,0,427288.083333333333,16203.571428571429,386664,healthy
ATM_010,2023-01-09,351161,364948,358333.958333333333,14118,0,0,411087.755952380952,16201.285714285714,365279,healthy
ATM_010,2023-01-10,337148,350825,344239.625000000000,14013,0,0,394885.071428571429,16204.857142857143,351161,healthy
ATM_010,2023-01-11,323009,336867,330214.625000000000,14139,0,0,378683.678571428571,16193.142857142857,337148,healthy
ATM_010,2023-01-12,308986,322666,316049.083333333333,14023,0,0,362502.726190476190,16143.857142857143,323009,healthy
ATM_010,2023-01-13,294774,308657,301995.583333333333,14212,0,0,346348.279761904762,16164.285714285714,308986,healthy
ATM_010,2023-01-14,273557,294289,284399.166666666667,21217,0,0,330197.261904761905,16158.142857142857,294774,healthy
ATM_010,2023-01-15,252558,273070,263165.500000000000,20999,0,0,314056.791666666667,16103.000000000000,273557,healthy
ATM_010,2023-01-16,238391,252248,245608.166666666667,14167,0,0,297953.107142857143,16110.000000000000,252558,healthy
ATM_010,2023-01-17,224201,238043,231369.500000000000,14190,0,0,281828.803571428571,16135.285714285714,238391,healthy
ATM_010,2023-01-18,210036,223878,217227.458333333333,14165,0,0,265687.779761904762,16139.000000000000,224201,healthy
ATM_010,2023-01-19,196005,209727,203117.083333333333,14031,0,0,249554.636904761905,16140.142857142857,210036,healthy
ATM_010,2023-01-20,181937,195704,189096.708333333333,14068,0,0,233426.226190476190,16119.571428571429,196005,healthy
ATM_010,2023-01-21,160612,181443,171452.750000000000,21325,0,0,217291.023809523809,16135.000000000000,181937,healthy
ATM_010,2023-01-22,139312,160127,150101.541666666667,21300,0,0,201139.029761904762,16178.000000000000,160612,healthy
ATM_010,2023-01-23,125495,139028,132526.333333333333,13817,0,0,184984.482142857143,16128.000000000000,139312,healthy
ATM_010,2023-01-24,111258,125192,118512.625000000000,14237,0,0,168862.071428571428,16134.714285714286,125495,healthy
ATM_010,2023-01-25,96823,110926,104149.291666666667,14435,0,0,152708.047619047619,16173.285714285714,111258,low
ATM_010,2023-01-26,71327,96223,84318.208333333333,25496,0,0,135736.779761904762,17811.142857142857,96823,low
ATM_010,2023-01-27,51047,500000,190222.750000000000,25520,1,0,135897.642857142857,19447.142857142857,71327,low
ATM_010,2023-01-28,458878,495792,478063.625000000000,37746,0,0,179699.196428571429,21793.000000000000,51047,healthy
ATM_010,2023-01-29,420592,457952,439977.000000000000,38286,0,0,221109.976190476190,24219.571428571429,458878,healthy
ATM_010,2023-01-30,394966,420002,407929.833333333333,25626,0,0,260453.333333333333,25906.571428571429,420592,healthy
ATM_010,2023-01-31,369770,394396,382589.791666666667,25196,0,0,298178.642857142857,27472.142857142857,394966,healthy
ATM_010,2023-02-01,355608,369451,362796.791666666667,14162,0,0,335128.285714285714,27433.142857142857,369770,healthy
ATM_010,2023-02-02,341246,355298,348578.583333333333,14362,0,0,372879.767857142857,25842.571428571429,355608,healthy
ATM_010,2023-02-03,327092,340934,334297.375000000000,14154,0,0,393461.857142857143,24218.857142857143,341246,healthy
ATM_010,2023-02-04,305873,326596,316670.916666666667,21219,0,0,370405.755952380952,21857.857142857143,327092,healthy
ATM_010,2023-02-05,284839,305394,295462.958333333333,21034,0,0,349760.892857142857,19393.285714285714,305873,healthy
ATM_010,2023-02-06,270673,284502,277857.750000000000,14166,0,0,331179.166666666667,17756.142857142857,284839,healthy
ATM_010,2023-02-07,256413,270314,263633.083333333333,14260,0,0,314185.351190476190,16193.857142857143,270673,healthy
ATM_010,2023-02-08,242412,256079,249516.541666666667,14001,0,0,298002.458333333333,16170.857142857143,256413,healthy
ATM_010,2023-02-09,228185,242068,235384.958333333333,14227,0,0,281831.940476190476,16151.571428571429,242412,healthy
ATM_010,2023-02-10,213934,227882,221160.583333333333,14251,0,0,265669.541666666667,16165.428571428571,228185,healthy
ATM_010,2023-02-11,192739,213462,203403.541666666667,21195,0,0,249488.488095238095,16162.000000000000,213934,healthy
ATM_010,2023-02-12,171739,192267,182341.541666666667,21000,0,0,233328.285714285714,16157.142857142857,192739,healthy
ATM_010,2023-02-13,157534,171416,164722.416666666667,14205,0,0,217166.095238095238,16162.714285714286,171739,healthy
ATM_010,2023-02-14,143539,157222,150625.166666666667,13995,0,0,201022.107142857143,16124.857142857143,157534,healthy
ATM_010,2023-02-15,129471,143230,136646.833333333333,14068,0,0,184897.863095238095,16134.428571428571,143539,healthy
ATM_010,2023-02-16,115153,129131,122396.458333333333,14318,0,0,168756.648809523810,16147.428571428571,129471,healthy
ATM_010,2023-02-17,101019,114815,108181.250000000000,14134,0,0,152616.744047619048,16130.714285714286,115153,healthy
ATM_010,2023-02-18,80044,100557,90717.833333333333,20975,0,0,136518.785714285714,16099.285714285714,101019,low
ATM_010,2023-02-19,59096,79570,69706.458333333333,20948,0,0,120428.059523809524,16091.857142857143,80044,low
ATM_010,2023-02-20,50955,500000,239646.208333333333,14176,1,0,131131.458333333333,16087.714285714286,59096,low
ATM_010,2023-02-21,480741,494726,487976.333333333333,14298,0,0,179324.482142857143,16131.000000000000,50955,healthy
ATM_010,2023-02-22,466644,480428,473823.708333333333,14097,0,0,227492.607142857143,16135.142857142857,480741,healthy
ATM_010,2023-02-23,452573,466306,459712.916666666667,14071,0,0,275680.672619047619,16099.857142857143,466644,healthy
ATM_010,2023-02-24,438494,452259,445644.458333333333,14079,0,0,323889.702380952381,16092.000000000000,452573,healthy
ATM_010,2023-02-25,417169,437994,427974.833333333333,21325,0,0,372069.273809523809,16142.000000000000,438494,healthy
ATM_010,2023-02-26,378805,416355,398317.416666666667,38364,0,0,419013.696428571428,18630.000000000000,417169,healthy
ATM_010,2023-02-27,353667,378261,366451.708333333333,25138,0,0,437128.767857142857,20196.000000000000,378805,healthy
ATM_010,2023-02-28,328352,353077,341201.916666666667,25315,0,0,416160.994047619048,21769.857142857143,353667,healthy
ATM_010,2023-03-01,314067,328005,321307.541666666667,14285,0,0,394372.970238095238,21796.714285714286,328352,healthy
ATM_010,2023-03-02,299922,313691,307031.375000000000,14145,0,0,372561.321428571429,21807.285714285714,314067,healthy
ATM_010,2023-03-03,285767,299604,292969.833333333333,14155,0,0,350750.660714285714,21818.142857142857,299922,healthy
ATM_010,2023-03-04,264463,285325,275316.458333333333,21304,0,0,328942.321428571429,21815.142857142857,285767,healthy
ATM_010,2023-03-05,242901,263981,253863.458333333333,21562,0,0,308306.041666666667,19414.857142857143,264463,healthy
ATM_010,2023-03-06,228834,242579,235986.125000000000,14067,0,0,289668.101190476190,17833.285714285714,242901,healthy
ATM_010,2023-03-07,214667,228521,221834.041666666667,14167,0,0,272615.547619047619,16240.714285714286,228834,healthy
ATM_010,2023-03-08,200582,214330,207742.541666666667,14085,0,0,256391.976190476190,16212.142857142857,214667,healthy
ATM_010,2023-03-09,186549,200287,193676.666666666667,14033,0,0,240198.446428571429,16196.142857142857,200582,healthy
ATM_010,2023-03-10,172180,186236,179467.708333333333,14369,0,0,223983.857142857143,16226.714285714286,186549,healthy
ATM_010,2023-03-11,150974,171701,161737.708333333333,21206,0,0,207758.321428571429,16212.714285714286,172180,healthy
ATM_010,2023-03-12,129767,150486,140550.625000000000,21207,0,0,191570.773809523810,16162.000000000000,150974,healthy
ATM_010,2023-03-13,115673,129442,122833.291666666667,14094,0,0,175406.083333333333,16165.857142857143,129767,healthy
ATM_010,2023-03-14,101484,115361,108734.041666666667,14189,0,0,159248.940476190476,16169.000000000000,115673,healthy
ATM_010,2023-03-15,87344,101199,94530.250000000000,14140,0,0,143075.755952380952,16176.857142857143,101484,low
ATM_010,2023-03-16,73291,87044,80441.791666666667,14053,0,0,126899.345238095238,16179.714285714286,87344,low
ATM_010,2023-03-17,59058,72956,66301.416666666667,14233,0,0,110732.732142857143,16160.285714285714,73291,low
ATM_010,2023-03-18,50047,500000,274360.250000000000,21207,1,0,126821.666666666667,16160.428571428571,59058,low
ATM_010,2023-03-19,468237,488904,478976.708333333333,21146,0,0,175168.250000000000,16151.714285714286,50047,healthy
ATM_010,2023-03-20,454036,467913,461199.750000000000,14201,0,0,223506.315476190476,16167.000000000000,468237,healthy
ATM_010,2023-03-21,439596,453753,446929.791666666667,14440,0,0,271819.994047619048,16202.857142857143,454036,healthy
ATM_010,2023-03-22,425587,439299,432707.375000000000,14009,0,0,320131.011904761905,16184.142857142857,439596,healthy
ATM_010,2023-03-23,411220,425265,418472.916666666667,14367,0,0,368421.172619047619,16229.000000000000,425587,healthy
ATM_010,2023-03-24,396926,410866,404163.125000000000,14294,0,0,416687.130952380952,16237.714285714286,411220,healthy
ATM_010,2023-03-25,375532,396437,386391.583333333333,21394,0,0,432691.607142857143,16264.428571428571,396926,healthy
ATM_010,2023-03-26,337712,374689,356909.916666666667,37820,0,0,415253.494047619048,18646.428571428571,375532,healthy
ATM_010,2023-03-27,312175,337123,325137.750000000000,25537,0,0,395816.065476190476,20265.857142857143,337712,healthy
ATM_010,2023-03-28,286606,311580,299581.708333333333,25569,0,0,374766.339285714286,21855.714285714286,312175,healthy
ATM_010,2023-03-29,261066,286039,274038.833333333333,25540,0,0,352099.404761904762,23503.000000000000,286606,healthy
ATM_010,2023-03-30,235650,260484,248551.208333333333,25416,0,0,327824.875000000000,25081.428571428571,261066,healthy
ATM_010,2023-03-31,209982,235079,222963.708333333333,25668,0,0,301939.244047619047,26706.285714285714,235650,healthy
ATM_010,2023-04-01,188635,209484,199471.791666666667,21347,0,0,275236.416666666667,26699.571428571429,209982,healthy
ATM_010,2023-04-02,167481,188152,178182.000000000000,21154,0,0,249703.857142857143,24318.714285714286,188635,healthy
ATM_010,2023-04-03,153394,167164,160572.291666666667,14087,0,0,226194.505952380952,22683.000000000000,167481,healthy
ATM_010,2023-04-04,139050,153092,146351.958333333333,14344,0,0,204304.541666666667,21079.428571428571,153394,healthy
ATM_010,2023-04-05,125120,138736,132201.916666666667,13930,0,0,184042.125000000000,19420.857142857143,139050,healthy
ATM_010,2023-04-06,111115,124808,118211.375000000000,14005,0,0,165422.148809523810,17790.714285714286,125120,healthy
ATM_010,2023-04-07,96808,110790,104103.458333333333,14307,0,0,148442.113095238095,16167.714285714286,111115,low
ATM_010,2023-04-08,75385,96329,86239.333333333333,21423,0,0,132266.047619047619,16178.571428571429,96808,low
ATM_010,2023-04-09,54415,74936,65053.750000000000,20970,0,0,116104.869047619048,16152.285714285714,75385,low
ATM_010,2023-04-10,50479,500000,310291.333333333333,14166,1,0,137493.303571428571,16163.571428571429,54415,low
ATM_010,2023-04-11,476792,490555,483973.875000000000,14080,0,0,185725.005952380952,16125.857142857143,50479,healthy
ATM_010,2023-04-12,462516,476486,469750.500000000000,14276,0,0,233946.232142857143,16175.285714285714,476792,healthy
ATM_010,2023-04-13,448312,462209,455511.583333333333,14204,0,0,282131.976190476190,16203.714285714286,462516,healthy
ATM_010,2023-04-14,434000,448006,441291.125000000000,14312,0,0,330301.642857142857,16204.428571428571,448312,healthy
ATM_010,2023-04-15,412496,433530,423486.708333333333,21504,0,0,378479.839285714286,16216.000000000000,434000,healthy
ATM_010,2023-04-16,391377,412017,402087.041666666667,21119,0,0,426627.452380952381,16237.285714285714,412496,healthy
ATM_010,2023-04-17,377314,391033,384429.625000000000,14063,0,0,437218.636904761905,16222.571428571429,391377,healthy
ATM_010,2023-04-18,363096,377012,370313.541666666667,14218,0,0,420981.446428571429,16242.285714285714,377314,healthy
ATM_010,2023-04-19,348966,362779,356150.000000000000,14130,0,0,404752.803571428571,16221.428571428571,363096,healthy
ATM_010,2023-04-20,334812,348629,341953.000000000000,14154,0,0,388530.148809523810,16214.285714285714,348966,healthy
ATM_010,2023-04-21,320648,334509,327831.625000000000,14164,0,0,372321.648809523810,16193.142857142857,334812,healthy
ATM_010,2023-04-22,299378,320144,310136.708333333333,21270,0,0,356128.791666666667,16159.714285714286,320648,healthy
ATM_010,2023-04-23,278191,298911,288937.791666666667,21187,0,0,339964.613095238095,16169.428571428571,299378,healthy
ATM_010,2023-04-24,263913,277874,271151.500000000000,14278,0,0,323782.023809523810,16200.142857142857,278191,healthy
ATM_010,2023-04-25,249682,263589,256915.166666666667,14231,0,0,307582.255952380952,16202.000000000000,263913,healthy
ATM_010,2023-04-26,224162,249090,237154.166666666667,25520,0,0,290582.851190476191,17829.142857142857,249682,healthy
ATM_010,2023-04-27,198696,223552,211587.125000000000,25466,0,0,271959.154761904762,19445.142857142857,224162,healthy
ATM_010,2023-04-28,173443,198126,186339.833333333333,25253,0,0,251746.041666666667,21029.285714285714,198696,healthy
ATM_010,2023-04-29,135190,172627,154614.083333333333,38253,0,0,229528.523809523810,23455.428571428571,173443,healthy
ATM_010,2023-04-30,96803,134316,116320.250000000000,38387,0,0,204868.875000000000,25912.571428571429,135190,low
ATM_010,2023-05-01,82484,96474,89741.500000000000,14319,0,0,178953.160714285714,25918.428571428571,96803,low
ATM_010,2023-05-02,68115,82167,75368.208333333333,14369,0,0,153017.880952380952,25938.142857142857,82484,low
ATM_010,2023-05-03,54020,67786,61148.041666666667,14095,0,0,127874.148809523809,24306.000000000000,68115,low
ATM_010,2023-05-04,50033,500000,310044.958333333333,14362,1,0,141939.553571428571,22719.714285714286,54020,low
ATM_010,2023-05-05,476496,490325,483676.208333333333,14144,0,0,184416.178571428571,21132.714285714286,50033,healthy
ATM_010,2023-05-06,455216,476035,466073.625000000000,21280,0,0,228910.398809523809,18708.000000000000,476496,healthy
ATM_010,2023-05-07,433758,454715,444669.500000000000,21458,0,0,275817.434523809524,16289.571428571429,455216,healthy
ATM_010,2023-05-08,419474,433419,426724.666666666667,14284,0,0,323957.886904761905,16284.571428571429,433758,healthy
ATM_010,2023-05-09,405344,419155,412527.833333333333,14130,0,0,372123.547619047619,16250.428571428571,419474,healthy
ATM_010,2023-05-10,391217,405020,398411.041666666667,14127,0,0,420303.976190476190,16255.000000000000,405344,healthy
ATM_010,2023-05-11,377181,390920,384298.958333333333,14036,0,0,430911.690476190476,16208.428571428571,391217,healthy
ATM_010,2023-05-12,363039,376877,370225.333333333333,14142,0,0,414704.422619047619,16208.142857142857,377181,healthy
ATM_010,2023-05-13,341510,362555,352448.375000000000,21529,0,0,398472.244047619048,16243.714285714286,363039,healthy
ATM_010,2023-05-14,320215,341065,331043.833333333333,21295,0,0,382240.005952380952,16220.428571428571,341510,healthy
ATM_010,2023-05-15,305770,319874,313110.958333333333,14445,0,0,366009.476190476190,16243.428571428571,320215,healthy
ATM_010,2023-05-16,291560,305444,298770.583333333333,14210,0,0,349758.440476190476,16254.857142857143,305770,healthy
ATM_010,2023-05-17,277461,291261,284640.583333333333,14099,0,0,333505.517857142857,16250.857142857143,291560,healthy
ATM_010,2023-05-18,263470,277150,270574.916666666667,13991,0,0,317259.226190476190,16244.428571428571,277461,healthy
ATM_010,2023-05-19,249306,263172,256508.500000000000,14164,0,0,301013.964285714286,16247.571428571429,263470,healthy
ATM_010,2023-05-20,228364,248835,238991.708333333333,20942,0,0,284805.869047619047,16163.714285714286,249306,healthy
ATM_010,2023-05-21,207041,227861,217896.375000000000,21323,0,0,268641.946428571428,16167.714285714286,228364,healthy
ATM_010,2023-05-22,192629,206732,199986.125000000000,14412,0,0,252481.255952380952,16163.000000000000,207041,healthy
ATM_010,2023-05-23,178346,192293,185583.333333333333,14283,0,0,236311.648809523809,16173.428571428571,192629,healthy
ATM_010,2023-05-24,164400,178025,171417.166666666667,13946,0,0,220136.875000000000,16151.571428571429,178346,healthy
ATM_010,2023-05-25,150366,164089,157524.875000000000,14034,0,0,203986.869047619048,16157.714285714286,164400,healthy
ATM_010,2023-05-26,124965,149761,137871.208333333333,25401,0,0,187038.684523809524,17763.000000000000,150366,healthy
ATM_010,2023-05-27,86537,124124,106106.166666666667,38428,0,0,168055.035714285714,20261.000000000000,124965,low
ATM_010,2023-05-28,50582,500000,105492.958333333333,37685,1,0,151997.404761904762,22598.428571428571,86537,low
ATM_010,2023-05-29,473552,498517,486538.083333333333,25579,0,0,192933.398809523809,24193.714285714286,50582,healthy
ATM_010,2023-05-30,448043,472994,460984.750000000000,25509,0,0,232276.458333333333,25797.428571428571,473552,healthy
ATM_010,2023-05-31,422726,447458,435523.583333333333,25317,0,0,270005.946428571428,27421.857142857143,448043,healthy
ATM_010,2023-06-01,408531,422406,415761.416666666667,14195,0,0,306896.880952380952,27444.857142857143,422726,healthy
ATM_010,2023-06-02,394534,408209,401664.166666666667,13997,0,0,344581.589285714286,25815.714285714286,408531,healthy
ATM_010,2023-06-03,373545,394080,384194.958333333333,20989,0,0,384308.559523809524,23324.428571428571,394534,healthy
ATM_010,2023-06-04,352461,373068,363158.583333333333,21084,0,0,421117.934523809524,20952.857142857143,373545,healthy
ATM_010,2023-06-05,338333,352141,345477.291666666667,14128,0,0,400966.392857142857,19317.000000000000,352461,healthy
ATM_010,2023-06-06,324373,338005,331438.333333333333,13960,0,0,382459.761904761905,17667.142857142857,338333,healthy
ATM_010,2023-06-07,310464,324043,317522.416666666667,13909,0,0,365602.452380952381,16037.428571428571,324373,healthy
ATM_010,2023-06-08,296393,310126,303553.375000000000,14071,0,0,349572.732142857143,16019.714285714286,310464,healthy
ATM_010,2023-06-09,282330,296092,289487.833333333333,14063,0,0,333547.541666666667,16029.142857142857,296393,healthy
ATM_010,2023-06-10,261215,281897,271996.666666666667,21115,0,0,317519.214285714286,16047.142857142857,282330,healthy
ATM_010,2023-06-11,240195,260747,250877.125000000000,21020,0,0,301479.005952380952,16038.000000000000,261215,healthy
ATM_010,2023-06-12,225850,239872,233125.083333333333,14345,0,0,285428.690476190476,16069.000000000000,240195,healthy
ATM_010,2023-06-13,211690,225533,218928.791666666667,14160,0,0,269355.898809523810,16097.571428571429,225850,healthy
ATM_010,2023-06-14,197731,211376,204805.250000000000,13959,0,0,253253.446428571429,16104.714285714286,211690,healthy
ATM_010,2023-06-15,183629,197426,190790.625000000000,14102,0,0,237144.482142857143,16109.142857142857,197731,healthy
ATM_010,2023-06-16,169428,183345,176694.541666666667,14201,0,0,221031.154761904762,16128.857142857143,183629,healthy
ATM_010,2023-06-17,148256,168929,158982.208333333333,21172,0,0,204886.232142857143,16137.000000000000,169428,healthy
ATM_010,2023-06-18,126971,147807,137801.000000000000,21285,0,0,188732.500000000000,16174.857142857143,148256,healthy
ATM_010,2023-06-19,112907,126659,120006.750000000000,14064,0,0,172572.738095238095,16134.714285714286,126971,healthy
ATM_010,2023-06-20,98858,112603,106007.166666666667,14049,0,0,156441.077380952381,16118.857142857143,112907,low
ATM_010,2023-06-21,84560,98557,91800.833333333333,14298,0,0,140297.589285714286,16167.285714285714,98858,low
ATM_010,2023-06-22,70403,84237,77605.791666666667,14157,0,0,124128.327380952381,16175.142857142857,84560,low
ATM_010,2023-06-23,56182,70054,63426.041666666667,14221,0,0,107947.113095238095,16178.000000000000,70403,low
ATM_010,2023-06-24,50193,500000,308987.291666666667,21160,1,0,129376.410714285714,16176.285714285714,56182,low
ATM_010,2023-06-25,465038,485955,475879.333333333333,21366,0,0,177673.315476190476,16187.857142857143,50193,healthy
ATM_010,2023-06-26,439383,464498,452393.958333333333,25655,0,0,225157.202380952381,17843.714285714286,465038,healthy
ATM_010,2023-06-27,413980,438767,426859.666666666667,25403,0,0,270993.273809523810,19465.714285714286,439383,healthy
ATM_010,2023-06-28,388234,413424,401315.291666666667,25746,0,0,315209.625000000000,21101.142857142857,413980,healthy
ATM_010,2023-06-29,362742,387634,375685.583333333333,25492,0,0,357792.452380952381,22720.428571428571,388234,healthy
ATM_010,2023-06-30,337303,362149,350213.875000000000,25439,0,0,398762.142857142857,24323.000000000000,362742,healthy
ATM_010,2023-07-01,315988,336840,326793.625000000000,21315,0,0,401305.904761904762,24345.142857142857,337303,healthy
ATM_010,2023-07-02,294484,315488,305401.750000000000,21504,0,0,376951.964285714286,24364.857142857143,315988,healthy
ATM_010,2023-07-03,280301,294179,287541.375000000000,14183,0,0,353401.595238095238,22726.000000000000,294484,healthy
ATM_010,2023-07-04,266247,279984,273399.458333333333,14054,0,0,331478.708333333333,21104.714285714286,280301,healthy
ATM_010,2023-07-05,252160,265949,259353.333333333333,14087,0,0,311198.428571428571,19439.142857142857,266247,healthy
ATM_010,2023-07-06,238003,251830,245150.208333333333,14157,0,0,292550.517857142857,17819.857142857143,252160,healthy
ATM_010,2023-07-07,223917,237691,231081.166666666667,14086,0,0,275531.559523809524,16198.000000000000,238003,healthy
ATM_010,2023-07-08,202742,223421,213509.041666666667,21175,0,0,259348.047619047619,16178.000000000000,223917,healthy
ATM_010,2023-07-09,181410,202254,192280.666666666667,21332,0,0,243187.892857142857,16153.428571428571,202742,healthy
ATM_010,2023-07-10,167221,181082,174427.125000000000,14189,0,0,227028.714285714286,16154.285714285714,181410,healthy
ATM_010,2023-07-11,152891,166915,160205.666666666667,14330,0,0,210858.172619047619,16193.714285714286,167221,healthy
ATM_010,2023-07-12,138648,152562,145857.541666666667,14243,0,0,194644.488095238095,16216.000000000000,152891,healthy
ATM_010,2023-07-13,124437,138333,131634.458333333333,14211,0,0,178427.952380952381,16223.714285714286,138648,healthy
ATM_010,2023-07-14,110375,124145,117498.458333333333,14062,0,0,162201.851190476191,16220.285714285714,124437,healthy
ATM_010,2023-07-15,89164,109931,99946.000000000000,21211,0,0,145978.559523809524,16225.428571428571,110375,low
ATM_010,2023-07-16,68084,88721,78758.000000000000,21080,0,0,129761.035714285714,16189.428571428571,89164,low
ATM_010,2023-07-17,54001,67780,61144.708333333333,14083,0,0,113577.833333333333,16174.285714285714,68084,low
ATM_010,2023-07-18,50029,500000,310148.708333333333,14068,1,0,134998.267857142857,16136.857142857143,54001,low
ATM_010,2023-07-19,476981,490644,484043.041666666667,13954,0,0,183310.482142857143,16095.571428571429,50029,healthy
ATM_010,2023-07-20,462847,476668,469991.875000000000,14134,0,0,231647.255952380952,16084.571428571429,476981,healthy
ATM_010,2023-07-21,448674,462512,455868.458333333333,14173,0,0,279985.827380952381,16100.428571428571,462847,healthy
ATM_010,2023-07-22,427365,448205,438167.833333333333,21309,0,0,328303.232142857143,16114.428571428571,448674,healthy
ATM_010,2023-07-23,405991,426837,416791.041666666667,21374,0,0,376593.666666666667,16156.428571428571,427365,healthy
ATM_010,2023-07-24,391722,405674,398995.208333333333,14269,0,0,424858.023809523809,16183.000000000000,405991,healthy
ATM_010,2023-07-25,377550,391402,384752.500000000000,14172,0,0,435515.708333333333,16197.857142857143,391722,healthy
ATM_010,2023-07-26,352216,376991,365051.041666666667,25334,0,0,418516.851190476190,17823.571428571429,377550,healthy
ATM_010,2023-07-27,326815,351638,339711.833333333333,25401,0,0,399905.416666666667,19433.142857142857,352216,healthy
ATM_010,2023-07-28,301406,326224,314332.416666666667,25409,0,0,379685.982142857143,21038.285714285714,326815,healthy
ATM_010,2023-07-29,263292,300541,282577.041666666667,38114,0,0,357458.726190476191,23439.000000000000,301406,healthy
ATM_010,2023-07-30,224774,262425,244313.833333333333,38518,0,0,332819.125000000000,25888.142857142857,263292,healthy
ATM_010,2023-07-31,199066,224172,212129.875000000000,25708,0,0,306124.077380952381,27522.285714285714,224774,healthy
ATM_010,2023-08-01,184995,198728,192159.250000000000,14071,0,0,278610.755952380952,27507.857142857143,199066,healthy
ATM_010,2023-08-02,170693,184662,177919.833333333333,14302,0,0,251877.726190476190,25931.857142857143,184995,healthy
ATM_010,2023-08-03,156595,170371,163752.708333333333,14098,0,0,226740.708333333333,24317.142857142857,170693,healthy
ATM_010,2023-08-04,142456,156239,149600.083333333333,14139,0,0,203207.517857142857,22707.142857142857,156595,healthy
ATM_010,2023-08-05,121405,141977,132083.208333333333,21051,0,0,181708.398809523809,20269.571428571429,142456,healthy
ATM_010,2023-08-06,100006,120922,110878.125000000000,21399,0,0,162646.154761904762,17824.000000000000,121405,healthy
ATM_010,2023-08-07,85861,99724,93078.500000000000,14145,0,0,145638.815476190476,16172.142857142857,100006,low
ATM_010,2023-08-08,71588,85541,78873.083333333333,14273,0,0,129455.077380952381,16201.000000000000,85861,low
ATM_010,2023-08-09,57473,71273,64638.041666666667,14115,0,0,113271.964285714286,16174.285714285714,71588,low
ATM_010,2023-08-10,50348,500000,256998.958333333333,14237,1,0,126592.857142857143,16194.142857142857,57473,low
ATM_010,2023-08-11,479884,493625,486992.083333333333,14045,0,0,174791.714285714286,16180.714285714286,50348,healthy
ATM_010,2023-08-12,458748,479416,469565.833333333333,21136,0,0,223003.517857142857,16192.857142857143,479884,healthy
ATM_010,2023-08-13,437529,458226,448271.125000000000,21219,0,0,271202.517857142857,16167.142857142857,458748,healthy
ATM_010,2023-08-14,423350,437205,430548.333333333333,14179,0,0,319412.494047619047,16172.000000000000,437529,healthy
ATM_010,2023-08-15,409353,423051,416470.458333333333,13997,0,0,367640.690476190476,16132.571428571429,423350,healthy
ATM_010,2023-08-16,395219,409065,402447.875000000000,14134,0,0,415899.238095238095,16135.285714285714,409353,healthy
ATM_010,2023-08-17,381271,394902,388361.833333333333,13948,0,0,434665.363095238095,16094.000000000000,395219,healthy
ATM_010,2023-08-18,366988,380976,374235.916666666667,14283,0,0,418557.339285714286,16128.000000000000,381271,healthy
ATM_010,2023-08-19,345975,366519,356640.125000000000,21013,0,0,402425.095238095238,16110.428571428571,366988,healthy
ATM_010,2023-08-20,324771,345470,335509.166666666667,21204,0,0,386316.244047619048,16108.285714285714,345975,healthy
ATM_010,2023-08-21,310726,324432,317845.250000000000,14045,0,0,370215.803571428571,16089.142857142857,324771,healthy
ATM_010,2023-08-22,296566,310409,303751.916666666667,14160,0,0,354113.154761904762,16112.428571428571,310726,healthy
ATM_010,2023-08-23,282527,296242,289663.500000000000,14039,0,0,338001.101190476191,16098.857142857143,296566,healthy
ATM_010,2023-08-24,268364,282231,275563.750000000000,14163,0,0,321887.089285714286,16129.571428571429,282527,healthy
ATM_010,2023-08-25,254276,268061,261425.083333333333,14088,0,0,305771.255952380952,16101.714285714286,268364,healthy
ATM_010,2023-08-26,216011,253359,235297.625000000000,38265,0,0,288436.613095238095,18566.285714285714,254276,healthy
ATM_010,2023-08-27,178026,215123,197319.458333333333,37985,0,0,268695.226190476190,20963.571428571429,216011,healthy
ATM_010,2023-08-28,152521,177401,165466.166666666667,25505,0,0,246926.785714285714,22600.714285714286,178026,healthy
ATM_010,2023-08-29,126896,151896,139894.000000000000,25625,0,0,223518.511904761905,24238.571428571429,152521,healthy
ATM_010,2023-08-30,101347,126300,114329.291666666667,25549,0,0,198470.767857142857,25882.857142857143,126896,healthy
ATM_010,2023-08-31,75758,100776,88875.666666666667,25589,0,0,171801.041666666667,27515.142857142857,101347,low
ATM_010,2023-09-01,61330,75397,68611.125000000000,14428,0,0,144256.190476190476,27563.714285714286,75758,low
ATM_010,2023-09-02,50779,500000,257533.750000000000,21111,1,0,147432.779761904762,25113.142857142857,61330,low
ATM_010,2023-09-03,469720,490453,480472.583333333333,21205,0,0,187883.226190476191,22716.000000000000,50779,healthy
ATM_010,2023-09-04,455881,469402,462901.083333333333,13839,0,0,230373.928571428571,21049.428571428571,469720,healthy
ATM_010,2023-09-05,441586,455542,448839.750000000000,14295,0,0,274509.035714285714,19430.857142857143,455881,healthy
ATM_010,2023-09-06,427335,441248,434558.291666666667,14251,0,0,320256.035714285714,17816.857142857143,441586,healthy
ATM_010,2023-09-07,413275,427030,420418.750000000000,14060,0,0,367619.333333333333,16169.857142857143,427335,healthy
ATM_010,2023-09-08,399007,412959,406253.541666666667,14268,0,0,415853.964285714286,16147.000000000000,413275,healthy
ATM_010,2023-09-09,378031,398479,388621.291666666667,20976,0,0,434580.755952380952,16127.714285714286,399007,healthy
ATM_010,2023-09-10,356706,377550,367481.625000000000,21325,0,0,418439.190476190476,16144.857142857143,378031,healthy
ATM_010,2023-09-11,342498,356352,349722.416666666667,14208,0,0,402270.809523809524,16197.571428571429,356706,healthy
ATM_010,2023-09-12,328039,342207,335361.541666666667,14459,0,0,386059.636904761905,16221.000000000000,342498,healthy
ATM_010,2023-09-13,314191,327709,321177.208333333333,13848,0,0,369862.339285714286,16163.428571428571,328039,healthy
ATM_010,2023-09-14,300106,313872,307253.125000000000,14085,0,0,353695.821428571429,16167.000000000000,314191,healthy
ATM_010,2023-09-15,286148,299783,293235.375000000000,13958,0,0,337550.369047619048,16122.714285714286,300106,healthy
ATM_010,2023-09-16,264571,285657,275528.166666666667,21577,0,0,321394.208333333333,16208.571428571429,286148,healthy
ATM_010,2023-09-17,243619,264064,254269.500000000000,20952,0,0,305221.047619047619,16155.285714285714,264571,healthy
ATM_010,2023-09-18,229346,243295,236619.791666666667,14273,0,0,289063.529761904762,16164.571428571429,243619,healthy
ATM_010,2023-09-19,215053,229029,222329.583333333333,14293,0,0,272916.107142857143,16140.857142857143,229346,healthy
ATM_010,2023-09-20,200712,214741,207953.791666666667,14341,0,0,256741.333333333333,16211.285714285714,215053,healthy
ATM_010,2023-09-21,186527,200398,193750.708333333333,14185,0,0,240526.702380952381,16225.571428571429,200712,healthy
ATM_010,2023-09-22,172294,186196,179493.875000000000,14233,0,0,224277.916666666667,16264.857142857143,186527,healthy
ATM_010,2023-09-23,150824,171806,161801.708333333333,21470,0,0,208031.279761904762,16249.571428571429,172294,healthy
ATM_010,2023-09-24,129460,150319,140296.458333333333,21364,0,0,191749.416666666667,16308.428571428571,150824,healthy
ATM_010,2023-09-25,115280,129160,122503.708333333333,14180,0,0,175447.119047619047,16295.142857142857,129460,healthy
ATM_010,2023-09-26,89795,114723,102736.750000000000,25485,0,0,158362.428571428571,17894.000000000000,115280,low
ATM_010,2023-09-27,64191,89229,77204.958333333333,25604,0,0,139684.023809523809,19503.000000000000,89795,low
ATM_010,2023-09-28,51659,500000,258104.625000000000,25431,1,0,148877.440476190476,21109.571428571429,64191,low
ATM_010,2023-09-29,463491,488472,476536.916666666667,25524,0,0,191312.160714285714,22722.571428571429,51659,healthy
ATM_010,2023-09-30,425186,462627,444584.333333333333,38305,0,0,231709.678571428571,25127.571428571429,463491,healthy
ATM_010,2023-10-01,404135,424738,414799.041666666667,21051,0,0,270924.333333333333,25082.857142857143,425186,healthy
ATM_010,2023-10-02,390088,403818,397214.416666666667,14047,0,0,310168.720238095238,25063.857142857143,404135,healthy
ATM_010,2023-10-03,375848,389794,383067.333333333333,14240,0,0,350215.946428571429,23457.428571428571,390088,healthy
ATM_010,2023-10-04,361732,375538,368944.916666666667,14116,0,0,391893.083333333333,21816.285714285714,375848,healthy
ATM_010,2023-10-05,347543,361421,354753.833333333333,14189,0,0,405700.113095238095,20210.285714285714,361732,healthy
ATM_010,2023-10-06,333382,347230,340540.750000000000,14161,0,0,386272.089285714286,18587.000000000000,347543,healthy
ATM_010,2023-10-07,312186,332943,322905.666666666667,21196,0,0,368889.422619047619,16142.857142857143,333382,healthy
ATM_010,2023-10-08,290798,311736,301680.333333333333,21388,0,0,352729.607142857143,16191.000000000000,312186,healthy
ATM_010,2023-10-09,276632,290505,283850.041666666667,14166,0,0,336534.696428571429,16208.000000000000,290798,healthy
ATM_010,2023-10-10,262693,276323,269778.291666666667,13939,0,0,320350.547619047619,16165.000000000000,276632,healthy
ATM_010,2023-10-11,248402,262397,255721.500000000000,14291,0,0,304175.773809523810,16190.000000000000,262693,healthy
ATM_010,2023-10-12,234300,248080,241469.625000000000,14102,0,0,287992.315476190476,16177.571428571429,248402,healthy
ATM_010,2023-10-13,220290,233991,227435.458333333333,14010,0,0,271834.416666666667,16156.000000000000,234300,healthy
ATM_010,2023-10-14,199326,219842,210014.666666666667,20964,0,0,255707.130952380952,16122.857142857143,220290,healthy
ATM_010,2023-10-15,178104,198863,188902.541666666667,21222,0,0,239596.017857142857,16099.142857142857,199326,healthy
ATM_010,2023-10-16,163970,177788,171144.916666666667,14134,0,0,223495.285714285714,16094.571428571429,178104,healthy
ATM_010,2023-10-17,149889,163642,157031.625000000000,14081,0,0,207388.619047619048,16114.857142857143,163970,healthy
ATM_010,2023-10-18,135894,149568,142970.041666666667,13995,0,0,191281.267857142857,16072.571428571429,149889,healthy
ATM_010,2023-10-19,121961,135600,129030.041666666667,13933,0,0,175218.470238095238,16048.428571428571,135894,healthy
ATM_010,2023-10-20,107711,121665,114958.541666666667,14250,0,0,159150.339285714286,16082.714285714286,121961,healthy
ATM_010,2023-10-21,86533,107221,97271.000000000000,21178,0,0,143044.101190476191,16113.285714285714,107711,low
ATM_010,2023-10-22,65269,86068,76070.833333333333,21264,0,0,126925.285714285714,16119.285714285714,86533,low
ATM_010,2023-10-23,51094,64957,58296.541666666667,14175,0,0,110804.089285714286,16125.142857142857,65269,low
ATM_010,2023-10-24,50089,500000,437984.833333333333,14356,1,0,150940.261904761905,16164.428571428571,51094,low
ATM_010,2023-10-25,472724,486631,479955.083333333333,14239,0,0,199080.982142857143,16199.285714285714,50089,healthy
ATM_010,2023-10-26,447409,472154,460201.333333333333,25315,0,0,246391.166666666667,17825.285714285714,472724,healthy
ATM_010,2023-10-27,422018,446839,434986.041666666667,25391,0,0,292109.380952380952,19416.857142857143,447409,healthy
ATM_010,2023-10-28,384147,421111,403388.166666666667,37871,0,0,335840.404761904762,21801.571428571429,422018,healthy
ATM_010,2023-10-29,345874,383263,365266.708333333333,38273,0,0,377154.101190476190,24231.428571428571,384147,healthy
ATM_010,2023-10-30,320494,345266,333426.291666666667,25380,0,0,416458.351190476190,25832.142857142857,345874,healthy
ATM_010,2023-10-31,294812,319884,307857.708333333333,25682,0,0,397868.761904761905,27450.142857142857,320494,healthy
ATM_010,2023-11-01,280598,294488,287795.208333333333,14214,0,0,370417.351190476190,27446.571428571429,294812,healthy
ATM_010,2023-11-02,266357,280270,273570.333333333333,14241,0,0,343755.779761904762,25864.571428571429,280598,healthy
ATM_010,2023-11-03,252013,266053,259284.208333333333,14344,0,0,318655.517857142857,24286.428571428571,266357,healthy
ATM_010,2023-11-04,230817,251557,241597.250000000000,21196,0,0,295542.529761904762,21904.285714285714,252013,healthy
ATM_010,2023-11-05,209721,230332,220398.208333333333,21096,0,0,274847.029761904762,19450.428571428571,230817,healthy
ATM_010,2023-11-06,195667,209382,202773.000000000000,14054,0,0,256182.273809523809,17832.428571428571,209721,healthy
ATM_010,2023-11-07,181397,195339,188672.000000000000,14270,0,0,239155.744047619047,16202.142857142857,195667,healthy
ATM_010,2023-11-08,167192,181074,174431.375000000000,14205,0,0,222960.910714285714,16200.857142857143,181397,healthy
ATM_010,2023-11-09,153073,166896,160266.333333333333,14119,0,0,206774.625000000000,16183.428571428571,167192,healthy
ATM_010,2023-11-10,139033,152768,146143.291666666667,14040,0,0,190611.636904761905,16140.000000000000,153073,healthy
ATM_010,2023-11-11,117691,138562,128495.416666666667,21342,0,0,174454.232142857143,16160.857142857143,139033,healthy
ATM_010,2023-11-12,96528,117230,107318.250000000000,21163,0,0,158299.952380952381,16170.428571428571,117691,low
ATM_010,2023-11-13,82420,96237,89623.875000000000,14108,0,0,142135.791666666667,16178.142857142857,96528,low
ATM_010,2023-11-14,68095,82122,75398.083333333333,14325,0,0,125953.803571428571,16186.000000000000,82420,low
ATM_010,2023-11-15,53738,67774,61038.541666666667,14357,0,0,109754.827380952381,16207.714285714286,68095,low
ATM_010,2023-11-16,50769,500000,328104.000000000000,14270,1,0,133731.636904761905,16229.285714285714,53738,low
ATM_010,2023-11-17,475572,489445,482769.125000000000,14195,0,0,181821.041666666667,16251.428571428571,50769,healthy
ATM_010,2023-11-18,454244,475111,465120.708333333333,21328,0,0,229910.369047619048,16249.428571428571,475572,healthy
ATM_010,2023-11-19,432939,453750,443749.708333333333,21305,0,0,277972.005952380952,16269.714285714286,454244,healthy
ATM_010,2023-11-20,418863,432638,426011.625000000000,14076,0,0,326027.398809523809,16265.142857142857,432939,healthy
ATM_010,2023-11-21,404640,418544,411883.166666666667,14223,0,0,374096.696428571429,16250.571428571429,418863,healthy
ATM_010,2023-11-22,390382,404319,397595.375000000000,14258,0,0,422176.244047619048,16236.428571428571,404640,healthy
ATM_010,2023-11-23,376051,390067,383341.958333333333,14331,0,0,430067.380952380952,16245.142857142857,390382,healthy
ATM_010,2023-11-24,361959,375740,369108.000000000000,14092,0,0,413830.077380952381,16230.428571428571,376051,healthy
ATM_010,2023-11-25,340873,361470,351552.583333333333,21086,0,0,397606.059523809524,16195.857142857143,361959,healthy
ATM_010,2023-11-26,303024,340060,322219.125000000000,37849,0,0,380244.547619047619,18559.285714285714,340873,healthy
ATM_010,2023-11-27,277474,302465,290491.791666666667,25550,0,0,360884.571428571429,20198.428571428571,303024,healthy
ATM_010,2023-11-28,252020,276879,264947.041666666667,25454,0,0,339893.696428571429,21802.857142857143,277474,healthy
ATM_010,2023-11-29,226271,251450,239328.541666666667,25749,0,0,317284.148809523810,23444.428571428571,252020,healthy
ATM_010,2023-11-30,200836,225652,213785.375000000000,25435,0,0,293061.779761904762,25030.714285714286,226271,healthy
ATM_010,2023-12-01,186544,200536,193845.583333333333,14292,0,0,268024.291666666667,25059.285714285714,200836,healthy
ATM_010,2023-12-02,165134,186072,176038.958333333333,21410,0,0,242950.916666666667,25105.571428571429,186544,healthy
ATM_010,2023-12-03,143839,164654,154580.583333333333,21295,0,0,219002.553571428571,22740.714285714286,165134,healthy
ATM_010,2023-12-04,129690,143503,136832.250000000000,14149,0,0,197051.190476190476,21112.000000000000,143839,healthy
ATM_010,2023-12-05,115658,129367,122796.041666666667,14032,0,0,176743.904761904762,19480.285714285714,129690,healthy
ATM_010,2023-12-06,101365,115360,108621.041666666667,14293,0,0,158071.404761904762,17843.714285714286,115658,healthy
ATM_010,2023-12-07,87325,101056,94425.958333333333,14040,0,0,141020.059523809524,16215.857142857143,101365,low
ATM_010,2023-12-08,72986,87009,80269.708333333333,14339,0,0,124794.934523809524,16222.571428571429,87325,low
ATM_010,2023-12-09,51632,72506,62452.291666666667,21354,0,0,108568.267857142857,16214.571428571429,72986,low
ATM_010,2023-12-10,50210,500000,435298.166666666667,21105,1,0,148670.779761904762,16187.428571428571,51632,low
ATM_010,2023-12-11,466776,480473,473879.458333333333,14002,0,0,196820.380952380952,16166.428571428571,50210,healthy
ATM_010,2023-12-12,452633,466455,459798.125000000000,14143,0,0,244963.535714285714,16182.285714285714,466776,healthy
ATM_010,2023-12-13,438435,452307,445629.083333333333,14198,0,0,293107.541666666667,16168.714285714286,452633,healthy
ATM_010,2023-12-14,424357,438109,431504.666666666667,14078,0,0,341261.642857142857,16174.142857142857,438435,healthy
ATM_010,2023-12-15,410215,424074,417414.416666666667,14142,0,0,389425.172619047619,16146.000000000000,424357,healthy
ATM_010,2023-12-16,389072,409725,399815.958333333333,21143,0,0,437619.982142857143,16115.857142857143,410215,healthy
ATM_010,2023-12-17,367953,388584,378630.583333333333,21119,0,0,429524.613095238095,16117.857142857143,389072,healthy
ATM_010,2023-12-18,353769,367634,360988.583333333333,14184,0,0,413397.345238095238,16143.857142857143,367953,healthy
ATM_010,2023-12-19,339850,353473,346956.458333333333,13919,0,0,397277.107142857143,16111.857142857143,353769,healthy
ATM_010,2023-12-20,325612,339538,332816.375000000000,14238,0,0,381161.005952380952,16117.571428571429,339850,healthy
ATM_010,2023-12-21,311283,325254,318539.500000000000,14329,0,0,365023.125000000000,16153.428571428571,325612,healthy
ATM_010,2023-12-22,297191,310936,304299.833333333333,14092,0,0,348863.898809523809,16146.285714285714,311283,healthy
ATM_010,2023-12-23,276384,296708,286898.500000000000,20807,0,0,332732.833333333333,16098.285714285714,297191,healthy
ATM_010,2023-12-24,255083,275890,265895.750000000000,21301,0,0,316627.857142857143,16124.285714285714,276384,healthy
ATM_010,2023-12-25,240926,254781,248100.666666666667,14157,0,0,300501.011904761905,16120.428571428571,255083,healthy
ATM_010,2023-12-26,215601,240353,228479.041666666667,25325,0,0,283575.666666666667,17749.857142857143,240926,healthy
ATM_010,2023-12-27,189970,215026,203011.541666666667,25631,0,0,265032.119047619048,19377.428571428571,215601,healthy
ATM_010,2023-12-28,164443,189385,177411.833333333333,25527,0,0,244871.023809523810,20977.142857142857,189970,healthy
ATM_010,2023-12-29,139056,163834,151920.375000000000,25387,0,0,223102.529761904762,22590.714285714286,164443,healthy
ATM_010,2023-12-30,101065,138241,120433.416666666667,37991,0,0,199321.803571428572,25045.571428571429,139056,healthy
ATM_010,2023-12-31,100218,100218,100218.000000000000,847,0,0,175653.553571428572,22123.571428571429,101065,healthy
ATM_011,2023-01-01,478552,499511,489437.958333333333,21448,0,0,489437.958333333333,21448.000000000000,,healthy
ATM_011,2023-01-02,464385,478214,471549.916666666667,14167,0,0,480493.937500000000,17807.500000000000,478552,healthy
ATM_011,2023-01-03,450273,464031,457410.625000000000,14112,0,0,472799.500000000000,16575.666666666667,464385,healthy
ATM_011,2023-01-04,436040,449966,443311.083333333333,14233,0,0,465427.395833333333,15990.000000000000,450273,healthy
ATM_011,2023-01-05,421994,435679,429048.333333333333,14046,0,0,458151.583333333333,15601.200000000000,436040,healthy
ATM_011,2023-01-06,407629,421662,414947.083333333333,14365,0,0,450950.833333333333,15395.166666666667,421994,healthy
ATM_011,2023-01-07,386292,407136,397121.208333333333,21337,0,0,443260.886904761905,16244.000000000000,407629,healthy
ATM_011,2023-01-08,364801,385758,375728.500000000000,21491,0,0,427016.678571428571,16250.142857142857,386292,healthy
ATM_011,2023-01-09,350551,364473,357745.291666666667,14250,0,0,410758.875000000000,16262.000000000000,364801,healthy
ATM_011,2023-01-10,336425,350236,343628.916666666667,14126,0,0,394504.345238095238,16264.000000000000,350551,healthy
ATM_011,2023-01-11,322183,336116,329444.041666666667,14242,0,0,378237.625000000000,16265.285714285714,336425,healthy
ATM_011,2023-01-12,308065,321866,315214.625000000000,14118,0,0,361975.666666666667,16275.571428571429,322183,healthy
ATM_011,2023-01-13,293916,307751,301078.291666666667,14149,0,0,345708.696428571429,16244.714285714286,308065,healthy
ATM_011,2023-01-14,272550,293400,283370.458333333333,21366,0,0,329458.589285714286,16248.857142857143,293916,healthy
ATM_011,2023-01-15,251187,272052,261944.166666666667,21363,0,0,313203.684523809524,16230.571428571429,272550,healthy
ATM_011,2023-01-16,237111,250873,244325.833333333333,14076,0,0,297000.904761904762,16205.714285714286,251187,healthy
ATM_011,2023-01-17,222890,236795,230081.458333333333,14221,0,0,280779.839285714286,16219.285714285714,237111,healthy
ATM_011,2023-01-18,208717,222531,215881.333333333333,14173,0,0,264556.595238095238,16209.428571428571,222890,healthy
ATM_011,2023-01-19,194651,208408,201796.541666666667,14066,0,0,248354.011904761905,16202.000000000000,208717,healthy
ATM_011,2023-01-20,180402,194328,187634.583333333333,14249,0,0,232147.767857142857,16216.285714285714,194651,healthy
ATM_011,2023-01-21,159089,179943,169918.125000000000,21313,0,0,215940.291666666667,16208.714285714286,180402,healthy
ATM_011,2023-01-22,137813,158632,148625.791666666667,21276,0,0,199751.952380952381,16196.285714285714,159089,healthy
ATM_011,2023-01-23,123618,137480,130865.333333333333,14195,0,0,183543.309523809524,16213.285714285714,137813,healthy
ATM_011,2023-01-24,109239,123304,116481.458333333333,14379,0,0,167314.738095238095,16235.857142857143,123618,healthy
ATM_011,2023-01-25,95140,108908,102304.125000000000,14099,0,0,151089.422619047619,16225.285714285714,109239,low
ATM_011,2023-01-26,69537,94539,82553.041666666667,25603,0,0,134054.636904761905,17873.428571428571,95140,low
ATM_011,2023-01-27,51395,500000,207275.041666666667,25382,1,0,136860.416666666667,19463.857142857143,69537,low
ATM_011,2023-01-28,456239,493853,475797.333333333333,38474,0,0,180557.446428571429,21915.428571428571,51395,healthy
ATM_011,2023-01-29,418295,455358,437568.458333333333,37944,0,0,221834.970238095238,24296.571428571429,456239,healthy
ATM_011,2023-01-30,392777,417689,405724.333333333333,25518,0,0,261100.541666666667,25914.142857142857,418295,healthy
ATM_011,2023-01-31,367296,392171,380262.500000000000,25481,0,0,298783.547619047619,27500.142857142857,392777,healthy
ATM_011,2023-02-01,353225,366939,360319.000000000000,14071,0,0,335642.815476190476,27496.142857142857,367296,healthy
ATM_011,2023-02-02,338963,352885,346222.416666666667,14262,0,0,373309.869047619048,25876.000000000000,353225,healthy
ATM_011,2023-02-03,324781,338640,331992.833333333333,14182,0,0,391126.696428571428,24276.000000000000,338963,healthy
ATM_011,2023-02-04,303359,324272,314241.416666666667,21422,0,0,368047.279761904762,21840.000000000000,324781,healthy
ATM_011,2023-02-05,282171,302882,292929.125000000000,21188,0,0,347384.517857142857,19446.285714285714,303359,healthy
ATM_011,2023-02-06,267943,281817,275175.791666666667,14228,0,0,328734.726190476191,17833.428571428571,282171,healthy
ATM_011,2023-02-07,253995,267613,261058.666666666667,13948,0,0,311705.607142857143,16185.857142857143,267943,healthy
ATM_011,2023-02-08,239755,253652,246935.750000000000,14240,0,0,295508.000000000000,16210.000000000000,253995,healthy
ATM_011,2023-02-09,225420,239447,232688.541666666667,14335,0,0,279288.875000000000,16220.428571428571,239755,healthy
ATM_011,2023-02-10,211279,225092,218467.583333333333,14141,0,0,263070.982142857143,16214.571428571429,225420,healthy
ATM_011,2023-02-11,189712,210806,200680.958333333333,21567,0,0,246848.059523809524,16235.285714285714,211279,healthy
ATM_011,2023-02-12,168356,189225,179174.333333333333,21356,0,0,230597.375000000000,16259.285714285714,189712,healthy
ATM_011,2023-02-13,154233,168010,161397.083333333333,14123,0,0,214343.273809523809,16244.285714285714,168356,healthy
ATM_011,2023-02-14,140103,153908,147228.666666666667,14130,0,0,198081.845238095238,16270.285714285714,154233,healthy
ATM_011,2023-02-15,125872,139772,133119.125000000000,14231,0,0,181822.327380952381,16269.000000000000,140103,healthy
ATM_011,2023-02-16,111627,125568,118841.458333333333,14245,0,0,165558.458333333333,16256.142857142857,125872,healthy
ATM_011,2023-02-17,97304,111296,104586.000000000000,14323,0,0,149289.660714285714,16282.142857142857,111627,low
ATM_011,2023-02-18,75948,96829,86814.750000000000,21356,0,0,133023.059523809524,16252.000000000000,97304,low
ATM_011,2023-02-19,54640,75499,65472.416666666667,21308,0,0,116779.928571428571,16245.142857142857,75948,low
ATM_011,2023-02-20,50767,500000,310339.125000000000,14128,1,0,138057.363095238095,16245.857142857143,54640,low
ATM_011,2023-02-21,476512,490425,483726.000000000000,14236,0,0,186128.410714285714,16261.000000000000,50767,healthy
ATM_011,2023-02-22,462451,476180,469600.583333333333,14061,0,0,234197.190476190476,16236.714285714286,476512,healthy
ATM_011,2023-02-23,448316,462138,455494.250000000000,14135,0,0,282290.446428571429,16221.000000000000,462451,healthy
ATM_011,2023-02-24,434099,447979,441306.500000000000,14217,0,0,330393.375000000000,16205.857142857143,448316,healthy
ATM_011,2023-02-25,412770,433586,423524.541666666667,21329,0,0,378494.773809523810,16202.000000000000,434099,healthy
ATM_011,2023-02-26,374700,411905,393952.375000000000,38070,0,0,425420.482142857143,18596.571428571429,412770,healthy
ATM_011,2023-02-27,349231,374105,362165.750000000000,25469,0,0,432824.285714285714,20216.714285714286,374700,healthy
ATM_011,2023-02-28,323656,348638,336639.583333333333,25575,0,0,411811.940476190476,21836.571428571429,349231,healthy
ATM_011,2023-03-01,309290,323336,316592.000000000000,14366,0,0,389953.571428571429,21880.142857142857,323656,healthy
ATM_011,2023-03-02,295103,308969,302245.583333333333,14187,0,0,368060.904761904762,21887.571428571429,309290,healthy
ATM_011,2023-03-03,280934,294790,288092.333333333333,14169,0,0,346173.166666666667,21880.714285714286,295103,healthy
ATM_011,2023-03-04,259520,280449,270428.291666666667,21414,0,0,324302.273809523809,21892.857142857143,280934,healthy
ATM_011,2023-03-05,238378,259018,249062.375000000000,21142,0,0,303603.702380952381,19474.571428571429,259520,healthy
ATM_011,2023-03-06,224014,238059,231311.083333333333,14364,0,0,284910.178571428571,17888.142857142857,238378,healthy
ATM_011,2023-03-07,209670,223657,216961.958333333333,14344,0,0,267813.375000000000,16283.714285714286,224014,healthy
ATM_011,2023-03-08,195571,209328,202713.041666666667,14099,0,0,251544.952380952381,16245.571428571429,209670,healthy
ATM_011,2023-03-09,181221,195278,188544.250000000000,14350,0,0,235301.904761904762,16268.857142857143,195571,healthy
ATM_011,2023-03-10,166833,180910,174160.750000000000,14388,0,0,219025.964285714286,16300.142857142857,181221,healthy
ATM_011,2023-03-11,145600,166351,156387.125000000000,21233,0,0,202734.369047619048,16274.285714285714,166833,healthy
ATM_011,2023-03-12,124377,145117,135117.458333333333,21223,0,0,186456.523809523809,16285.857142857143,145600,healthy
ATM_011,2023-03-13,110436,124065,117474.500000000000,13941,0,0,170194.154761904762,16225.428571428571,124377,healthy
ATM_011,2023-03-14,96274,110100,103452.166666666667,14162,0,0,153978.470238095238,16199.428571428571,110436,low
ATM_011,2023-03-15,82051,95958,89317.333333333333,14223,0,0,137779.083333333333,16217.142857142857,96274,low
ATM_011,2023-03-16,67809,81725,75021.125000000000,14242,0,0,121561.494047619048,16201.714285714286,82051,low
ATM_011,2023-03-17,53395,67475,60688.041666666667,14414,0,0,105351.107142857143,16205.428571428571,67809,low
ATM_011,2023-03-18,50018,500000,362018.750000000000,21135,1,0,134727.053571428571,16191.428571428571,53395,low
ATM_011,2023-03-19,461447,482243,472216.875000000000,21254,0,0,182884.113095238095,16195.857142857143,50018,healthy
ATM_011,2023-03-20,447392,461149,454548.583333333333,14055,0,0,231037.553571428571,16212.142857142857,461447,healthy
ATM_011,2023-03-21,433157,447068,440388.333333333333,14235,0,0,279171.291666666667,16222.571428571429,447392,healthy
ATM_011,2023-03-22,419202,432850,426305.083333333333,13955,0,0,327312.398809523809,16184.285714285714,433157,healthy
ATM_011,2023-03-23,405072,418861,412240.250000000000,14130,0,0,375486.559523809524,16168.285714285714,419202,healthy
ATM_011,2023-03-24,390978,404737,398066.708333333333,14094,0,0,423683.511904761905,16122.571428571429,405072,healthy
ATM_011,2023-03-25,369858,390550,380603.416666666667,21120,0,0,426338.464285714286,16120.428571428571,390978,healthy
ATM_011,2023-03-26,331498,368971,351039.375000000000,38360,0,0,409027.392857142857,18564.142857142857,369858,healthy
ATM_011,2023-03-27,305932,330939,318906.458333333333,25566,0,0,389649.946428571428,20208.571428571429,331498,healthy
ATM_011,2023-03-28,280454,305378,293461.500000000000,25478,0,0,368660.398809523809,21814.714285714286,305932,healthy
ATM_011,2023-03-29,254842,279852,267871.375000000000,25612,0,0,346027.011904761905,23480.000000000000,280454,healthy
ATM_011,2023-03-30,229244,254258,242204.916666666667,25598,0,0,321736.250000000000,25118.285714285714,254842,healthy
ATM_011,2023-03-31,203686,228688,216690.708333333333,25558,0,0,295825.392857142857,26756.000000000000,229244,healthy
ATM_011,2023-04-01,182441,203190,193220.083333333333,21245,0,0,269056.345238095238,26773.857142857143,203686,healthy
ATM_011,2023-04-02,160874,181924,171828.750000000000,21567,0,0,243454.827380952381,24374.857142857143,182441,healthy
ATM_011,2023-04-03,146704,160569,153878.583333333333,14170,0,0,219879.416666666667,22746.857142857143,160874,healthy
ATM_011,2023-04-04,132539,146382,139734.791666666667,14165,0,0,197918.458333333333,21130.714285714286,146704,healthy
ATM_011,2023-04-05,118567,132224,125650.041666666667,13972,0,0,177601.125000000000,19467.857142857143,132539,healthy
ATM_011,2023-04-06,104319,118248,111539.958333333333,14248,0,0,158934.702380952381,17846.428571428571,118567,healthy
ATM_011,2023-04-07,90079,103961,97298.666666666667,14240,0,0,141878.696428571429,16229.571428571429,104319,low
ATM_011,2023-04-08,68764,89587,79585.500000000000,21315,0,0,125645.184523809524,16239.571428571429,90079,low
ATM_011,2023-04-09,50082,500000,170762.166666666667,21500,1,0,125492.815476190476,16230.000000000000,68764,low
ATM_011,2023-04-10,483450,497357,490702.125000000000,14217,0,0,173610.464285714286,16236.714285714286,50082,healthy
ATM_011,2023-04-11,469526,483148,476594.916666666667,13924,0,0,221733.339285714286,16202.285714285714,483450,healthy
ATM_011,2023-04-12,455211,469194,462456.750000000000,14315,0,0,269848.583333333333,16251.285714285714,469526,healthy
ATM_011,2023-04-13,441163,454886,448290.041666666667,14048,0,0,317955.738095238095,16222.714285714286,455211,healthy
ATM_011,2023-04-14,427095,440880,434273.458333333333,14068,0,0,366094.994047619048,16198.142857142857,441163,healthy
ATM_011,2023-04-15,405837,426590,416567.375000000000,21258,0,0,414235.261904761905,16190.000000000000,427095,healthy
ATM_011,2023-04-16,384483,405370,395298.583333333333,21354,0,0,446311.892857142857,16169.142857142857,405837,healthy
ATM_011,2023-04-17,370525,384169,377629.333333333333,13958,0,0,430158.636904761905,16132.142857142857,384483,healthy
ATM_011,2023-04-18,356254,370206,363524.500000000000,14271,0,0,414005.720238095238,16181.714285714286,370525,healthy
ATM_011,2023-04-19,342380,355954,349434.083333333333,13874,0,0,397859.625000000000,16118.714285714286,356254,healthy
ATM_011,2023-04-20,328249,342070,335448.750000000000,14131,0,0,381739.440476190476,16130.571428571429,342380,healthy
ATM_011,2023-04-21,314275,327917,321365.458333333333,13974,0,0,365609.726190476190,16117.142857142857,328249,healthy
ATM_011,2023-04-22,292917,313786,303747.666666666667,21358,0,0,349492.625000000000,16131.428571428571,314275,healthy
ATM_011,2023-04-23,271806,292432,282554.083333333333,21111,0,0,333386.267857142857,16096.714285714286,292917,healthy
ATM_011,2023-04-24,257573,271507,264761.500000000000,14233,0,0,317262.291666666667,16136.000000000000,271806,healthy
ATM_011,2023-04-25,243249,257239,250513.625000000000,14324,0,0,301117.880952380952,16143.571428571429,257573,healthy
ATM_011,2023-04-26,217704,242691,230667.833333333333,25545,0,0,284151.273809523809,17810.857142857143,243249,healthy
ATM_011,2023-04-27,192210,217109,205097.625000000000,25494,0,0,265529.684523809524,19434.142857142857,217704,healthy
ATM_011,2023-04-28,166949,191646,179771.125000000000,25261,0,0,245301.922619047619,21046.571428571429,192210,healthy
ATM_011,2023-04-29,129183,166130,148427.625000000000,37766,0,0,223113.345238095238,23390.571428571429,166949,healthy
ATM_011,2023-04-30,90831,128343,110339.000000000000,38352,0,0,198511.190476190476,25853.571428571429,129183,low
ATM_011,2023-05-01,76871,90495,83883.750000000000,13960,0,0,172671.511904761905,25814.571428571429,90831,low
ATM_011,2023-05-02,62738,76556,69950.416666666667,14133,0,0,146876.767857142857,25787.285714285714,76871,low
ATM_011,2023-05-03,50107,500000,149503.000000000000,14211,1,0,135281.791666666667,24168.142857142857,62738,low
ATM_011,2023-05-04,484414,498399,491705.458333333333,14299,0,0,176225.767857142857,22568.857142857143,50107,healthy
ATM_011,2023-05-05,470218,484108,477403.375000000000,14196,0,0,218744.660714285714,20988.142857142857,484414,healthy
ATM_011,2023-05-06,448745,469729,459690.041666666667,21473,0,0,263210.720238095238,18660.571428571429,470218,healthy
ATM_011,2023-05-07,427729,448255,438367.375000000000,21016,0,0,310071.916666666667,16184.000000000000,448745,healthy
ATM_011,2023-05-08,413384,427412,420668.291666666667,14345,0,0,358183.994047619048,16239.000000000000,427729,healthy
ATM_011,2023-05-09,399239,413035,406452.833333333333,14145,0,0,406255.767857142857,16240.714285714286,413384,healthy
ATM_011,2023-05-10,384871,398917,392146.250000000000,14368,0,0,440919.089285714286,16263.142857142857,399239,healthy
ATM_011,2023-05-11,370949,384608,378059.333333333333,13922,0,0,424683.928571428571,16209.285714285714,384871,healthy
ATM_011,2023-05-12,356987,370622,364065.666666666667,13962,0,0,408492.827380952381,16175.857142857143,370949,healthy
ATM_011,2023-05-13,335605,356518,346478.000000000000,21382,0,0,392319.678571428571,16162.857142857143,356987,healthy
ATM_011,2023-05-14,314432,335068,325164.208333333333,21173,0,0,376147.797619047619,16185.285714285714,335605,healthy
ATM_011,2023-05-15,300162,314123,307421.791666666667,14270,0,0,359969.726190476190,16174.571428571429,314432,healthy
ATM_011,2023-05-16,286103,299816,293206.000000000000,14059,0,0,343791.607142857143,16162.285714285714,300162,healthy
ATM_011,2023-05-17,272024,285763,279139.875000000000,14079,0,0,327647.839285714286,16121.000000000000,286103,healthy
ATM_011,2023-05-18,257676,271712,264968.333333333333,14348,0,0,311491.982142857143,16181.857142857143,272024,healthy
ATM_011,2023-05-19,243615,257342,250747.833333333333,14061,0,0,295303.720238095238,16196.000000000000,257676,healthy
ATM_011,2023-05-20,222698,243117,233325.208333333333,20917,0,0,279139.035714285714,16129.571428571429,243615,healthy
ATM_011,2023-05-21,201619,222170,212321.000000000000,21079,0,0,263018.577380952381,16116.142857142857,222698,healthy
ATM_011,2023-05-22,187615,201251,194699.166666666667,14004,0,0,246915.345238095238,16078.142857142857,201619,healthy
ATM_011,2023-05-23,173459,187290,180648.916666666667,14156,0,0,230835.761904761905,16092.000000000000,187615,healthy
ATM_011,2023-05-24,159302,173146,166511.750000000000,14157,0,0,214746.029761904762,16103.142857142857,173459,healthy
ATM_011,2023-05-25,145141,158958,152292.291666666667,14161,0,0,198649.452380952381,16076.428571428571,159302,healthy
ATM_011,2023-05-26,119469,144580,132539.458333333333,25672,0,0,181762.541666666667,17735.142857142857,145141,healthy
ATM_011,2023-05-27,81215,118609,100669.166666666667,38254,0,0,162811.678571428572,20211.857142857143,119469,low
ATM_011,2023-05-28,50740,500000,194070.083333333333,38434,1,0,160204.404761904762,22691.142857142857,81215,low
ATM_011,2023-05-29,469137,494202,482217.708333333333,25687,0,0,201278.482142857143,24360.142857142857,50740,healthy
ATM_011,2023-05-30,443643,468608,456597.125000000000,25494,0,0,240699.654761904762,25979.857142857143,469137,healthy
ATM_011,2023-05-31,418053,443015,431038.666666666667,25590,0,0,278489.214285714286,27613.142857142857,443643,healthy
ATM_011,2023-06-01,403817,417729,411021.958333333333,14236,0,0,315450.595238095238,27623.857142857143,418053,healthy
ATM_011,2023-06-02,389688,403502,396857.833333333333,14129,0,0,353210.363095238095,25974.857142857143,403817,healthy
ATM_011,2023-06-03,368175,389173,379113.708333333333,21513,0,0,392988.154761904762,23583.285714285714,389688,healthy
ATM_011,2023-06-04,347025,367682,357749.500000000000,21150,0,0,416370.928571428571,21114.142857142857,368175,healthy
ATM_011,2023-06-05,332669,346694,339933.708333333333,14356,0,0,396044.642857142857,19495.428571428571,347025,healthy
ATM_011,2023-06-06,318589,332366,325722.291666666667,14080,0,0,377348.238095238095,17864.857142857143,332669,healthy
ATM_011,2023-06-07,304407,318260,311638.541666666667,14182,0,0,360291.077380952381,16235.142857142857,318589,healthy
ATM_011,2023-06-08,290284,304091,297461.541666666667,14123,0,0,344068.160714285714,16219.000000000000,304407,healthy
ATM_011,2023-06-09,276384,289960,283460.916666666667,13900,0,0,327868.601190476191,16186.285714285714,290284,healthy
ATM_011,2023-06-10,255080,275916,265867.958333333333,21304,0,0,311690.636904761905,16156.428571428571,276384,healthy
ATM_011,2023-06-11,233757,254572,244552.458333333333,21323,0,0,295519.630952380952,16181.142857142857,255080,healthy
ATM_011,2023-06-12,219593,233447,226819.541666666667,14164,0,0,279360.464285714286,16153.714285714286,233757,healthy
ATM_011,2023-06-13,205467,219282,212595.125000000000,14126,0,0,263199.440476190476,16160.285714285714,219593,healthy
ATM_011,2023-06-14,191460,205139,198567.916666666667,14007,0,0,247046.494047619048,16135.285714285714,205467,healthy
ATM_011,2023-06-15,177591,191126,184640.500000000000,13869,0,0,230929.202380952381,16099.000000000000,191460,healthy
ATM_011,2023-06-16,163287,177280,170573.958333333333,14304,0,0,214802.494047619048,16156.714285714286,177591,healthy
ATM_011,2023-06-17,142008,162803,152837.041666666667,21279,0,0,198655.220238095238,16153.142857142857,163287,healthy
ATM_011,2023-06-18,120677,141523,131538.333333333333,21331,0,0,182510.345238095238,16154.285714285714,142008,healthy
ATM_011,2023-06-19,106237,120357,113589.125000000000,14440,0,0,166334.571428571429,16193.714285714286,120677,healthy
ATM_011,2023-06-20,91988,105935,99232.583333333333,14249,0,0,150139.922619047619,16211.285714285714,106237,low
ATM_011,2023-06-21,77890,91668,85023.625000000000,14098,0,0,133919.309523809524,16224.285714285714,91988,low
ATM_011,2023-06-22,63547,77572,70865.208333333333,14343,0,0,117665.696428571428,16292.000000000000,77890,low
ATM_011,2023-06-23,50258,500000,112830.916666666667,14266,1,0,109416.690476190476,16286.571428571429,63547,low
ATM_011,2023-06-24,478046,498867,488816.583333333333,21303,0,0,157413.767857142857,16290.000000000000,50258,healthy
ATM_011,2023-06-25,456825,477589,467581.208333333333,21221,0,0,205419.892857142857,16274.285714285714,478046,healthy
ATM_011,2023-06-26,431098,456256,444119.875000000000,25727,0,0,252638.571428571428,17886.714285714286,456825,healthy
ATM_011,2023-06-27,405626,430549,418539.125000000000,25472,0,0,298253.791666666667,19490.000000000000,431098,healthy
ATM_011,2023-06-28,380229,405042,393099.750000000000,25397,0,0,342264.666666666667,21104.142857142857,405626,healthy
ATM_011,2023-06-29,355018,379659,367888.291666666667,25211,0,0,384696.535714285714,22656.714285714286,380229,healthy
ATM_011,2023-06-30,329819,354440,342610.250000000000,25199,0,0,417522.154761904762,24218.571428571429,355018,healthy
ATM_011,2023-07-01,308417,329387,319278.958333333333,21402,0,0,393302.494047619048,24232.714285714286,329819,healthy
ATM_011,2023-07-02,287288,307919,298029.458333333333,21129,0,0,369080.815476190476,24219.571428571429,308417,healthy
ATM_011,2023-07-03,273038,286971,280294.875000000000,14250,0,0,345677.244047619048,22580.000000000000,287288,healthy
ATM_011,2023-07-04,259019,272723,266149.083333333333,14019,0,0,323907.238095238095,20943.857142857143,273038,healthy
ATM_011,2023-07-05,244865,258698,252028.583333333333,14154,0,0,303754.214285714286,19337.714285714286,259019,healthy
ATM_011,2023-07-06,230809,244531,237915.250000000000,14056,0,0,285186.636904761905,17744.142857142857,244865,healthy
ATM_011,2023-07-07,216703,230492,223839.750000000000,14106,0,0,268219.422619047619,16159.428571428571,230809,healthy
ATM_011,2023-07-08,195503,216230,206279.291666666667,21200,0,0,252076.613095238095,16130.571428571429,216703,healthy
ATM_011,2023-07-09,174135,195001,184966.208333333333,21368,0,0,235924.720238095238,16164.714285714286,195503,healthy
ATM_011,2023-07-10,159876,173788,167118.458333333333,14259,0,0,219756.660714285714,16166.000000000000,174135,healthy
ATM_011,2023-07-11,146025,159563,153042.458333333333,13851,0,0,203598.571428571428,16142.000000000000,159876,healthy
ATM_011,2023-07-12,131787,145727,139009.791666666667,14238,0,0,187453.029761904762,16154.000000000000,146025,healthy
ATM_011,2023-07-13,117648,131459,124816.916666666667,14139,0,0,171296.125000000000,16165.857142857143,131787,healthy
ATM_011,2023-07-14,103505,117311,110662.333333333333,14143,0,0,155127.922619047619,16171.142857142857,117648,healthy
ATM_011,2023-07-15,82090,103038,92957.708333333333,21415,0,0,138939.125000000000,16201.857142857143,103505,low
ATM_011,2023-07-16,60975,81616,71711.708333333333,21115,0,0,122759.910714285714,16165.714285714286,82090,low
ATM_011,2023-07-17,50780,500000,204081.916666666667,14249,1,0,128040.404761904762,16164.285714285714,60975,low
ATM_011,2023-07-18,482792,496724,490045.291666666667,14264,0,0,176183.666666666667,16223.285714285714,50780,healthy
ATM_011,2023-07-19,468588,482461,475796.666666666667,14204,0,0,224296.077380952381,16218.428571428571,482792,healthy
ATM_011,2023-07-20,454324,468273,461610.250000000000,14264,0,0,272409.410714285714,16236.285714285714,468588,healthy
ATM_011,2023-07-21,440234,453975,447394.833333333333,14090,0,0,320514.053571428571,16228.714285714286,454324,healthy
ATM_011,2023-07-22,419162,439790,429883.333333333333,21072,0,0,368646.285714285714,16179.714285714286,440234,healthy
ATM_011,2023-07-23,397639,418652,408490.875000000000,21523,0,0,416757.595238095238,16238.000000000000,419162,healthy
ATM_011,2023-07-24,383566,397343,390716.458333333333,14073,0,0,443419.672619047619,16212.857142857143,397639,healthy
ATM_011,2023-07-25,369615,383259,376724.833333333333,13951,0,0,427231.035714285714,16168.142857142857,383566,healthy
ATM_011,2023-07-26,344252,369074,357149.291666666667,25363,0,0,410281.410714285714,17762.285714285714,369615,healthy
ATM_011,2023-07-27,318403,343687,331527.541666666667,25849,0,0,391698.166666666667,19417.285714285714,344252,healthy
ATM_011,2023-07-28,292940,317814,305850.791666666667,25463,0,0,371477.589285714286,21042.000000000000,318403,healthy
ATM_011,2023-07-29,254918,292114,274195.333333333333,38022,0,0,349236.446428571429,23463.428571428571,292940,healthy
ATM_011,2023-07-30,216585,254048,235998.541666666667,38333,0,0,324594.684523809524,25864.857142857143,254918,healthy
ATM_011,2023-07-31,191221,215973,204075.500000000000,25364,0,0,297931.690476190476,27477.857142857143,216585,healthy
ATM_011,2023-08-01,176986,190927,184218.208333333333,14235,0,0,270430.744047619048,27518.428571428571,191221,healthy
ATM_011,2023-08-02,162885,176709,170086.583333333333,14101,0,0,243707.500000000000,25909.571428571429,176986,healthy
ATM_011,2023-08-03,148751,162565,155917.541666666667,14134,0,0,218620.357142857143,24236.000000000000,162885,healthy
ATM_011,2023-08-04,134532,148413,141773.916666666667,14219,0,0,195180.803571428571,22629.714285714286,148751,healthy
ATM_011,2023-08-05,113372,134085,124112.916666666667,21160,0,0,173740.458333333333,20220.857142857143,134532,healthy
ATM_011,2023-08-06,92166,112882,102931.375000000000,21206,0,0,154730.863095238095,17774.142857142857,113372,low
ATM_011,2023-08-07,77927,91826,85131.541666666667,14239,0,0,137738.869047619048,16184.857142857143,92166,low
ATM_011,2023-08-08,63823,77616,70981.041666666667,14104,0,0,121562.130952380953,16166.142857142857,77927,low
ATM_011,2023-08-09,50109,500000,75675.166666666667,14030,1,0,108074.785714285715,16156.000000000000,63823,low
ATM_011,2023-08-10,485785,499664,493026.583333333333,14215,0,0,156233.220238095238,16167.571428571429,50109,healthy
ATM_011,2023-08-11,471571,485447,478764.500000000000,14214,0,0,204374.732142857143,16166.857142857143,485785,healthy
ATM_011,2023-08-12,450365,471082,461106.750000000000,21206,0,0,252516.708333333333,16173.428571428571,471571,healthy
ATM_011,2023-08-13,429106,449885,439920.791666666667,21259,0,0,300658.053571428572,16181.000000000000,450365,healthy
ATM_011,2023-08-14,414943,428787,422178.125000000000,14163,0,0,348807.565476190476,16170.142857142857,429106,healthy
ATM_011,2023-08-15,400819,414650,408040.416666666667,14124,0,0,396958.904761904762,16173.000000000000,414943,healthy
ATM_011,2023-08-16,386588,400504,393859.000000000000,14231,0,0,442413.738095238095,16201.714285714286,400819,healthy
ATM_011,2023-08-17,372349,386223,379562.000000000000,14239,0,0,426204.511904761905,16205.142857142857,386588,healthy
ATM_011,2023-08-18,358265,372038,365469.750000000000,14084,0,0,410019.547619047619,16186.571428571429,372349,healthy
ATM_011,2023-08-19,336800,357760,347625.833333333333,21465,0,0,393807.988095238095,16223.571428571429,358265,healthy
ATM_011,2023-08-20,315800,336320,326460.166666666667,21000,0,0,377599.327380952381,16186.571428571429,336800,healthy
ATM_011,2023-08-21,301655,315492,308823.666666666667,14145,0,0,361405.833333333333,16184.000000000000,315800,healthy
ATM_011,2023-08-22,287371,301330,294584.833333333333,14284,0,0,345197.892857142857,16206.857142857143,301655,healthy
ATM_011,2023-08-23,273449,287014,280528.500000000000,13922,0,0,329007.821428571429,16162.714285714286,287371,healthy
ATM_011,2023-08-24,259451,273127,266591.166666666667,13998,0,0,312869.130952380952,16128.285714285714,273449,healthy
ATM_011,2023-08-25,245449,259148,252506.000000000000,14002,0,0,296731.452380952381,16116.571428571429,259451,healthy
ATM_011,2023-08-26,207140,244563,226624.666666666667,38309,0,0,279445.571428571429,18522.857142857143,245449,healthy
ATM_011,2023-08-27,169092,206295,188378.083333333333,38048,0,0,259719.559523809524,20958.285714285714,207140,healthy
ATM_011,2023-08-28,143450,168507,156477.000000000000,25642,0,0,237955.750000000000,22600.714285714286,169092,healthy
ATM_011,2023-08-29,118160,142916,131026.041666666667,25290,0,0,214590.208333333333,24173.000000000000,143450,healthy
ATM_011,2023-08-30,92684,117603,105634.166666666667,25476,0,0,189605.303571428572,25823.571428571429,118160,low
ATM_011,2023-08-31,66892,92108,79993.333333333333,25792,0,0,162948.470238095238,27508.428571428571,92684,low
ATM_011,2023-09-01,52894,66543,60021.333333333333,13998,0,0,135450.660714285714,27507.857142857143,66892,low
ATM_011,2023-09-02,50360,500000,398626.916666666667,21462,1,0,160022.410714285714,25101.142857142857,52894,low
ATM_011,2023-09-03,460349,481077,471161.375000000000,21187,0,0,200420.023809523810,22692.428571428571,50360,healthy
ATM_011,2023-09-04,446302,460071,453424.291666666667,14047,0,0,242841.065476190476,21036.000000000000,460349,healthy
ATM_011,2023-09-05,432117,445974,439295.041666666667,14185,0,0,286879.494047619048,19449.571428571429,446302,healthy
ATM_011,2023-09-06,418092,431776,425174.791666666667,14025,0,0,332528.154761904762,17813.714285714286,432117,healthy
ATM_011,2023-09-07,403832,417764,411050.458333333333,14260,0,0,379822.029761904762,16166.285714285714,418092,healthy
ATM_011,2023-09-08,389896,403471,396934.208333333333,13936,0,0,427952.440476190476,16157.428571428571,403832,healthy
ATM_011,2023-09-09,368645,389396,379380.791666666667,21251,0,0,425202.994047619048,16127.285714285714,389896,healthy
ATM_011,2023-09-10,347334,368164,358139.125000000000,21311,0,0,409056.958333333333,16145.000000000000,368645,healthy
ATM_011,2023-09-11,333201,347014,340378.000000000000,14133,0,0,392907.488095238095,16157.285714285714,347334,healthy
ATM_011,2023-09-12,319162,332893,326324.958333333333,14039,0,0,376768.904761904762,16136.428571428571,333201,healthy
ATM_011,2023-09-13,305053,318839,312202.000000000000,14109,0,0,360629.934523809524,16148.428571428571,319162,healthy
ATM_011,2023-09-14,290893,304708,298079.125000000000,14160,0,0,344491.172619047619,16134.142857142857,305053,healthy
ATM_011,2023-09-15,276724,290567,283930.708333333333,14169,0,0,328347.815476190476,16167.428571428571,290893,healthy
ATM_011,2023-09-16,255660,276273,266371.333333333333,21064,0,0,312203.607142857143,16140.714285714286,276724,healthy
ATM_011,2023-09-17,234232,255157,245162.500000000000,21428,0,0,296064.089285714286,16157.428571428571,255660,healthy
ATM_011,2023-09-18,220015,233919,227262.166666666667,14217,0,0,279904.684523809524,16169.428571428571,234232,healthy
ATM_011,2023-09-19,205857,219716,213042.000000000000,14158,0,0,263721.404761904762,16186.428571428571,220015,healthy
ATM_011,2023-09-20,191774,205500,198886.708333333333,14083,0,0,247533.505952380952,16182.714285714286,205857,healthy
ATM_011,2023-09-21,177866,191449,184889.166666666667,13908,0,0,231363.511904761905,16146.714285714286,191774,healthy
ATM_011,2023-09-22,163773,177530,170867.083333333333,14093,0,0,215211.565476190476,16135.857142857143,177866,healthy
ATM_011,2023-09-23,142590,163320,153332.458333333333,21183,0,0,199063.154761904762,16152.857142857143,163773,healthy
ATM_011,2023-09-24,121435,142096,132140.875000000000,21155,0,0,182917.208333333333,16113.857142857143,142590,healthy
ATM_011,2023-09-25,107335,121103,114513.125000000000,14100,0,0,166810.202380952381,16097.142857142857,121435,healthy
ATM_011,2023-09-26,82253,106794,95064.458333333333,25082,0,0,149956.267857142857,17657.714285714286,107335,low
ATM_011,2023-09-27,56712,81685,69665.875000000000,25541,0,0,131496.148809523809,19294.571428571429,82253,low
ATM_011,2023-09-28,51482,500000,325604.666666666667,25641,1,0,151598.363095238095,20970.714285714286,56712,low
ATM_011,2023-09-29,455984,480877,468903.666666666667,25477,0,0,194175.017857142857,22597.000000000000,51482,healthy
ATM_011,2023-09-30,417441,455133,437003.625000000000,38543,0,0,234699.470238095238,25077.000000000000,455984,healthy
ATM_011,2023-10-01,396301,416963,407007.125000000000,21140,0,0,273966.077380952381,25074.857142857143,417441,healthy
ATM_011,2023-10-02,382006,395961,389230.958333333333,14295,0,0,313211.482142857143,25102.714285714286,396301,healthy
ATM_011,2023-10-03,368014,381708,375129.291666666667,13992,0,0,353220.744047619048,23518.428571428571,382006,healthy
ATM_011,2023-10-04,353911,367667,361080.625000000000,14103,0,0,394851.422619047619,21884.428571428571,368014,healthy
ATM_011,2023-10-05,339655,353591,346919.041666666667,14256,0,0,397896.333333333333,20258.000000000000,353911,healthy
ATM_011,2023-10-06,325496,339341,332717.208333333333,14159,0,0,378441.125000000000,18641.142857142857,339655,healthy
ATM_011,2023-10-07,304132,324993,314973.208333333333,21364,0,0,361008.208333333333,16187.000000000000,325496,healthy
ATM_011,2023-10-08,282695,303628,293597.875000000000,21437,0,0,344806.886904761905,16229.428571428571,304132,healthy
ATM_011,2023-10-09,268672,282390,275807.125000000000,14023,0,0,328603.482142857143,16190.571428571429,282695,healthy
ATM_011,2023-10-10,254597,268402,261761.583333333333,14075,0,0,312408.095238095238,16202.428571428571,268672,healthy
ATM_011,2023-10-11,240569,254274,247695.541666666667,14028,0,0,296210.226190476190,16191.714285714286,254597,healthy
ATM_011,2023-10-12,226441,240244,233603.625000000000,14128,0,0,280022.309523809524,16173.428571428571,240569,healthy
ATM_011,2023-10-13,212312,226149,219529.416666666667,14129,0,0,263852.625000000000,16169.142857142857,226441,healthy
ATM_011,2023-10-14,190905,211800,201724.500000000000,21407,0,0,247674.238095238095,16175.285714285714,212312,healthy
ATM_011,2023-10-15,169528,190460,180400.458333333333,21377,0,0,231503.178571428571,16166.714285714286,190905,healthy
ATM_011,2023-10-16,155208,169191,162488.958333333333,14320,0,0,215314.869047619048,16209.142857142857,169528,healthy
ATM_011,2023-10-17,141106,154899,148277.666666666667,14102,0,0,199102.880952380952,16213.000000000000,155208,healthy
ATM_011,2023-10-18,126946,140797,134141.625000000000,14160,0,0,182880.892857142857,16231.857142857143,141106,healthy
ATM_011,2023-10-19,112809,126641,120028.500000000000,14137,0,0,166655.875000000000,16233.142857142857,126946,healthy
ATM_011,2023-10-20,98645,112497,105871.833333333333,14164,0,0,150419.077380952381,16238.142857142857,112809,low
ATM_011,2023-10-21,77131,98182,88072.791666666667,21514,0,0,134183.119047619048,16253.428571428571,98645,low
ATM_011,2023-10-22,55812,76645,66617.875000000000,21319,0,0,117928.464285714286,16245.142857142857,77131,low
ATM_011,2023-10-23,50832,500000,292716.083333333333,14099,1,0,136532.339285714286,16213.571428571429,55812,low
ATM_011,2023-10-24,477634,491565,484856.666666666667,14273,0,0,184615.053571428571,16238.000000000000,50832,healthy
ATM_011,2023-10-25,463443,477341,470656.666666666667,14191,0,0,232688.630952380952,16242.428571428571,477634,healthy
ATM_011,2023-10-26,438012,462871,450954.208333333333,25431,0,0,279963.732142857143,17855.857142857143,463443,healthy
ATM_011,2023-10-27,412492,437390,425445.750000000000,25520,0,0,325617.148809523810,19478.142857142857,438012,healthy
ATM_011,2023-10-28,374376,411651,393830.083333333333,38116,0,0,369296.761904761905,21849.857142857143,412492,healthy
ATM_011,2023-10-29,336188,373471,355506.833333333333,38188,0,0,410566.613095238095,24259.714285714286,374376,healthy
ATM_011,2023-10-30,310768,335593,323634.041666666667,25420,0,0,414983.464285714286,25877.000000000000,336188,healthy
ATM_011,2023-10-31,285215,310179,298196.416666666667,25553,0,0,388317.714285714286,27488.428571428571,310768,healthy
ATM_011,2023-11-01,271066,284902,278225.666666666667,14149,0,0,360827.571428571429,27482.428571428571,285215,healthy
ATM_011,2023-11-02,256791,270748,264055.833333333333,14275,0,0,334127.803571428571,25888.714285714286,271066,healthy
ATM_011,2023-11-03,242717,256480,249856.500000000000,14074,0,0,309043.625000000000,24253.571428571429,256791,healthy
ATM_011,2023-11-04,221207,242208,232095.375000000000,21510,0,0,285938.666666666667,21881.285714285714,242717,healthy
ATM_011,2023-11-05,199804,220751,210698.541666666667,21403,0,0,265251.767857142857,19483.428571428571,221207,healthy
ATM_011,2023-11-06,185553,199489,192800.125000000000,14251,0,0,246561.208333333333,17887.857142857143,199804,healthy
ATM_011,2023-11-07,171478,185218,178620.083333333333,14075,0,0,229478.875000000000,16248.142857142857,185553,healthy
ATM_011,2023-11-08,157257,171165,164477.916666666667,14221,0,0,213229.196428571429,16258.428571428571,171478,healthy
ATM_011,2023-11-09,143268,156931,150369.458333333333,13989,0,0,196988.285714285714,16217.571428571429,157257,healthy
ATM_011,2023-11-10,129037,142959,136275.500000000000,14231,0,0,180762.428571428571,16240.000000000000,143268,healthy
ATM_011,2023-11-11,107971,128529,118667.625000000000,21066,0,0,164558.464285714286,16176.571428571429,129037,healthy
ATM_011,2023-11-12,86656,107497,97476.958333333333,21315,0,0,148383.952380952381,16164.000000000000,107971,low
ATM_011,2023-11-13,72406,86330,79668.541666666667,14250,0,0,132222.297619047619,16163.857142857143,86656,low
ATM_011,2023-11-14,58259,72087,65427.500000000000,14147,0,0,116051.928571428571,16174.142857142857,72406,low
ATM_011,2023-11-15,50226,500000,239151.541666666667,14063,1,0,126719.589285714286,16151.571428571429,58259,low
ATM_011,2023-11-16,480884,494695,488116.291666666667,14116,0,0,174969.136904761905,16169.714285714286,50226,healthy
ATM_011,2023-11-17,466701,480566,473869.875000000000,14183,0,0,223196.904761904762,16162.857142857143,480884,healthy
ATM_011,2023-11-18,445578,466192,456292.875000000000,21123,0,0,271429.083333333333,16171.000000000000,466701,healthy
ATM_011,2023-11-19,424487,445086,435236.208333333333,21091,0,0,319680.404761904762,16139.000000000000,445578,healthy
ATM_011,2023-11-20,410253,424166,417431.416666666667,14234,0,0,367932.244047619048,16136.714285714286,424487,healthy
ATM_011,2023-11-21,396185,409938,403319.583333333333,14068,0,0,416202.541666666667,16125.428571428571,410253,healthy
ATM_011,2023-11-22,381843,395886,389161.166666666667,14342,0,0,437632.488095238095,16165.285714285714,396185,healthy
ATM_011,2023-11-23,367913,381485,375000.666666666667,13930,0,0,421473.113095238095,16138.714285714286,381843,healthy
ATM_011,2023-11-24,353745,367586,360916.041666666667,14168,0,0,405336.851190476191,16136.571428571429,367913,healthy
ATM_011,2023-11-25,332703,353276,343384.041666666667,21042,0,0,389207.017857142857,16125.000000000000,353745,healthy
ATM_011,2023-11-26,294156,331823,313672.916666666667,38547,0,0,371840.833333333334,18618.714285714286,332703,healthy
ATM_011,2023-11-27,268603,293599,281607.916666666667,25553,0,0,352437.476190476191,20235.714285714286,294156,healthy
ATM_011,2023-11-28,242855,268081,255999.041666666667,25748,0,0,331391.684523809524,21904.285714285714,268603,healthy
ATM_011,2023-11-29,217472,242290,230404.958333333333,25383,0,0,308712.226190476191,23481.571428571429,242855,healthy
ATM_011,2023-11-30,191778,216874,204817.458333333333,25694,0,0,284400.339285714286,25162.142857142857,217472,healthy
ATM_011,2023-12-01,177822,191469,184877.958333333333,13956,0,0,259252.041666666667,25131.857142857143,191778,healthy
ATM_011,2023-12-02,156693,177363,167405.833333333333,21129,0,0,234112.297619047619,25144.285714285714,177822,healthy
ATM_011,2023-12-03,135264,156229,146092.791666666667,21429,0,0,210172.279761904762,22698.857142857143,156693,healthy
ATM_011,2023-12-04,121336,134947,128378.541666666667,13928,0,0,188282.369047619048,21038.142857142857,135264,healthy
ATM_011,2023-12-05,107124,120990,114302.208333333333,14212,0,0,168039.964285714286,19390.142857142857,121336,healthy
ATM_011,2023-12-06,92796,106764,100051.500000000000,14328,0,0,149418.041666666667,17810.857142857143,107124,low
ATM_011,2023-12-07,78566,92474,85775.791666666667,14230,0,0,132412.089285714286,16173.142857142857,92796,low
ATM_011,2023-12-08,64335,78263,71567.500000000000,14231,0,0,116224.880952380952,16212.428571428571,78566,low
ATM_011,2023-12-09,50802,500000,222994.875000000000,21011,1,0,124166.172619047619,16195.571428571429,64335,low
ATM_011,2023-12-10,472677,493526,483508.000000000000,21316,0,0,172368.345238095238,16179.428571428571,50802,healthy
ATM_011,2023-12-11,458446,472339,465645.708333333333,14231,0,0,220549.369047619048,16222.714285714286,472677,healthy
ATM_011,2023-12-12,444413,458118,451530.958333333333,14033,0,0,268724.904761904762,16197.142857142857,458446,healthy
ATM_011,2023-12-13,430474,444121,437555.791666666667,13939,0,0,316939.803571428571,16141.571428571429,444413,healthy
ATM_011,2023-12-14,416252,430152,423487.125000000000,14222,0,0,365184.279761904762,16140.428571428571,430474,healthy
ATM_011,2023-12-15,401987,415952,409274.583333333333,14265,0,0,413428.148809523809,16145.285714285714,416252,healthy
ATM_011,2023-12-16,380527,401491,391418.916666666667,21460,0,0,437488.726190476190,16209.428571428571,401987,healthy
ATM_011,2023-12-17,359571,380066,370230.958333333333,20956,0,0,421306.291666666667,16158.000000000000,380527,healthy
ATM_011,2023-12-18,345572,359236,352682.500000000000,13999,0,0,405168.690476190476,16124.857142857143,359571,healthy
ATM_011,2023-12-19,331579,345251,338703.125000000000,13993,0,0,389050.428571428571,16119.142857142857,345572,healthy
ATM_011,2023-12-20,317461,331243,324628.041666666667,14118,0,0,372917.892857142857,16144.714285714286,331579,healthy
ATM_011,2023-12-21,303260,317134,310483.875000000000,14201,0,0,356774.571428571429,16141.714285714286,317461,healthy
ATM_011,2023-12-22,289155,302917,296282.958333333333,14105,0,0,340632.910714285714,16118.857142857143,303260,healthy
ATM_011,2023-12-23,267915,288727,278797.375000000000,21240,0,0,324544.119047619048,16087.428571428571,289155,healthy
ATM_011,2023-12-24,246653,267416,257495.083333333333,21262,0,0,308438.994047619048,16131.142857142857,267915,healthy
ATM_011,2023-12-25,232522,246343,239745.208333333333,14131,0,0,292305.095238095238,16150.000000000000,246653,healthy
ATM_011,2023-12-26,206882,231967,219921.291666666667,25640,0,0,275336.261904761905,17813.857142857143,232522,healthy
ATM_011,2023-12-27,181375,206327,194251.833333333333,25507,0,0,256711.089285714286,19440.857142857143,206882,healthy
ATM_011,2023-12-28,155926,180805,168867.916666666667,25449,0,0,236480.238095238095,21047.714285714286,181375,healthy
ATM_011,2023-12-29,130366,155367,143330.750000000000,25560,0,0,214629.922619047619,22684.142857142857,155926,healthy
ATM_011,2023-12-30,92167,129530,111542.666666666667,38199,0,0,190736.392857142857,25106.857142857143,130366,low
ATM_011,2023-12-31,91291,91291,91291.000000000000,876,0,0,166992.952380952381,22194.571428571429,92167,low
ATM_012,2023-01-01,478583,499514,489464.666666666667,21417,0,0,489464.666666666667,21417.000000000000,,healthy
ATM_012,2023-01-02,464474,478264,471602.708333333333,14109,0,0,480533.687500000000,17763.000000000000,478583,healthy
ATM_012,2023-01-03,450378,464159,457532.583333333333,14096,0,0,472866.652777777778,16540.666666666667,464474,healthy
ATM_012,2023-01-04,436132,450056,443335.541666666667,14246,0,0,465483.875000000000,15967.000000000000,450378,healthy
ATM_012,2023-01-05,421835,435803,429045.375000000000,14297,0,0,458196.175000000000,15633.000000000000,436132,healthy
ATM_012,2023-01-06,407581,421532,414828.375000000000,14254,0,0,450968.208333333333,15403.166666666667,421835,healthy
ATM_012,2023-01-07,386219,407104,397115.000000000000,21362,0,0,443274.892857142857,16254.428571428571,407581,healthy
ATM_012,2023-01-08,364762,385723,375649.541666666667,21457,0,0,427015.589285714286,16260.142857142857,386219,healthy
ATM_012,2023-01-09,350566,364423,357785.083333333333,14196,0,0,410755.928571428571,16272.571428571429,364762,healthy
ATM_012,2023-01-10,336261,350252,343475.166666666667,14305,0,0,394462.011904761905,16302.428571428571,350566,healthy
ATM_012,2023-01-11,322368,335935,329418.083333333333,13893,0,0,378188.089285714286,16252.000000000000,336261,healthy
ATM_012,2023-01-12,308034,322073,315313.833333333333,14334,0,0,361940.726190476190,16257.285714285714,322368,healthy
ATM_012,2023-01-13,293960,307715,301114.208333333333,14074,0,0,345695.845238095238,16231.571428571429,308034,healthy
ATM_012,2023-01-14,272516,293479,283316.416666666667,21444,0,0,329438.904761904762,16243.285714285714,293960,healthy
ATM_012,2023-01-15,251265,272048,262047.625000000000,21251,0,0,313210.059523809524,16213.857142857143,272516,healthy
ATM_012,2023-01-16,237080,250940,244279.875000000000,14185,0,0,296995.029761904762,16212.285714285714,251265,healthy
ATM_012,2023-01-17,222863,236728,230042.833333333333,14217,0,0,280790.410714285714,16199.714285714286,237080,healthy
ATM_012,2023-01-18,208747,222514,215849.000000000000,14116,0,0,264566.255952380952,16231.571428571429,222863,healthy
ATM_012,2023-01-19,194559,208426,201770.500000000000,14188,0,0,248345.779761904762,16210.714285714286,208747,healthy
ATM_012,2023-01-20,180481,194208,187603.500000000000,14078,0,0,232129.964285714286,16211.285714285714,194559,healthy
ATM_012,2023-01-21,159089,179984,170000.958333333333,21392,0,0,215942.041666666667,16203.857142857143,180481,healthy
ATM_012,2023-01-22,137869,158608,148653.625000000000,21220,0,0,199742.898809523809,16199.428571428571,159089,healthy
ATM_012,2023-01-23,123769,137554,130923.708333333333,14100,0,0,183549.160714285714,16187.285714285714,137869,healthy
ATM_012,2023-01-24,109669,123420,116820.541666666667,14100,0,0,167374.547619047619,16170.571428571429,123769,healthy
ATM_012,2023-01-25,95583,109344,102747.833333333333,14086,0,0,151217.238095238095,16166.285714285714,109669,low
ATM_012,2023-01-26,70278,94981,83146.666666666667,25305,0,0,134270.976190476190,17754.428571428571,95583,low
ATM_012,2023-01-27,50017,500000,189469.416666666667,25480,1,0,134537.535714285714,19383.285714285714,70278,low
ATM_012,2023-01-28,458307,495725,477725.250000000000,38331,0,0,178498.148809523810,21803.142857142857,50017,healthy
ATM_012,2023-01-29,420084,457421,439482.125000000000,38223,0,0,220045.077380952381,24232.142857142857,458307,healthy
ATM_012,2023-01-30,394579,419484,407534.833333333333,25505,0,0,259560.952380952381,25861.428571428571,420084,healthy
ATM_012,2023-01-31,368933,394019,381937.166666666667,25646,0,0,297434.755952380952,27510.857142857143,394579,healthy
ATM_012,2023-02-01,354741,368593,361970.916666666667,14192,0,0,334466.625000000000,27526.000000000000,368933,healthy
ATM_012,2023-02-02,340477,354406,347695.916666666667,14264,0,0,372259.375000000000,25948.714285714286,354741,healthy
ATM_012,2023-02-03,326383,340177,333550.083333333333,14094,0,0,392842.327380952381,24322.142857142857,340477,healthy
ATM_012,2023-02-04,304863,325917,315810.250000000000,21520,0,0,369711.613095238095,21920.571428571429,326383,healthy
ATM_012,2023-02-05,283400,304357,294292.166666666667,21463,0,0,348970.190476190476,19526.285714285714,304863,healthy
ATM_012,2023-02-06,269202,283079,276412.166666666667,14198,0,0,330238.380952380953,17911.000000000000,283400,healthy
ATM_012,2023-02-07,255407,268881,262369.500000000000,13795,0,0,313157.285714285714,16218.000000000000,269202,healthy
ATM_012,2023-02-08,241064,255103,248324.500000000000,14343,0,0,296922.083333333333,16239.571428571429,255407,healthy
ATM_012,2023-02-09,227020,240716,234080.500000000000,14044,0,0,280691.309523809524,16208.142857142857,241064,healthy
ATM_012,2023-02-10,212807,226709,220065.791666666667,14213,0,0,264479.267857142857,16225.142857142857,227020,healthy
ATM_012,2023-02-11,191578,212330,202330.958333333333,21229,0,0,248267.940476190476,16183.571428571429,212807,healthy
ATM_012,2023-02-12,170525,191072,181213.541666666667,21053,0,0,232113.851190476191,16125.000000000000,191578,healthy
ATM_012,2023-02-13,156119,170181,163403.208333333333,14406,0,0,215969.714285714286,16154.714285714286,170525,healthy
ATM_012,2023-02-14,141748,155797,149029.333333333333,14371,0,0,199778.261904761905,16237.000000000000,156119,healthy
ATM_012,2023-02-15,127615,141418,134797.916666666667,14133,0,0,183560.178571428571,16207.000000000000,141748,healthy
ATM_012,2023-02-16,113451,127290,120606.791666666667,14164,0,0,167349.648809523810,16224.142857142857,127615,healthy
ATM_012,2023-02-17,99333,113124,106480.958333333333,14118,0,0,151123.244047619048,16210.571428571429,113451,low
ATM_012,2023-02-18,77974,98844,88810.750000000000,21359,0,0,134906.071428571429,16229.142857142857,99333,low
ATM_012,2023-02-19,56664,77485,67437.916666666667,21310,0,0,118652.410714285714,16265.857142857143,77974,low
ATM_012,2023-02-20,50713,500000,274888.625000000000,14092,1,0,134578.898809523810,16221.000000000000,56664,low
ATM_012,2023-02-21,478609,492574,485884.833333333333,14309,0,0,182701.113095238095,16212.142857142857,50713,healthy
ATM_012,2023-02-22,464549,478277,471712.750000000000,14060,0,0,230831.803571428571,16201.714285714286,478609,healthy
ATM_012,2023-02-23,450363,464240,457602.125000000000,14186,0,0,278973.994047619048,16204.857142857143,464549,healthy
ATM_012,2023-02-24,436121,450012,443350.166666666667,14242,0,0,327098.166666666667,16222.571428571429,450363,healthy
ATM_012,2023-02-25,415093,435644,425734.291666666667,21028,0,0,375230.101190476191,16175.285714285714,436121,healthy
ATM_012,2023-02-26,376964,414193,396268.125000000000,38129,0,0,422205.845238095238,18578.000000000000,415093,healthy
ATM_012,2023-02-27,351615,376381,364379.041666666667,25349,0,0,434990.190476190476,20186.142857142857,376964,healthy
ATM_012,2023-02-28,326027,351060,339071.625000000000,25588,0,0,414016.875000000000,21797.428571428571,351615,healthy
ATM_012,2023-03-01,311898,325695,318981.250000000000,14129,0,0,392198.089285714286,21807.285714285714,326027,healthy
ATM_012,2023-03-02,297742,311583,304961.541666666667,14156,0,0,370392.291666666667,21803.000000000000,311898,healthy
ATM_012,2023-03-03,283690,297414,290819.833333333333,14052,0,0,348602.244047619048,21775.857142857143,297742,healthy
ATM_012,2023-03-04,262678,283252,273335.458333333333,21012,0,0,326830.982142857143,21773.571428571429,283690,healthy
ATM_012,2023-03-05,241147,262199,252105.125000000000,21531,0,0,306236.267857142857,19402.428571428571,262678,healthy
ATM_012,2023-03-06,226965,240837,234183.125000000000,14182,0,0,287636.851190476190,17807.142857142857,241147,healthy
ATM_012,2023-03-07,212946,226636,220094.000000000000,14019,0,0,270640.047619047619,16154.428571428571,226965,healthy
ATM_012,2023-03-08,198785,212610,205955.625000000000,14161,0,0,254493.529761904762,16159.000000000000,212946,healthy
ATM_012,2023-03-09,184589,198475,191751.875000000000,14196,0,0,238320.720238095238,16164.714285714286,198785,healthy
ATM_012,2023-03-10,170197,184260,177497.458333333333,14392,0,0,222131.809523809524,16213.285714285714,184589,healthy
ATM_012,2023-03-11,148986,169723,159734.041666666667,21211,0,0,205903.035714285714,16241.714285714286,170197,healthy
ATM_012,2023-03-12,127840,148532,138587.958333333333,21146,0,0,189686.297619047619,16186.714285714286,148986,healthy
ATM_012,2023-03-13,113686,127544,120876.375000000000,14154,0,0,173499.619047619048,16182.714285714286,127840,healthy
ATM_012,2023-03-14,99400,113394,106690.375000000000,14286,0,0,157299.101190476190,16220.857142857143,113686,low
ATM_012,2023-03-15,85376,99101,92528.041666666667,14024,0,0,141095.160714285714,16201.285714285714,99400,low
ATM_012,2023-03-16,71238,85053,78418.416666666667,14138,0,0,124904.666666666667,16193.000000000000,85376,low
ATM_012,2023-03-17,56820,70916,64146.875000000000,14418,0,0,108711.726190476191,16196.714285714286,71238,low
ATM_012,2023-03-18,50914,500000,309202.958333333333,21285,1,0,130064.428571428571,16207.285714285714,56820,low
ATM_012,2023-03-19,464853,485683,475650.791666666667,21315,0,0,178216.261904761905,16231.428571428571,50914,healthy
ATM_012,2023-03-20,450704,464540,457862.500000000000,14149,0,0,226357.136904761905,16230.714285714286,464853,healthy
ATM_012,2023-03-21,436666,450377,443766.416666666667,14038,0,0,274510.857142857143,16195.285714285714,450704,healthy
ATM_012,2023-03-22,422335,436380,429638.083333333333,14331,0,0,322669.434523809524,16239.142857142857,436666,healthy
ATM_012,2023-03-23,408216,422010,415385.083333333333,14119,0,0,370807.529761904762,16236.428571428571,422335,healthy
ATM_012,2023-03-24,393970,407882,401186.541666666667,14246,0,0,418956.053571428571,16211.857142857143,408216,healthy
ATM_012,2023-03-25,372925,393504,383598.500000000000,21045,0,0,429583.988095238095,16177.571428571429,393970,healthy
ATM_012,2023-03-26,334632,372090,354089.666666666667,38293,0,0,412218.113095238095,18603.000000000000,372925,healthy
ATM_012,2023-03-27,309261,334022,322130.458333333333,25371,0,0,392827.821428571429,20206.142857142857,334632,healthy
ATM_012,2023-03-28,283770,308688,296717.958333333333,25491,0,0,371820.898809523809,21842.285714285714,309261,healthy
ATM_012,2023-03-29,258335,283207,271293.375000000000,25435,0,0,349200.226190476190,23428.571428571429,283770,healthy
ATM_012,2023-03-30,233086,257762,245924.958333333333,25249,0,0,324991.636904761905,25018.571428571429,258335,healthy
ATM_012,2023-03-31,207475,232481,220496.083333333333,25611,0,0,299178.714285714286,26642.142857142857,233086,healthy
ATM_012,2023-04-01,186290,207007,196984.333333333333,21185,0,0,272519.547619047619,26662.142857142857,207475,healthy
ATM_012,2023-04-02,165153,185815,175865.041666666667,21137,0,0,247058.886904761905,24211.285714285714,186290,healthy
ATM_012,2023-04-03,150847,164851,158111.375000000000,14306,0,0,223627.589285714286,22630.571428571429,165153,healthy
ATM_012,2023-04-04,136888,150515,143967.791666666667,13959,0,0,201806.136904761905,20983.142857142857,150847,healthy
ATM_012,2023-04-05,122601,136601,129877.958333333333,14287,0,0,181603.934523809524,19390.571428571429,136888,healthy
ATM_012,2023-04-06,108387,122281,115646.416666666667,14214,0,0,162992.714285714286,17814.142857142857,122601,healthy
ATM_012,2023-04-07,94212,108110,101422.000000000000,14175,0,0,145982.130952380952,16180.428571428571,108387,low
ATM_012,2023-04-08,72920,93756,83706.333333333333,21292,0,0,129799.559523809524,16195.714285714286,94212,low
ATM_012,2023-04-09,51438,72407,62280.541666666667,21482,0,0,113573.202380952381,16245.000000000000,72920,low
ATM_012,2023-04-10,50069,500000,419539.458333333333,14324,1,0,150920.071428571429,16247.571428571429,51438,low
ATM_012,2023-04-11,473152,487039,480378.875000000000,14200,0,0,198978.797619047619,16282.000000000000,50069,healthy
ATM_012,2023-04-12,459017,472837,466203.416666666667,14135,0,0,247025.291666666667,16260.285714285714,473152,healthy
ATM_012,2023-04-13,444852,458695,452058.416666666667,14165,0,0,295084.148809523810,16253.285714285714,459017,healthy
ATM_012,2023-04-14,430743,444547,437905.500000000000,14109,0,0,343153.220238095238,16243.857142857143,444852,healthy
ATM_012,2023-04-15,409339,430259,420151.458333333333,21404,0,0,391216.809523809524,16259.857142857143,430743,healthy
ATM_012,2023-04-16,388081,408844,398839.583333333333,21258,0,0,439296.672619047619,16227.857142857143,409339,healthy
ATM_012,2023-04-17,373630,387755,380951.958333333333,14451,0,0,433784.172619047619,16246.000000000000,388081,healthy
ATM_012,2023-04-18,359642,373319,366766.291666666667,13988,0,0,417553.803571428571,16215.714285714286,373630,healthy
ATM_012,2023-04-19,345468,359318,352679.041666666667,14174,0,0,401336.035714285714,16221.285714285714,359642,healthy
ATM_012,2023-04-20,331526,345140,338615.000000000000,13942,0,0,385129.833333333333,16189.428571428571,345468,healthy
ATM_012,2023-04-21,317327,331210,324564.958333333333,14199,0,0,368938.327380952381,16202.285714285714,331526,healthy
ATM_012,2023-04-22,296087,316843,306876.125000000000,21240,0,0,352756.136904761905,16178.857142857143,317327,healthy
ATM_012,2023-04-23,274970,295592,285656.041666666667,21117,0,0,336587.059523809524,16158.714285714286,296087,healthy
ATM_012,2023-04-24,260759,274647,267988.958333333333,14211,0,0,320449.488095238095,16124.428571428571,274970,healthy
ATM_012,2023-04-25,246608,260421,253747.458333333333,14151,0,0,304303.940476190476,16147.714285714286,260759,healthy
ATM_012,2023-04-26,220989,246037,234027.666666666667,25619,0,0,287353.744047619048,17782.714285714286,246608,healthy
ATM_012,2023-04-27,195599,220392,208424.458333333333,25390,0,0,268755.095238095238,19418.142857142857,220989,healthy
ATM_012,2023-04-28,170200,195035,183157.166666666667,25399,0,0,248553.982142857143,21018.142857142857,195599,healthy
ATM_012,2023-04-29,131926,169341,151350.041666666667,38274,0,0,226335.970238095238,23451.571428571429,170200,healthy
ATM_012,2023-04-30,93786,131049,113160.541666666667,38140,0,0,201693.755952380952,25883.428571428571,131926,low
ATM_012,2023-05-01,79419,93476,86688.375000000000,14367,0,0,175793.672619047619,25905.714285714286,93786,low
ATM_012,2023-05-02,65344,79101,72488.500000000000,14075,0,0,149899.535714285714,25894.857142857143,79419,low
ATM_012,2023-05-03,51121,65005,58316.833333333333,14223,0,0,124797.988095238095,24266.857142857143,65344,low
ATM_012,2023-05-04,50140,500000,438076.958333333333,14133,1,0,157605.488095238095,22658.714285714286,51121,low
ATM_012,2023-05-05,473021,486874,480224.458333333333,14149,0,0,200043.672619047619,21051.571428571429,50140,healthy
ATM_012,2023-05-06,451795,472538,462565.375000000000,21226,0,0,244503.005952380952,18616.142857142857,473021,healthy
ATM_012,2023-05-07,430405,451285,441239.625000000000,21390,0,0,291371.446428571428,16223.285714285714,451795,healthy
ATM_012,2023-05-08,416089,430111,423348.625000000000,14316,0,0,339465.767857142857,16216.000000000000,430405,healthy
ATM_012,2023-05-09,402227,415771,409252.041666666667,13862,0,0,387574.845238095238,16185.571428571429,416089,healthy
ATM_012,2023-05-10,388331,401888,395364.375000000000,13896,0,0,435724.494047619048,16138.857142857143,402227,healthy
ATM_012,2023-05-11,374099,388007,381293.166666666667,14232,0,0,427612.523809523810,16153.000000000000,388331,healthy
ATM_012,2023-05-12,359998,373780,367163.958333333333,14101,0,0,411461.023809523810,16146.142857142857,374099,healthy
ATM_012,2023-05-13,338779,359551,349564.083333333333,21219,0,0,395317.982142857143,16145.142857142857,359998,healthy
ATM_012,2023-05-14,317569,338286,328274.333333333333,21210,0,0,379180.083333333333,16119.428571428571,338779,healthy
ATM_012,2023-05-15,303345,317224,310562.875000000000,14224,0,0,363067.833333333333,16106.285714285714,317569,healthy
ATM_012,2023-05-16,289031,303013,296297.291666666667,14314,0,0,346931.440476190476,16170.857142857143,303345,healthy
ATM_012,2023-05-17,274895,288719,282042.125000000000,14136,0,0,330742.547619047619,16205.142857142857,289031,healthy
ATM_012,2023-05-18,260681,274571,267896.833333333333,14214,0,0,314543.071428571428,16202.571428571429,274895,healthy
ATM_012,2023-05-19,246457,260352,253691.875000000000,14224,0,0,298332.773809523809,16220.142857142857,260681,healthy
ATM_012,2023-05-20,225154,245970,235986.708333333333,21303,0,0,282107.434523809524,16232.142857142857,246457,healthy
ATM_012,2023-05-21,204017,224668,214745.500000000000,21137,0,0,265889.029761904762,16221.714285714286,225154,healthy
ATM_012,2023-05-22,189814,203693,197031.708333333333,14203,0,0,249670.291666666667,16218.714285714286,204017,healthy
ATM_012,2023-05-23,175503,189481,182756.916666666667,14311,0,0,233450.238095238095,16218.285714285714,189814,healthy
ATM_012,2023-05-24,161127,175168,168428.250000000000,14376,0,0,217219.684523809524,16252.571428571429,175503,healthy
ATM_012,2023-05-25,147030,160812,154145.041666666667,14097,0,0,200969.428571428571,16235.857142857143,161127,healthy
ATM_012,2023-05-26,121382,146420,134367.250000000000,25648,0,0,183923.053571428571,17867.857142857143,147030,healthy
ATM_012,2023-05-27,83369,120522,102556.291666666667,38013,0,0,164861.565476190476,20255.000000000000,121382,low
ATM_012,2023-05-28,50302,500000,177148.208333333333,38241,1,0,159490.523809523810,22698.428571428571,83369,low
ATM_012,2023-05-29,470063,495145,483072.875000000000,25661,0,0,200353.547619047619,24335.285714285714,50302,healthy
ATM_012,2023-05-30,444788,469498,457581.958333333333,25275,0,0,239614.267857142857,25901.571428571429,470063,healthy
ATM_012,2023-05-31,419321,444222,432264.625000000000,25467,0,0,277305.178571428571,27486.000000000000,444788,healthy
ATM_012,2023-06-01,405131,418968,412325.416666666667,14190,0,0,314188.089285714286,27499.285714285714,419321,healthy
ATM_012,2023-06-02,390853,404829,398162.583333333333,14278,0,0,351873.136904761905,25875.000000000000,405131,healthy
ATM_012,2023-06-03,369643,390383,380434.875000000000,21210,0,0,391570.077380952381,23474.571428571429,390853,healthy
ATM_012,2023-06-04,348455,369153,359222.750000000000,21188,0,0,417580.726190476190,21038.428571428571,369643,healthy
ATM_012,2023-06-05,334410,348144,341503.125000000000,14045,0,0,397356.476190476190,19379.000000000000,348455,healthy
ATM_012,2023-06-06,320323,334104,327491.500000000000,14087,0,0,378772.125000000000,17780.714285714286,334410,healthy
ATM_012,2023-06-07,306124,319996,313338.875000000000,14199,0,0,361782.732142857143,16171.000000000000,320323,healthy
ATM_012,2023-06-08,291859,305774,299081.166666666667,14265,0,0,345604.982142857143,16181.714285714286,306124,healthy
ATM_012,2023-06-09,277756,291527,284862.791666666667,14103,0,0,329419.297619047619,16156.714285714286,291859,healthy
ATM_012,2023-06-10,256615,277290,267341.541666666667,21141,0,0,313263.107142857143,16146.857142857143,277756,healthy
ATM_012,2023-06-11,235300,256136,246132.333333333333,21315,0,0,297107.333333333333,16165.000000000000,256615,healthy
ATM_012,2023-06-12,220980,234972,228242.208333333333,14320,0,0,280927.202380952381,16204.285714285714,235300,healthy
ATM_012,2023-06-13,207010,220683,214121.500000000000,13970,0,0,264731.488095238095,16187.571428571429,220980,healthy
ATM_012,2023-06-14,192709,206680,199965.416666666667,14301,0,0,248535.279761904762,16202.142857142857,207010,healthy
ATM_012,2023-06-15,178594,192398,185733.708333333333,14115,0,0,232342.785714285714,16180.714285714286,192709,healthy
ATM_012,2023-06-16,164449,178255,171559.750000000000,14145,0,0,216156.636904761905,16186.714285714286,178594,healthy
ATM_012,2023-06-17,143474,163995,154102.125000000000,20975,0,0,199979.577380952381,16163.000000000000,164449,healthy
ATM_012,2023-06-18,122461,142994,133139.666666666667,21013,0,0,183837.767857142857,16119.857142857143,143474,healthy
ATM_012,2023-06-19,108277,122185,115499.708333333333,14184,0,0,167731.696428571429,16100.428571428571,122461,healthy
ATM_012,2023-06-20,94113,107968,101304.166666666667,14164,0,0,151614.934523809524,16128.142857142857,108277,low
ATM_012,2023-06-21,79892,93811,87131.750000000000,14221,0,0,135495.839285714286,16116.714285714286,94113,low
ATM_012,2023-06-22,65794,79581,72966.875000000000,14098,0,0,119386.291666666667,16114.285714285714,79892,low
ATM_012,2023-06-23,51590,65468,58809.583333333333,14204,0,0,103279.125000000000,16122.714285714286,65794,low
ATM_012,2023-06-24,50169,500000,435221.083333333333,21093,1,0,143438.976190476190,16139.571428571429,51590,low
ATM_012,2023-06-25,459595,480334,470374.916666666667,21218,0,0,191615.440476190476,16168.857142857143,50169,healthy
ATM_012,2023-06-26,434061,458996,446988.916666666667,25534,0,0,238971.041666666667,17790.285714285714,459595,healthy
ATM_012,2023-06-27,408437,433496,421432.083333333333,25624,0,0,284703.601190476190,19427.428571428571,434061,healthy
ATM_012,2023-06-28,382932,407868,395847.750000000000,25505,0,0,328805.886904761905,21039.428571428571,408437,healthy
ATM_012,2023-06-29,357311,382356,370375.791666666667,25621,0,0,371292.875000000000,22685.571428571429,382932,healthy
ATM_012,2023-06-30,331690,356743,344720.500000000000,25621,0,0,412137.291666666667,24316.571428571429,357311,healthy
ATM_012,2023-07-01,310392,331234,321223.916666666667,21298,0,0,395851.982142857143,24345.857142857143,331690,healthy
ATM_012,2023-07-02,289218,309906,299978.958333333333,21174,0,0,371509.702380952381,24339.571428571429,310392,healthy
ATM_012,2023-07-03,275083,288913,282229.625000000000,14135,0,0,347972.660714285714,22711.142857142857,289218,healthy
ATM_012,2023-07-04,260880,274729,268048.291666666667,14203,0,0,326060.690476190476,21079.571428571429,275083,healthy
ATM_012,2023-07-05,246795,260557,253896.500000000000,14085,0,0,305781.940476190476,19448.142857142857,260880,healthy
ATM_012,2023-07-06,232635,246470,239814.208333333333,14160,0,0,287130.285714285714,17810.857142857143,246795,healthy
ATM_012,2023-07-07,218549,232298,225715.208333333333,14086,0,0,270129.529761904762,16163.000000000000,232635,healthy
ATM_012,2023-07-08,197302,218095,208134.750000000000,21247,0,0,253973.934523809524,16155.714285714286,218549,healthy
ATM_012,2023-07-09,176121,196816,186822.125000000000,21181,0,0,237808.672619047619,16156.714285714286,197302,healthy
ATM_012,2023-07-10,161943,175804,169196.416666666667,14178,0,0,221661.071428571429,16162.857142857143,176121,healthy
ATM_012,2023-07-11,147571,161629,154863.125000000000,14372,0,0,205491.761904761905,16187.000000000000,161943,healthy
ATM_012,2023-07-12,133468,147231,140610.750000000000,14103,0,0,189308.083333333333,16189.571428571429,147571,healthy
ATM_012,2023-07-13,119288,133131,126492.000000000000,14180,0,0,173119.196428571429,16192.428571428571,133468,healthy
ATM_012,2023-07-14,105328,118972,112379.041666666667,13960,0,0,156928.315476190476,16174.428571428571,119288,healthy
ATM_012,2023-07-15,84113,104864,94934.125000000000,21215,0,0,140756.797619047619,16169.857142857143,105328,low
ATM_012,2023-07-16,63078,83631,73852.666666666667,21035,0,0,124618.303571428572,16149.000000000000,84113,low
ATM_012,2023-07-17,50152,500000,131099.250000000000,14203,1,0,119175.851190476191,16152.571428571429,63078,low
ATM_012,2023-07-18,484775,498736,491994.875000000000,14280,0,0,167337.529761904762,16139.428571428571,50152,healthy
ATM_012,2023-07-19,470629,484459,477804.250000000000,14146,0,0,215508.029761904762,16145.571428571429,484775,healthy
ATM_012,2023-07-20,456491,470296,463686.208333333333,14138,0,0,263678.630952380952,16139.571428571429,470629,healthy
ATM_012,2023-07-21,442362,456192,449550.708333333333,14129,0,0,311846.011904761905,16163.714285714286,456491,healthy
ATM_012,2023-07-22,421231,441864,431875.333333333333,21131,0,0,359980.470238095238,16151.714285714286,442362,healthy
ATM_012,2023-07-23,400229,420714,410875.875000000000,21002,0,0,408126.642857142857,16147.000000000000,421231,healthy
ATM_012,2023-07-24,386159,399918,393287.416666666667,14070,0,0,445582.095238095238,16128.000000000000,400229,healthy
ATM_012,2023-07-25,371942,385850,379155.750000000000,14217,0,0,429462.220238095238,16119.000000000000,386159,healthy
ATM_012,2023-07-26,346439,371361,359369.333333333333,25503,0,0,412542.946428571428,17741.428571428571,371942,healthy
ATM_012,2023-07-27,320937,345878,333901.583333333333,25502,0,0,394002.285714285714,19364.857142857143,346439,healthy
ATM_012,2023-07-28,295464,320351,308382.500000000000,25473,0,0,373835.398809523809,20985.428571428571,320937,healthy
ATM_012,2023-07-29,257225,294578,276581.416666666667,38239,0,0,351650.553571428571,23429.428571428571,295464,healthy
ATM_012,2023-07-30,219147,256338,238482.666666666667,38078,0,0,327022.952380952381,25868.857142857143,257225,healthy
ATM_012,2023-07-31,193444,218552,206545.250000000000,25703,0,0,300345.500000000000,27530.714285714286,219147,healthy
ATM_012,2023-08-01,179363,193121,186497.500000000000,14081,0,0,272822.892857142857,27511.285714285714,193444,healthy
ATM_012,2023-08-02,165170,179027,172318.125000000000,14193,0,0,246101.291666666667,25895.571428571429,179363,healthy
ATM_012,2023-08-03,150963,164834,158160.958333333333,14207,0,0,220995.488095238095,24282.000000000000,165170,healthy
ATM_012,2023-08-04,136850,150649,143989.833333333333,14113,0,0,197510.821428571429,22659.142857142857,150963,healthy
ATM_012,2023-08-05,115612,136344,126330.375000000000,21238,0,0,176046.386904761905,20230.428571428571,136850,healthy
ATM_012,2023-08-06,94378,115113,105206.708333333333,21234,0,0,157006.964285714286,17824.142857142857,115612,low
ATM_012,2023-08-07,80096,94086,87331.708333333333,14282,0,0,139976.458333333333,16192.571428571429,94378,low
ATM_012,2023-08-08,66035,79790,73149.500000000000,14061,0,0,123783.886904761905,16189.714285714286,80096,low
ATM_012,2023-08-09,51745,65727,59044.625000000000,14290,0,0,107601.958333333333,16203.571428571429,66035,low
ATM_012,2023-08-10,50145,500000,401111.458333333333,14286,1,0,142309.172619047619,16214.857142857143,51745,low
ATM_012,2023-08-11,473470,487329,480699.541666666667,14174,0,0,190410.559523809524,16223.571428571429,50145,healthy
ATM_012,2023-08-12,452208,473013,462983.500000000000,21262,0,0,238503.863095238095,16227.000000000000,473470,healthy
ATM_012,2023-08-13,430953,451727,441795.250000000000,21255,0,0,286587.940476190476,16230.000000000000,452208,healthy
ATM_012,2023-08-14,416844,430626,424004.000000000000,14109,0,0,334683.982142857143,16205.285714285714,430953,healthy
ATM_012,2023-08-15,402724,416554,409903.833333333333,14120,0,0,382791.744047619048,16213.714285714286,416844,healthy
ATM_012,2023-08-16,388588,402443,395788.291666666667,14136,0,0,430897.982142857143,16191.714285714286,402724,healthy
ATM_012,2023-08-17,374586,388285,381689.291666666667,14002,0,0,428123.386904761905,16151.142857142857,388588,healthy
ATM_012,2023-08-18,360427,374271,367562.750000000000,14159,0,0,411960.988095238095,16149.000000000000,374586,healthy
ATM_012,2023-08-19,339187,359943,349978.666666666667,21240,0,0,395817.440476190476,16145.857142857143,360427,healthy
ATM_012,2023-08-20,318152,338687,328777.666666666667,21035,0,0,379672.071428571429,16114.428571428571,339187,healthy
ATM_012,2023-08-21,304145,317845,311284.416666666667,14007,0,0,363569.273809523810,16099.857142857143,318152,healthy
ATM_012,2023-08-22,290015,303838,297195.750000000000,14130,0,0,347468.119047619048,16101.285714285714,304145,healthy
ATM_012,2023-08-23,275829,289688,283048.750000000000,14186,0,0,331362.470238095238,16108.428571428571,290015,healthy
ATM_012,2023-08-24,261899,275532,268972.291666666667,13930,0,0,315260.041666666667,16098.142857142857,275829,healthy
ATM_012,2023-08-25,247976,261564,255045.041666666667,13923,0,0,299186.083333333334,16064.428571428571,261899,healthy
ATM_012,2023-08-26,209886,247127,229206.791666666667,38090,0,0,281932.958333333334,18471.571428571429,247976,healthy
ATM_012,2023-08-27,171655,209045,191104.791666666667,38231,0,0,262265.404761904762,20928.142857142857,209886,healthy
ATM_012,2023-08-28,146117,171059,159109.916666666667,25538,0,0,240526.190476190476,22575.428571428571,171655,healthy
ATM_012,2023-08-29,120406,145539,133478.041666666667,25711,0,0,217137.946428571429,24229.857142857143,146117,healthy
ATM_012,2023-08-30,94898,119850,107909.666666666667,25508,0,0,192118.077380952381,25847.285714285714,120406,low
ATM_012,2023-08-31,69469,94331,82380.833333333333,25429,0,0,165462.154761904762,27490.000000000000,94898,low
ATM_012,2023-09-01,55324,69152,62523.208333333333,14145,0,0,137959.035714285714,27521.714285714286,69469,low
ATM_012,2023-09-02,50975,500000,326411.125000000000,21523,1,0,151845.369047619048,25155.000000000000,55324,low
ATM_012,2023-09-03,463310,483983,474046.583333333333,21143,0,0,192265.625000000000,22713.857142857143,50975,healthy
ATM_012,2023-09-04,449173,462991,456351.666666666667,14137,0,0,234728.732142857143,21085.142857142857,463310,healthy
ATM_012,2023-09-05,434824,448847,442091.958333333333,14349,0,0,278816.434523809524,19462.000000000000,449173,healthy
ATM_012,2023-09-06,420714,434514,427887.333333333333,14110,0,0,324527.529761904762,17833.714285714286,434824,healthy
ATM_012,2023-09-07,406477,420383,413717.208333333333,14237,0,0,371861.297619047619,16234.857142857143,420714,healthy
ATM_012,2023-09-08,392603,406185,399632.333333333333,13874,0,0,420019.744047619047,16196.142857142857,406477,healthy
ATM_012,2023-09-09,371477,392125,382215.708333333333,21126,0,0,427991.827380952381,16139.428571428571,392603,healthy
ATM_012,2023-09-10,350015,370985,360998.208333333333,21462,0,0,411842.059523809524,16185.000000000000,371477,healthy
ATM_012,2023-09-11,335666,349671,342955.458333333333,14349,0,0,395642.601190476190,16215.285714285714,350015,healthy
ATM_012,2023-09-12,321310,335322,328599.750000000000,14356,0,0,379429.428571428571,16216.285714285714,335666,healthy
ATM_012,2023-09-13,307507,321010,314527.125000000000,13803,0,0,363235.113095238095,16172.428571428571,321310,healthy
ATM_012,2023-09-14,292887,307192,300294.875000000000,14620,0,0,347031.922619047619,16227.142857142857,307507,healthy
ATM_012,2023-09-15,278650,292558,285828.625000000000,14237,0,0,330774.250000000000,16279.000000000000,292887,healthy
ATM_012,2023-09-16,257460,278167,268194.791666666667,21190,0,0,314485.547619047619,16288.142857142857,278650,healthy
ATM_012,2023-09-17,236211,256962,247003.458333333333,21249,0,0,298200.583333333333,16257.714285714286,257460,healthy
ATM_012,2023-09-18,222012,235891,229186.916666666667,14199,0,0,281947.934523809524,16236.285714285714,236211,healthy
ATM_012,2023-09-19,207808,221692,214985.291666666667,14204,0,0,265717.297619047619,16214.571428571429,222012,healthy
ATM_012,2023-09-20,193763,207467,200842.958333333333,14045,0,0,249476.702380952381,16249.142857142857,207808,healthy
ATM_012,2023-09-21,179656,193447,186810.666666666667,14107,0,0,233264.672619047619,16175.857142857143,193763,healthy
ATM_012,2023-09-22,165309,179375,172602.500000000000,14347,0,0,217089.511904761905,16191.571428571429,179656,healthy
ATM_012,2023-09-23,143876,164817,154759.333333333333,21433,0,0,200884.446428571429,16226.285714285714,165309,healthy
ATM_012,2023-09-24,122635,143381,133480.291666666667,21241,0,0,184666.851190476191,16225.142857142857,143876,healthy
ATM_012,2023-09-25,108569,122276,115652.583333333333,14066,0,0,168447.660714285714,16206.142857142857,122635,healthy
ATM_012,2023-09-26,82848,108028,95974.625000000000,25721,0,0,151446.136904761905,17851.428571428571,108569,low
ATM_012,2023-09-27,57298,82291,70214.541666666667,25550,0,0,132784.934523809524,19495.000000000000,82848,low
ATM_012,2023-09-28,50316,500000,308161.458333333333,25496,1,0,150120.761904761905,21122.000000000000,57298,low
ATM_012,2023-09-29,457690,482716,470717.708333333333,25575,0,0,192708.648809523809,22726.000000000000,50316,healthy
ATM_012,2023-09-30,419030,456803,438745.833333333333,38660,0,0,233278.148809523809,25187.000000000000,457690,healthy
ATM_012,2023-10-01,397511,418600,408463.083333333333,21519,0,0,272561.404761904762,25226.714285714286,419030,healthy
ATM_012,2023-10-02,383347,397176,390484.083333333333,14164,0,0,311823.047619047619,25240.714285714286,397511,healthy
ATM_012,2023-10-03,369212,383026,376409.750000000000,14135,0,0,351885.208333333333,23585.571428571429,383347,healthy
ATM_012,2023-10-04,355094,368936,362296.833333333333,14118,0,0,393611.250000000000,21952.428571428571,369212,healthy
ATM_012,2023-10-05,340973,354795,348123.458333333333,14121,0,0,399320.107142857143,20327.428571428571,355094,healthy
ATM_012,2023-10-06,326984,340628,334148.208333333333,13989,0,0,379810.178571428571,18672.285714285714,340973,healthy
ATM_012,2023-10-07,305761,326528,316566.333333333333,21223,0,0,362355.964285714285,16181.285714285714,326984,healthy
ATM_012,2023-10-08,284419,305281,295231.333333333333,21342,0,0,346180.000000000000,16156.000000000000,305761,healthy
ATM_012,2023-10-09,270115,284103,277376.000000000000,14304,0,0,330021.702380952381,16176.000000000000,284419,healthy
ATM_012,2023-10-10,256082,269831,263228.375000000000,14033,0,0,313852.934523809524,16161.428571428571,270115,healthy
ATM_012,2023-10-11,242020,255767,249151.208333333333,14062,0,0,297689.273809523809,16153.428571428571,256082,healthy
ATM_012,2023-10-12,227864,241694,235033.000000000000,14156,0,0,281533.494047619047,16158.428571428571,242020,healthy
ATM_012,2023-10-13,213426,227494,220748.625000000000,14438,0,0,265333.553571428571,16222.571428571429,227864,healthy
ATM_012,2023-10-14,192041,212928,202886.416666666667,21385,0,0,249093.565476190476,16245.714285714286,213426,healthy
ATM_012,2023-10-15,171210,191574,181789.250000000000,20831,0,0,232887.553571428571,16172.714285714286,192041,healthy
ATM_012,2023-10-16,156861,170865,164162.208333333333,14349,0,0,216714.154761904762,16179.142857142857,171210,healthy
ATM_012,2023-10-17,142569,156540,149793.750000000000,14292,0,0,200509.208333333333,16216.142857142857,156861,healthy
ATM_012,2023-10-18,128369,142243,135588.000000000000,14200,0,0,184285.892857142857,16235.857142857143,142569,healthy
ATM_012,2023-10-19,114216,128045,121411.333333333333,14153,0,0,168054.226190476190,16235.428571428571,128369,healthy
ATM_012,2023-10-20,100040,113908,107274.333333333333,14176,0,0,151843.613095238095,16198.000000000000,114216,healthy
ATM_012,2023-10-21,78487,99558,89425.541666666667,21553,0,0,135634.916666666667,16222.000000000000,100040,low
ATM_012,2023-10-22,57086,77971,67956.208333333333,21401,0,0,119373.053571428571,16303.428571428571,78487,low
ATM_012,2023-10-23,51001,500000,275076.541666666667,14202,1,0,135217.958333333333,16282.428571428571,57086,low
ATM_012,2023-10-24,478854,492566,485948.000000000000,14039,0,0,183239.994047619048,16246.285714285714,51001,healthy
ATM_012,2023-10-25,464606,478522,471820.250000000000,14248,0,0,231273.172619047619,16253.142857142857,478854,healthy
ATM_012,2023-10-26,439073,464049,452033.208333333333,25533,0,0,278504.869047619048,17878.857142857143,464606,healthy
ATM_012,2023-10-27,413621,438514,426556.583333333333,25452,0,0,324116.619047619048,19489.714285714286,439073,healthy
ATM_012,2023-10-28,375521,412777,394864.083333333333,38100,0,0,367750.696428571428,21853.571428571429,413621,healthy
ATM_012,2023-10-29,336934,374663,356558.458333333333,38587,0,0,408979.589285714286,24308.714285714286,375521,healthy
ATM_012,2023-10-30,311209,336332,324267.875000000000,25725,0,0,416006.922619047619,25954.857142857143,336934,healthy
ATM_012,2023-10-31,285814,310672,298768.541666666667,25395,0,0,389267.000000000000,27577.142857142857,311209,healthy
ATM_012,2023-11-01,271668,285456,278828.750000000000,14146,0,0,361696.785714285714,27562.571428571429,285814,healthy
ATM_012,2023-11-02,257588,271330,264750.541666666667,14080,0,0,334942.119047619048,25926.428571428571,271668,healthy
ATM_012,2023-11-03,243210,257244,250462.666666666667,14378,0,0,309785.845238095238,24344.428571428571,257588,healthy
ATM_012,2023-11-04,222248,242717,232931.375000000000,20962,0,0,286652.601190476191,21896.142857142857,243210,healthy
ATM_012,2023-11-05,200986,221767,211816.666666666667,21262,0,0,265975.202380952381,19421.142857142857,222248,healthy
ATM_012,2023-11-06,186962,200652,194047.541666666667,14024,0,0,247372.297619047619,17749.571428571429,200986,healthy
ATM_012,2023-11-07,172609,186612,179893.833333333333,14353,0,0,230390.196428571429,16172.142857142857,186962,healthy
ATM_012,2023-11-08,158362,172258,165603.375000000000,14247,0,0,214215.142857142857,16186.571428571429,172609,healthy
ATM_012,2023-11-09,144265,158058,151458.208333333333,14097,0,0,198030.523809523810,16189.000000000000,158362,healthy
ATM_012,2023-11-10,130156,143941,137307.583333333333,14109,0,0,181865.511904761905,16150.571428571429,144265,healthy
ATM_012,2023-11-11,108992,129674,119677.250000000000,21164,0,0,165686.351190476190,16179.428571428571,130156,healthy
ATM_012,2023-11-12,87639,108470,98472.833333333333,21353,0,0,149494.375000000000,16192.428571428571,108992,low
ATM_012,2023-11-13,73275,87321,80550.500000000000,14364,0,0,133280.511904761905,16241.000000000000,87639,low
ATM_012,2023-11-14,59160,72970,66338.416666666667,14115,0,0,117058.309523809524,16207.000000000000,73275,low
ATM_012,2023-11-15,50991,500000,239648.875000000000,14270,1,0,127636.238095238095,16210.285714285714,59160,low
ATM_012,2023-11-16,480933,494627,487992.458333333333,14010,0,0,175712.559523809524,16197.857142857143,50991,healthy
ATM_012,2023-11-17,466889,480602,474021.583333333333,14044,0,0,223814.559523809524,16188.571428571429,480933,healthy
ATM_012,2023-11-18,445631,466437,456417.958333333333,21258,0,0,271920.375000000000,16202.000000000000,466889,healthy
ATM_012,2023-11-19,424418,445148,435229.125000000000,21213,0,0,320028.416666666667,16182.000000000000,445631,healthy
ATM_012,2023-11-20,410188,424107,417382.166666666667,14230,0,0,368147.226190476190,16162.857142857143,424418,healthy
ATM_012,2023-11-21,395940,409875,403165.625000000000,14248,0,0,416265.398809523809,16181.857142857143,410188,healthy
ATM_012,2023-11-22,382128,395592,389128.750000000000,13812,0,0,437619.666666666667,16116.428571428571,395940,healthy
ATM_012,2023-11-23,368081,381811,375248.041666666667,14047,0,0,421513.321428571429,16121.714285714286,382128,healthy
ATM_012,2023-11-24,353951,367765,361121.375000000000,14130,0,0,405384.720238095238,16134.000000000000,368081,healthy
ATM_012,2023-11-25,332808,353436,343537.041666666667,21143,0,0,389258.875000000000,16117.571428571429,353951,healthy
ATM_012,2023-11-26,294636,331937,314064.250000000000,38172,0,0,371949.607142857143,18540.285714285714,332808,healthy
ATM_012,2023-11-27,268865,294080,281993.291666666667,25771,0,0,352608.339285714286,20189.000000000000,294636,healthy
ATM_012,2023-11-28,243410,268327,256374.958333333333,25455,0,0,331638.244047619048,21790.000000000000,268865,healthy
ATM_012,2023-11-29,218092,242848,231021.833333333333,25318,0,0,309051.541666666667,23433.714285714286,243410,healthy
ATM_012,2023-11-30,192479,217499,205401.708333333333,25613,0,0,284787.779761904762,25086.000000000000,218092,healthy
ATM_012,2023-12-01,178341,192180,185514.083333333333,14138,0,0,259701.023809523809,25087.142857142857,192479,healthy
ATM_012,2023-12-02,156909,177858,167792.000000000000,21432,0,0,234594.589285714286,25128.428571428571,178341,healthy
ATM_012,2023-12-03,135483,156439,146388.291666666667,21426,0,0,210640.880952380952,22736.142857142857,156909,healthy
ATM_012,2023-12-04,121135,135169,128399.208333333333,14348,0,0,188698.869047619047,21104.285714285714,135483,healthy
ATM_012,2023-12-05,107103,120829,114268.208333333333,14032,0,0,168397.904761904762,19472.428571428571,121135,healthy
ATM_012,2023-12-06,93044,106788,100191.375000000000,14059,0,0,149707.839285714286,17864.000000000000,107103,low
ATM_012,2023-12-07,78965,92771,86171.333333333333,14079,0,0,132674.928571428571,16216.285714285714,93044,low
ATM_012,2023-12-08,65072,78672,72142.708333333333,13893,0,0,116479.017857142857,16181.285714285714,78965,low
ATM_012,2023-12-09,51245,500000,223375.541666666667,21443,1,0,124419.523809523809,16182.857142857143,65072,low
ATM_012,2023-12-10,472911,493517,483656.833333333333,21085,0,0,172600.744047619047,16134.142857142857,51245,healthy
ATM_012,2023-12-11,458496,472570,465825.791666666667,14415,0,0,220804.541666666667,16143.714285714286,472911,healthy
ATM_012,2023-12-12,444405,458192,451566.916666666667,14091,0,0,268990.071428571429,16152.142857142857,458496,healthy
ATM_012,2023-12-13,430300,444123,437476.375000000000,14105,0,0,317173.642857142857,16158.714285714286,444405,healthy
ATM_012,2023-12-14,416261,429939,423400.458333333333,14039,0,0,365349.232142857143,16153.000000000000,430300,healthy
ATM_012,2023-12-15,402120,415961,409313.541666666667,14141,0,0,413516.494047619048,16188.428571428571,416261,healthy
ATM_012,2023-12-16,380934,401606,391672.208333333333,21186,0,0,437558.875000000000,16151.714285714286,402120,healthy
ATM_012,2023-12-17,359731,380474,370490.208333333333,21203,0,0,421392.214285714286,16168.571428571429,380934,healthy
ATM_012,2023-12-18,345448,359399,352724.083333333333,14283,0,0,405234.827380952381,16149.714285714286,359731,healthy
ATM_012,2023-12-19,331127,345116,338382.833333333333,14321,0,0,389065.672619047619,16182.571428571429,345448,healthy
ATM_012,2023-12-20,317000,330844,324169.416666666667,14127,0,0,372878.964285714286,16185.714285714286,331127,healthy
ATM_012,2023-12-21,302496,316692,309842.000000000000,14504,0,0,356656.327380952381,16252.142857142857,317000,healthy
ATM_012,2023-12-22,288304,302179,295551.250000000000,14192,0,0,340404.571428571428,16259.428571428571,302496,healthy
ATM_012,2023-12-23,267149,287793,277877.333333333333,21155,0,0,324148.160714285714,16255.000000000000,288304,healthy
ATM_012,2023-12-24,245720,266697,256635.875000000000,21429,0,0,307883.255952380952,16287.285714285714,267149,healthy
ATM_012,2023-12-25,231535,245376,238721.416666666667,14185,0,0,291597.160714285714,16273.285714285714,245720,healthy
ATM_012,2023-12-26,206198,230968,219122.500000000000,25337,0,0,274559.970238095238,17847.000000000000,231535,healthy
ATM_012,2023-12-27,180779,205606,193632.916666666667,25419,0,0,255911.898809523810,19460.142857142857,206198,healthy
ATM_012,2023-12-28,155277,180223,168305.375000000000,25502,0,0,235692.380952380952,21031.285714285714,180779,healthy
ATM_012,2023-12-29,129471,154696,142607.583333333333,25806,0,0,213843.285714285714,22690.428571428571,155277,healthy
ATM_012,2023-12-30,91075,128612,110560.708333333333,38396,0,0,189940.910714285714,25153.428571428571,129471,low
ATM_012,2023-12-31,90219,90219,90219.000000000000,856,0,0,166167.071428571429,22214.428571428571,91075,low
ATM_013,2023-01-01,478791,499512,489514.458333333333,21209,0,0,489514.458333333333,21209.000000000000,,healthy
ATM_013,2023-01-02,464513,478478,471757.583333333333,14278,0,0,480636.020833333333,17743.500000000000,478791,healthy
ATM_013,2023-01-03,450192,464172,457458.875000000000,14321,0,0,472910.305555555555,16602.666666666667,464513,healthy
ATM_013,2023-01-04,435970,449870,443236.083333333333,14222,0,0,465491.750000000000,16007.500000000000,450192,healthy
ATM_013,2023-01-05,421630,435635,428877.291666666667,14340,0,0,458168.858333333333,15674.000000000000,435970,healthy
ATM_013,2023-01-06,407391,421291,414576.291666666667,14239,0,0,450903.430555555556,15434.833333333333,421630,healthy
ATM_013,2023-01-07,386191,406880,396986.000000000000,21200,0,0,443200.940476190476,16258.428571428571,407391,healthy
ATM_013,2023-01-08,364998,385757,375790.791666666667,21193,0,0,426954.702380952381,16256.142857142857,386191,healthy
ATM_013,2023-01-09,351000,364655,358062.250000000000,13998,0,0,410712.511904761905,16216.142857142857,364998,healthy
ATM_013,2023-01-10,336785,350677,344006.250000000000,14215,0,0,394504.994047619048,16201.000000000000,351000,healthy
ATM_013,2023-01-11,322683,336449,329810.125000000000,14102,0,0,378301.285714285714,16183.857142857143,336785,healthy
ATM_013,2023-01-12,308485,322354,315686.500000000000,14198,0,0,362131.172619047619,16163.571428571429,322683,healthy
ATM_013,2023-01-13,294448,308195,301554.750000000000,14037,0,0,345985.238095238095,16134.714285714286,308485,healthy
ATM_013,2023-01-14,273110,293958,283909.500000000000,21338,0,0,329831.452380952381,16154.428571428571,294448,healthy
ATM_013,2023-01-15,251752,272671,262637.708333333333,21358,0,0,313666.726190476190,16178.000000000000,273110,healthy
ATM_013,2023-01-16,237554,251412,244730.500000000000,14198,0,0,297476.476190476190,16206.571428571429,251752,healthy
ATM_013,2023-01-17,223428,237238,230621.625000000000,14126,0,0,281278.672619047619,16193.857142857143,237554,healthy
ATM_013,2023-01-18,209283,223150,216520.333333333333,14145,0,0,265094.416666666667,16200.000000000000,223428,healthy
ATM_013,2023-01-19,195149,208920,202344.333333333333,14134,0,0,248902.678571428571,16190.857142857143,209283,healthy
ATM_013,2023-01-20,180944,194829,188169.166666666667,14205,0,0,232704.738095238095,16214.857142857143,195149,healthy
ATM_013,2023-01-21,159591,180450,170410.083333333333,21353,0,0,216490.535714285714,16217.000000000000,180944,healthy
ATM_013,2023-01-22,138529,159073,149157.583333333333,21062,0,0,200279.089285714286,16174.714285714286,159591,healthy
ATM_013,2023-01-23,124446,138190,131591.958333333333,14083,0,0,184116.440476190476,16158.285714285714,138529,healthy
ATM_013,2023-01-24,110487,124110,117570.125000000000,13959,0,0,167966.226190476190,16134.428571428571,124446,healthy
ATM_013,2023-01-25,96265,110176,103474.083333333333,14222,0,0,151816.761904761905,16145.428571428571,110487,low
ATM_013,2023-01-26,70688,95690,83622.291666666667,25577,0,0,134856.470238095238,17780.142857142857,96265,low
ATM_013,2023-01-27,50236,500000,189701.333333333333,25798,1,0,135075.351190476190,19436.285714285714,70688,low
ATM_013,2023-01-28,458492,495671,477884.416666666667,38055,0,0,179000.255952380952,21822.285714285714,50236,healthy
ATM_013,2023-01-29,420141,457641,439635.000000000000,38351,0,0,220497.029761904762,24292.142857142857,458492,healthy
ATM_013,2023-01-30,394862,419550,407744.625000000000,25279,0,0,259947.410714285714,25891.571428571429,420141,healthy
ATM_013,2023-01-31,369484,394304,382372.666666666667,25378,0,0,297776.345238095238,27522.857142857143,394862,healthy
ATM_013,2023-02-01,355374,369155,362494.875000000000,14110,0,0,334779.315476190476,27506.857142857143,369484,healthy
ATM_013,2023-02-02,341027,355033,348297.458333333333,14347,0,0,372590.053571428571,25902.571428571429,355374,healthy
ATM_013,2023-02-03,326929,340711,334076.041666666667,14098,0,0,393215.011904761905,24231.142857142857,341027,healthy
ATM_013,2023-02-04,305899,326498,316613.333333333333,21030,0,0,370176.285714285714,21799.000000000000,326929,healthy
ATM_013,2023-02-05,284848,305467,295553.916666666667,21051,0,0,349593.273809523810,19327.571428571429,305899,healthy
ATM_013,2023-02-06,270812,284515,277950.791666666667,14036,0,0,331051.297619047619,17721.428571428571,284848,healthy
ATM_013,2023-02-07,256801,270473,263901.875000000000,14011,0,0,314126.898809523810,16097.571428571429,270812,healthy
ATM_013,2023-02-08,242585,256498,249841.666666666667,14216,0,0,298033.583333333333,16112.714285714286,256801,healthy
ATM_013,2023-02-09,228454,242278,235663.291666666667,14131,0,0,281942.988095238095,16081.857142857143,242585,healthy
ATM_013,2023-02-10,214322,228122,221490.166666666667,14132,0,0,265859.291666666667,16086.714285714286,228454,healthy
ATM_013,2023-02-11,193209,213819,203889.833333333333,21113,0,0,249755.934523809524,16098.571428571429,214322,healthy
ATM_013,2023-02-12,171869,192724,182686.625000000000,21340,0,0,233632.035714285714,16139.857142857143,193209,healthy
ATM_013,2023-02-13,157643,171560,164863.833333333333,14226,0,0,217476.755952380952,16167.000000000000,171869,healthy
ATM_013,2023-02-14,143380,157313,150604.583333333333,14263,0,0,201291.428571428571,16203.000000000000,157643,healthy
ATM_013,2023-02-15,129506,143055,136530.375000000000,13874,0,0,185104.101190476190,16154.142857142857,143380,healthy
ATM_013,2023-02-16,115355,129193,122537.625000000000,14151,0,0,168943.291666666667,16157.000000000000,129506,healthy
ATM_013,2023-02-17,101178,115038,108388.666666666667,14177,0,0,152785.934523809524,16163.428571428571,115355,healthy
ATM_013,2023-02-18,79843,100681,90638.833333333333,21335,0,0,136607.220238095238,16195.142857142857,101178,low
ATM_013,2023-02-19,58540,79379,69344.375000000000,21303,0,0,120415.470238095238,16189.857142857143,79843,low
ATM_013,2023-02-20,50523,500000,239316.708333333333,14115,1,0,131051.595238095238,16174.000000000000,58540,low
ATM_013,2023-02-21,480553,494616,487831.041666666667,14385,0,0,179226.803571428571,16191.428571428571,50523,healthy
ATM_013,2023-02-22,466474,480206,473593.500000000000,14079,0,0,227378.678571428571,16220.714285714286,480553,healthy
ATM_013,2023-02-23,452413,466173,459562.416666666667,14061,0,0,275525.077380952381,16207.857142857143,466474,healthy
ATM_013,2023-02-24,438164,452104,445432.458333333333,14249,0,0,323674.190476190476,16218.142857142857,452413,healthy
ATM_013,2023-02-25,416971,437670,427716.208333333333,21193,0,0,371828.101190476190,16197.857142857143,438164,healthy
ATM_013,2023-02-26,379152,416135,398454.250000000000,37819,0,0,418843.797619047619,18557.285714285714,416971,healthy
ATM_013,2023-02-27,353563,378595,366543.333333333333,25589,0,0,437019.029761904762,20196.428571428571,379152,healthy
ATM_013,2023-02-28,328017,352971,340985.083333333333,25546,0,0,416041.035714285714,21790.857142857143,353563,healthy
ATM_013,2023-03-01,313964,327703,321152.375000000000,14053,0,0,394263.732142857143,21787.142857142857,328017,healthy
ATM_013,2023-03-02,299733,313652,306953.875000000000,14231,0,0,372462.511904761905,21811.428571428571,313964,healthy
ATM_013,2023-03-03,285573,299388,292734.875000000000,14160,0,0,350648.571428571428,21798.714285714286,299733,healthy
ATM_013,2023-03-04,264322,285101,275075.375000000000,21251,0,0,328842.738095238095,21807.000000000000,285573,healthy
ATM_013,2023-03-05,243048,263845,253836.416666666667,21274,0,0,308183.047619047619,19443.428571428571,264322,healthy
ATM_013,2023-03-06,229090,242690,236148.833333333333,13958,0,0,289555.261904761905,17781.857142857143,243048,healthy
ATM_013,2023-03-07,215062,228774,222217.750000000000,14028,0,0,272588.500000000000,16136.428571428571,229090,healthy
ATM_013,2023-03-08,200894,214737,208050.416666666667,14168,0,0,256431.077380952381,16152.857142857143,215062,healthy
ATM_013,2023-03-09,186759,200586,193895.958333333333,14135,0,0,240279.946428571429,16139.142857142857,200894,healthy
ATM_013,2023-03-10,172487,186453,179715.708333333333,14272,0,0,224134.351190476190,16155.142857142857,186759,healthy
ATM_013,2023-03-11,151271,172005,162045.291666666667,21216,0,0,207987.196428571429,16150.142857142857,172487,healthy
ATM_013,2023-03-12,129961,150794,140847.000000000000,21310,0,0,191845.851190476190,16155.285714285714,151271,healthy
ATM_013,2023-03-13,115787,129656,122993.000000000000,14174,0,0,175680.732142857143,16186.142857142857,129961,healthy
ATM_013,2023-03-14,101673,115468,108903.166666666667,14114,0,0,159492.934523809524,16198.428571428571,115787,healthy
ATM_013,2023-03-15,87428,101322,94642.416666666667,14245,0,0,143291.791666666667,16209.428571428571,101673,low
ATM_013,2023-03-16,73324,87105,80470.333333333333,14104,0,0,127088.130952380952,16205.000000000000,87428,low
ATM_013,2023-03-17,59202,73013,66393.833333333333,14122,0,0,110899.291666666667,16183.571428571429,73324,low
ATM_013,2023-03-18,50200,500000,274439.416666666667,21273,1,0,126955.595238095238,16191.714285714286,59202,low
ATM_013,2023-03-19,468231,488890,478913.541666666667,21147,0,0,175250.815476190476,16168.428571428571,50200,healthy
ATM_013,2023-03-20,454141,467919,461312.041666666667,14090,0,0,223582.107142857143,16156.428571428571,468231,healthy
ATM_013,2023-03-21,439928,453817,447101.791666666667,14213,0,0,271896.196428571429,16170.571428571429,454141,healthy
ATM_013,2023-03-22,425872,439595,432995.041666666667,14056,0,0,320232.285714285714,16143.571428571429,439928,healthy
ATM_013,2023-03-23,411630,425553,418870.416666666667,14242,0,0,368575.154761904762,16163.285714285714,425872,healthy
ATM_013,2023-03-24,397294,411287,404577.666666666667,14336,0,0,416887.130952380953,16193.857142857143,411630,healthy
ATM_013,2023-03-25,375936,396817,386827.458333333333,21358,0,0,432942.565476190476,16206.000000000000,397294,healthy
ATM_013,2023-03-26,337691,375038,357126.333333333333,38245,0,0,415544.392857142857,18648.571428571429,375936,healthy
ATM_013,2023-03-27,312041,337111,325102.125000000000,25650,0,0,396085.833333333333,20300.000000000000,337691,healthy
ATM_013,2023-03-28,286577,311512,299485.166666666667,25464,0,0,374997.744047619048,21907.285714285714,312041,healthy
ATM_013,2023-03-29,260994,285977,273964.375000000000,25583,0,0,352279.077380952381,23554.000000000000,286577,healthy
ATM_013,2023-03-30,235482,260406,248397.833333333333,25512,0,0,327925.851190476190,25164.000000000000,260994,healthy
ATM_013,2023-03-31,209659,234885,222745.916666666667,25823,0,0,301949.886904761905,26805.000000000000,235482,healthy
ATM_013,2023-04-01,188302,209182,199123.000000000000,21357,0,0,275134.964285714286,26804.857142857143,209659,healthy
ATM_013,2023-04-02,166870,187831,177787.916666666667,21432,0,0,249515.190476190476,24403.000000000000,188302,healthy
ATM_013,2023-04-03,152873,166579,159986.041666666667,13997,0,0,225927.178571428572,22738.285714285714,166870,healthy
ATM_013,2023-04-04,138801,152537,145933.458333333333,14072,0,0,203991.220238095238,21110.857142857143,152873,healthy
ATM_013,2023-04-05,124774,138475,131856.500000000000,14027,0,0,183690.095238095238,19460.000000000000,138801,healthy
ATM_013,2023-04-06,110696,124484,117853.000000000000,14078,0,0,165040.833333333333,17826.571428571429,124774,healthy
ATM_013,2023-04-07,96459,110378,103711.458333333333,14237,0,0,148035.910714285714,16171.428571428571,110696,low
ATM_013,2023-04-08,75037,95978,85849.000000000000,21422,0,0,131853.910714285714,16180.714285714286,96459,low
ATM_013,2023-04-09,53844,74568,64668.208333333333,21193,0,0,115693.952380952381,16146.571428571429,75037,low
ATM_013,2023-04-10,50991,500000,328156.625000000000,14219,1,0,139718.321428571428,16178.285714285714,53844,low
ATM_013,2023-04-11,475552,489403,482711.458333333333,14175,0,0,187829.464285714286,16193.000000000000,50991,healthy
ATM_013,2023-04-12,461580,475232,468678.583333333333,13972,0,0,235946.904761904762,16185.142857142857,475552,healthy
ATM_013,2023-04-13,447459,461269,454619.083333333333,14121,0,0,284056.345238095238,16191.285714285714,461580,healthy
ATM_013,2023-04-14,433406,447138,440548.000000000000,14053,0,0,332175.851190476190,16165.000000000000,447459,healthy
ATM_013,2023-04-15,412168,432928,422912.333333333333,21238,0,0,380327.755952380952,16138.714285714286,433406,healthy
ATM_013,2023-04-16,390879,411690,401692.541666666667,21289,0,0,428474.089285714286,16152.428571428571,412168,healthy
ATM_013,2023-04-17,376450,390548,383719.666666666667,14429,0,0,436411.666666666667,16182.428571428571,390879,healthy
ATM_013,2023-04-18,362218,376146,369488.708333333333,14232,0,0,420236.988095238095,16190.571428571429,376450,healthy
ATM_013,2023-04-19,348365,361912,355439.625000000000,13853,0,0,404059.994047619048,16173.571428571429,362218,healthy
ATM_013,2023-04-20,334151,348049,341323.041666666667,14214,0,0,387874.845238095238,16186.857142857143,348365,healthy
ATM_013,2023-04-21,320172,333842,327290.500000000000,13979,0,0,371695.202380952381,16176.285714285714,334151,healthy
ATM_013,2023-04-22,299088,319743,309828.291666666667,21084,0,0,355540.339285714286,16154.285714285714,320172,healthy
ATM_013,2023-04-23,277744,298611,288584.916666666667,21344,0,0,339382.107142857143,16162.142857142857,299088,healthy
ATM_013,2023-04-24,263799,277429,270913.333333333333,13945,0,0,323266.916666666667,16093.000000000000,277744,healthy
ATM_013,2023-04-25,249735,263475,256863.208333333333,14064,0,0,307177.559523809524,16069.000000000000,263799,healthy
ATM_013,2023-04-26,224283,249169,237220.666666666667,25452,0,0,290289.136904761905,17726.000000000000,249735,healthy
ATM_013,2023-04-27,198995,223727,211828.875000000000,25288,0,0,271789.970238095238,19308.000000000000,224283,healthy
ATM_013,2023-04-28,173479,198373,186424.750000000000,25516,0,0,251666.291666666667,20956.142857142857,198995,healthy
ATM_013,2023-04-29,135319,172634,154780.875000000000,38160,0,0,229516.660714285714,23395.571428571429,173479,healthy
ATM_013,2023-04-30,97002,134469,116455.291666666667,38317,0,0,204926.714285714286,25820.285714285714,135319,low
ATM_013,2023-05-01,82942,96679,90071.416666666667,14060,0,0,179092.154761904762,25836.714285714286,97002,low
ATM_013,2023-05-02,68726,82600,75937.625000000000,14216,0,0,153245.642857142857,25858.428571428571,82942,low
ATM_013,2023-05-03,54583,68453,61764.458333333333,14143,0,0,128180.470238095238,24242.857142857143,68726,low
ATM_013,2023-05-04,50738,500000,310341.625000000000,14115,1,0,142253.720238095238,22646.714285714286,54583,low
ATM_013,2023-05-05,476426,490453,483696.375000000000,14324,0,0,184721.095238095238,21047.857142857143,50738,healthy
ATM_013,2023-05-06,454959,475891,465813.125000000000,21467,0,0,229154.273809523810,18663.142857142857,476426,healthy
ATM_013,2023-05-07,433457,454475,444357.583333333333,21502,0,0,275997.458333333333,16261.000000000000,454959,healthy
ATM_013,2023-05-08,419355,433128,426519.875000000000,14102,0,0,324061.523809523809,16267.000000000000,433457,healthy
ATM_013,2023-05-09,405022,419023,412313.416666666667,14333,0,0,372115.208333333333,16283.714285714286,419355,healthy
ATM_013,2023-05-10,390903,404713,398085.708333333333,14119,0,0,420161.101190476190,16280.285714285714,405022,healthy
ATM_013,2023-05-11,376919,390597,384027.416666666667,13984,0,0,430687.642857142857,16261.571428571429,390903,healthy
ATM_013,2023-05-12,362843,376616,369988.750000000000,14076,0,0,414443.696428571429,16226.142857142857,376919,healthy
ATM_013,2023-05-13,341792,362308,352426.291666666667,21051,0,0,398245.577380952381,16166.714285714286,362843,healthy
ATM_013,2023-05-14,320567,341310,331367.333333333333,21225,0,0,382104.113095238095,16127.142857142857,341792,healthy
ATM_013,2023-05-15,306399,320262,313632.166666666667,14168,0,0,365977.297619047619,16136.571428571429,320567,healthy
ATM_013,2023-05-16,291857,306049,299195.666666666667,14542,0,0,349817.619047619048,16166.428571428571,306399,healthy
ATM_013,2023-05-17,277535,291557,284823.833333333333,14322,0,0,333637.351190476191,16195.428571428571,291857,healthy
ATM_013,2023-05-18,263306,277245,270580.375000000000,14229,0,0,317430.630952380952,16230.428571428571,277535,healthy
ATM_013,2023-05-19,249064,262967,256304.666666666667,14242,0,0,301190.047619047619,16254.142857142857,263306,healthy
ATM_013,2023-05-20,227567,248556,238443.458333333333,21497,0,0,284906.785714285714,16317.857142857143,249064,healthy
ATM_013,2023-05-21,206421,227091,217155.833333333333,21146,0,0,268590.857142857143,16306.571428571429,227567,healthy
ATM_013,2023-05-22,192051,206089,199347.916666666667,14370,0,0,252264.535714285714,16335.428571428571,206421,healthy
ATM_013,2023-05-23,177935,191739,185108.750000000000,14116,0,0,235966.404761904762,16274.571428571429,192051,healthy
ATM_013,2023-05-24,163876,177635,170980.333333333333,14059,0,0,219703.047619047619,16237.000000000000,177935,healthy
ATM_013,2023-05-25,149641,163571,156915.500000000000,14235,0,0,203465.208333333333,16237.857142857143,163876,healthy
ATM_013,2023-05-26,124163,149052,137066.208333333333,25478,0,0,186431.142857142857,17843.000000000000,149641,healthy
ATM_013,2023-05-27,85863,123267,105338.791666666667,38300,0,0,167416.190476190476,20243.428571428571,124163,low
ATM_013,2023-05-28,50413,500000,123428.208333333333,37996,1,0,154026.529761904762,22650.571428571429,85863,low
ATM_013,2023-05-29,472790,497743,485721.208333333333,25512,0,0,194937.000000000000,24242.285714285714,50413,healthy
ATM_013,2023-05-30,447232,472237,460240.916666666667,25558,0,0,234241.595238095238,25876.857142857143,472790,healthy
ATM_013,2023-05-31,421563,446617,434533.875000000000,25669,0,0,271892.101190476190,27535.428571428571,447232,healthy
ATM_013,2023-06-01,407289,421235,414588.666666666667,14274,0,0,308702.553571428571,27541.000000000000,421563,healthy
ATM_013,2023-06-02,393197,406974,400388.041666666667,14092,0,0,346319.958333333333,25914.428571428571,407289,healthy
ATM_013,2023-06-03,371849,392689,382597.291666666667,21348,0,0,385928.315476190476,23492.714285714286,393197,healthy
ATM_013,2023-06-04,350667,371353,361394.333333333333,21182,0,0,419923.476190476191,21090.714285714286,371849,healthy
ATM_013,2023-06-05,336386,350361,343654.708333333333,14281,0,0,399628.261904761905,19486.285714285714,350667,healthy
ATM_013,2023-06-06,322278,336051,329422.541666666667,14108,0,0,380939.922619047619,17850.571428571429,336386,healthy
ATM_013,2023-06-07,308071,321943,315302.000000000000,14207,0,0,363906.797619047619,16213.142857142857,322278,healthy
ATM_013,2023-06-08,293895,307725,301045.166666666667,14176,0,0,347686.297619047619,16199.142857142857,308071,healthy
ATM_013,2023-06-09,279659,293573,286859.000000000000,14236,0,0,331467.863095238095,16219.714285714286,293895,healthy
ATM_013,2023-06-10,258308,279189,269138.916666666667,21351,0,0,315259.523809523810,16220.142857142857,279659,healthy
ATM_013,2023-06-11,236957,257826,247825.916666666667,21351,0,0,299035.464285714286,16244.285714285714,258308,healthy
ATM_013,2023-06-12,222751,236629,229968.666666666667,14206,0,0,282794.601190476191,16233.571428571429,236957,healthy
ATM_013,2023-06-13,208640,222419,215781.583333333333,14111,0,0,266560.178571428572,16234.000000000000,222751,healthy
ATM_013,2023-06-14,194391,208313,201657.375000000000,14249,0,0,250325.232142857143,16240.000000000000,208640,healthy
ATM_013,2023-06-15,180155,194066,187346.958333333333,14236,0,0,234082.630952380952,16248.571428571429,194391,healthy
ATM_013,2023-06-16,166104,179830,173236.916666666667,14051,0,0,217850.904761904762,16222.142857142857,180155,healthy
ATM_013,2023-06-17,144964,165636,155730.916666666667,21140,0,0,201649.761904761905,16192.000000000000,166104,healthy
ATM_013,2023-06-18,123697,144483,134482.000000000000,21267,0,0,185457.773809523810,16180.000000000000,144964,healthy
ATM_013,2023-06-19,109565,123375,116686.541666666667,14132,0,0,169274.613095238095,16169.428571428571,123697,healthy
ATM_013,2023-06-20,95447,109251,102624.916666666667,14118,0,0,153109.375000000000,16170.428571428571,109565,low
ATM_013,2023-06-21,81174,95154,88439.583333333333,14273,0,0,136935.404761904762,16173.857142857143,95447,low
ATM_013,2023-06-22,66846,80839,74120.416666666667,14328,0,0,120760.184523809524,16187.000000000000,81174,low
ATM_013,2023-06-23,52585,66496,59805.208333333333,14261,0,0,104555.654761904762,16217.000000000000,66846,low
ATM_013,2023-06-24,50308,500000,398500.708333333333,21360,1,0,139237.053571428571,16248.428571428571,52585,low
ATM_013,2023-06-25,460367,480933,471019.750000000000,21000,0,0,187313.875000000000,16210.285714285714,50308,healthy
ATM_013,2023-06-26,434728,459807,447829.791666666667,25639,0,0,234620.053571428571,17854.142857142857,460367,healthy
ATM_013,2023-06-27,409183,434184,422219.125000000000,25545,0,0,280276.369047619048,19486.571428571429,434728,healthy
ATM_013,2023-06-28,384006,408636,396742.958333333333,25177,0,0,324319.708333333333,21044.285714285714,409183,healthy
ATM_013,2023-06-29,358366,383437,371359.541666666667,25640,0,0,366782.440476190476,22660.285714285714,384006,healthy
ATM_013,2023-06-30,332816,357796,345717.958333333333,25550,0,0,407627.119047619048,24273.000000000000,358366,healthy
ATM_013,2023-07-01,311795,332355,322491.708333333333,21021,0,0,396768.690476190476,24224.571428571429,332816,healthy
ATM_013,2023-07-02,290572,311287,301392.750000000000,21223,0,0,372536.261904761905,24256.428571428571,311795,healthy
ATM_013,2023-07-03,276470,290242,283591.208333333333,14102,0,0,349073.607142857143,22608.285714285714,290572,healthy
ATM_013,2023-07-04,262345,276154,269535.583333333333,14125,0,0,327261.672619047619,20976.857142857143,276470,healthy
ATM_013,2023-07-05,248204,262065,255411.791666666667,14141,0,0,307071.505952380952,19400.285714285714,262345,healthy
ATM_013,2023-07-06,234118,247892,241288.625000000000,14086,0,0,288489.946428571428,17749.714285714286,248204,healthy
ATM_013,2023-07-07,220128,233779,227222.541666666667,13990,0,0,271562.029761904762,16098.285714285714,234118,healthy
ATM_013,2023-07-08,198762,219642,209575.625000000000,21366,0,0,255431.160714285714,16147.571428571429,220128,healthy
ATM_013,2023-07-09,177270,198248,188145.583333333333,21492,0,0,239252.994047619048,16186.000000000000,198762,healthy
ATM_013,2023-07-10,163011,176936,170256.625000000000,14259,0,0,223062.339285714286,16208.428571428571,177270,healthy
ATM_013,2023-07-11,148698,162682,155980.000000000000,14313,0,0,206840.113095238095,16235.285714285714,163011,healthy
ATM_013,2023-07-12,134505,148396,141701.875000000000,14193,0,0,190595.839285714286,16242.714285714286,148698,healthy
ATM_013,2023-07-13,120218,134163,127469.708333333333,14287,0,0,174335.994047619048,16271.428571428571,134505,healthy
ATM_013,2023-07-14,106055,119914,113260.458333333333,14163,0,0,158055.696428571428,16296.142857142857,120218,healthy
ATM_013,2023-07-15,84620,105601,95522.500000000000,21435,0,0,141762.392857142857,16306.000000000000,106055,low
ATM_013,2023-07-16,63534,84149,74262.083333333333,21086,0,0,125493.321428571428,16248.000000000000,84620,low
ATM_013,2023-07-17,50123,500000,112710.458333333333,14367,1,0,117272.440476190476,16263.428571428571,63534,low
ATM_013,2023-07-18,485116,499052,492351.375000000000,14232,0,0,165325.494047619047,16251.857142857143,50123,healthy
ATM_013,2023-07-19,470925,484800,478136.833333333333,14191,0,0,213387.630952380952,16251.571428571429,485116,healthy
ATM_013,2023-07-20,456613,470582,463905.958333333333,14312,0,0,261449.952380952381,16255.142857142857,470925,healthy
ATM_013,2023-07-21,442537,456297,449679.125000000000,14076,0,0,309509.761904761905,16242.714285714286,456613,healthy
ATM_013,2023-07-22,421214,442050,432037.333333333333,21323,0,0,357583.309523809524,16226.714285714286,442537,healthy
ATM_013,2023-07-23,400082,420762,410822.583333333333,21132,0,0,405663.380952380952,16233.285714285714,421214,healthy
ATM_013,2023-07-24,385902,399769,393059.625000000000,14180,0,0,445713.261904761905,16206.571428571429,400082,healthy
ATM_013,2023-07-25,371652,385585,378870.666666666667,14250,0,0,429501.732142857143,16209.142857142857,385902,healthy
ATM_013,2023-07-26,345900,371047,358996.166666666667,25752,0,0,412481.636904761905,17860.714285714286,371652,healthy
ATM_013,2023-07-27,320328,345353,333355.625000000000,25572,0,0,393831.589285714286,19469.285714285714,345900,healthy
ATM_013,2023-07-28,294811,319737,307747.000000000000,25517,0,0,373555.571428571429,21103.714285714286,320328,healthy
ATM_013,2023-07-29,256445,293929,276034.625000000000,38366,0,0,351269.470238095238,23538.428571428571,294811,healthy
ATM_013,2023-07-30,218371,255584,237750.458333333333,38074,0,0,326544.880952380952,25958.714285714286,256445,healthy
ATM_013,2023-07-31,193140,217799,205923.791666666667,25231,0,0,299811.190476190476,27537.428571428571,218371,healthy
ATM_013,2023-08-01,179038,192804,186193.541666666667,14102,0,0,272285.886904761905,27516.285714285714,193140,healthy
ATM_013,2023-08-02,164930,178702,172065.041666666667,14108,0,0,245581.440476190476,25852.857142857143,179038,healthy
ATM_013,2023-08-03,150734,164643,157970.166666666667,14196,0,0,220526.375000000000,24227.714285714286,164930,healthy
ATM_013,2023-08-04,136493,150407,143690.666666666667,14241,0,0,197089.755952380953,22616.857142857143,150734,healthy
ATM_013,2023-08-05,115511,135993,126140.208333333333,20982,0,0,175676.267857142857,20133.428571428571,136493,healthy
ATM_013,2023-08-06,94424,115046,105132.208333333333,21087,0,0,156730.803571428572,17706.714285714286,115511,low
ATM_013,2023-08-07,80267,94090,87401.500000000000,14157,0,0,139799.047619047619,16124.714285714286,94424,low
ATM_013,2023-08-08,66161,79913,73272.125000000000,14106,0,0,123667.416666666667,16125.285714285714,80267,low
ATM_013,2023-08-09,52273,65840,59331.125000000000,13888,0,0,107562.571428571429,16093.857142857143,66161,low
ATM_013,2023-08-10,50025,500000,364241.958333333333,14253,1,0,137029.970238095238,16102.000000000000,52273,low
ATM_013,2023-08-11,474022,488002,481298.375000000000,14277,0,0,185259.642857142857,16107.142857142857,50025,healthy
ATM_013,2023-08-12,453136,473558,463798.708333333333,20886,0,0,233496.571428571428,16093.428571428571,474022,healthy
ATM_013,2023-08-13,431583,452633,442548.541666666667,21553,0,0,281698.904761904762,16160.000000000000,453136,healthy
ATM_013,2023-08-14,417403,431274,424634.833333333333,14180,0,0,329875.095238095238,16163.285714285714,431583,healthy
ATM_013,2023-08-15,403182,417086,410413.291666666667,14221,0,0,378038.119047619048,16179.714285714286,417403,healthy
ATM_013,2023-08-16,389015,402861,396190.208333333333,14167,0,0,426160.845238095238,16219.571428571429,403182,healthy
ATM_013,2023-08-17,374916,388701,382102.625000000000,14099,0,0,428712.369047619048,16197.571428571429,389015,healthy
ATM_013,2023-08-18,360799,374587,368009.208333333333,14117,0,0,412528.202380952381,16174.714285714286,374916,healthy
ATM_013,2023-08-19,339452,360336,350288.625000000000,21347,0,0,396312.476190476190,16240.571428571429,360799,healthy
ATM_013,2023-08-20,318454,338996,329132.416666666667,20998,0,0,380110.172619047619,16161.285714285714,339452,healthy
ATM_013,2023-08-21,304336,318122,311522.500000000000,14118,0,0,363951.267857142857,16152.428571428571,318454,healthy
ATM_013,2023-08-22,290204,304017,297377.541666666667,14132,0,0,347803.303571428571,16139.714285714286,304336,healthy
ATM_013,2023-08-23,276170,289878,283321.291666666667,14034,0,0,331679.172619047619,16120.714285714286,290204,healthy
ATM_013,2023-08-24,261903,275866,269130.875000000000,14267,0,0,315540.351190476191,16144.714285714286,276170,healthy
ATM_013,2023-08-25,247732,261586,254950.708333333333,14171,0,0,299389.136904761905,16152.428571428571,261903,healthy
ATM_013,2023-08-26,209554,246899,228947.000000000000,38178,0,0,282054.619047619048,18556.857142857143,247732,healthy
ATM_013,2023-08-27,171267,208682,190719.375000000000,38287,0,0,262281.327380952381,21026.714285714286,209554,healthy
ATM_013,2023-08-28,145940,170722,158748.833333333333,25327,0,0,240456.517857142857,22628.000000000000,171267,healthy
ATM_013,2023-08-29,120613,145395,133508.583333333333,25327,0,0,217046.666666666667,24227.285714285714,145940,healthy
ATM_013,2023-08-30,95127,120046,108142.291666666667,25486,0,0,192021.095238095238,25863.285714285714,120613,low
ATM_013,2023-08-31,69592,94568,82579.625000000000,25535,0,0,165370.916666666667,27473.000000000000,95127,low
ATM_013,2023-09-01,55382,69255,62582.041666666667,14210,0,0,137889.678571428571,27478.571428571429,69592,low
ATM_013,2023-09-02,51062,500000,326531.625000000000,21194,1,0,151830.339285714286,25052.285714285714,55382,low
ATM_013,2023-09-03,463344,484237,474173.500000000000,21371,0,0,192323.785714285714,22635.714285714286,51062,healthy
ATM_013,2023-09-04,449485,463034,456559.000000000000,13859,0,0,234868.095238095238,20997.428571428571,463344,healthy
ATM_013,2023-09-05,435364,449168,442558.625000000000,14121,0,0,279018.101190476191,19396.571428571429,449485,healthy
ATM_013,2023-09-06,421278,435042,428410.416666666667,14086,0,0,324770.690476190476,17768.000000000000,435364,healthy
ATM_013,2023-09-07,407239,420961,414358.875000000000,14039,0,0,372167.726190476191,16125.714285714286,421278,healthy
ATM_013,2023-09-08,393216,406899,400301.000000000000,14023,0,0,420413.291666666667,16099.000000000000,407239,healthy
ATM_013,2023-09-09,372018,392748,382877.791666666667,21198,0,0,428462.744047619048,16099.571428571429,393216,healthy
ATM_013,2023-09-10,350943,371574,361633.625000000000,21075,0,0,412385.619047619048,16057.285714285714,372018,healthy
ATM_013,2023-09-11,336704,350629,343942.833333333333,14239,0,0,396297.595238095238,16111.571428571429,350943,healthy
ATM_013,2023-09-12,322775,336399,329864.166666666667,13929,0,0,380198.386904761905,16084.142857142857,336704,healthy
ATM_013,2023-09-13,308278,322427,315668.750000000000,14497,0,0,364092.434523809524,16142.857142857143,322775,healthy
ATM_013,2023-09-14,294156,307979,301347.666666666667,14122,0,0,347947.976190476191,16154.714285714286,308278,healthy
ATM_013,2023-09-15,279954,293798,287149.958333333333,14202,0,0,331783.541666666667,16180.285714285714,294156,healthy
ATM_013,2023-09-16,258532,279474,269348.541666666667,21422,0,0,315565.077380952381,16212.285714285714,279954,healthy
ATM_013,2023-09-17,237166,258038,248031.958333333333,21366,0,0,299336.267857142857,16253.857142857143,258532,healthy
ATM_013,2023-09-18,222906,236848,230160.833333333333,14260,0,0,283081.696428571429,16256.857142857143,237166,healthy
ATM_013,2023-09-19,208589,222597,215873.625000000000,14317,0,0,266797.333333333333,16312.285714285714,222906,healthy
ATM_013,2023-09-20,194369,208266,201603.666666666667,14220,0,0,250502.321428571429,16272.714285714286,208589,healthy
ATM_013,2023-09-21,180253,194031,187392.583333333333,14116,0,0,234223.023809523809,16271.857142857143,194369,healthy
ATM_013,2023-09-22,166129,179946,173292.375000000000,14124,0,0,217957.654761904762,16260.714285714286,180253,healthy
ATM_013,2023-09-23,144792,165651,155574.541666666667,21337,0,0,201704.226190476190,16248.571428571429,166129,healthy
ATM_013,2023-09-24,123500,144304,134291.500000000000,21292,0,0,185455.589285714286,16238.000000000000,144792,healthy
ATM_013,2023-09-25,109343,123163,116495.083333333333,14157,0,0,169217.625000000000,16223.285714285714,123500,healthy
ATM_013,2023-09-26,83843,108762,96779.416666666667,25500,0,0,152204.166666666667,17820.857142857143,109343,low
ATM_013,2023-09-27,58293,83231,71235.416666666667,25550,0,0,133580.130952380952,19439.428571428571,83843,low
ATM_013,2023-09-28,51149,500000,308540.291666666667,25824,1,0,150886.946428571429,21112.000000000000,58293,low
ATM_013,2023-09-29,457708,482704,470748.000000000000,25559,0,0,193380.607142857143,22745.571428571429,51149,healthy
ATM_013,2023-09-30,419718,456825,438998.375000000000,37990,0,0,233869.726190476191,25124.571428571429,457708,healthy
ATM_013,2023-10-01,398295,419237,409217.916666666667,21423,0,0,273144.928571428572,25143.285714285714,419718,healthy
ATM_013,2023-10-02,384114,397985,391320.875000000000,14181,0,0,312405.755952380953,25146.714285714286,398295,healthy
ATM_013,2023-10-03,370006,383815,377164.041666666667,14108,0,0,352460.702380952381,23519.285714285714,384114,healthy
ATM_013,2023-10-04,355749,369670,362981.375000000000,14257,0,0,394138.696428571429,21906.000000000000,370006,healthy
ATM_013,2023-10-05,341592,355445,348764.833333333333,14157,0,0,399885.059523809524,20239.285714285714,355749,healthy
ATM_013,2023-10-06,327294,341285,334573.666666666667,14298,0,0,380431.583333333333,18630.571428571429,341592,healthy
ATM_013,2023-10-07,305858,326782,316722.250000000000,21436,0,0,362963.565476190476,16265.714285714286,327294,healthy
ATM_013,2023-10-08,284527,305343,295335.458333333333,21331,0,0,346694.642857142857,16252.571428571429,305858,healthy
ATM_013,2023-10-09,270282,284198,277524.958333333333,14245,0,0,330438.083333333333,16261.714285714286,284527,healthy
ATM_013,2023-10-10,255974,269977,263229.916666666667,14308,0,0,314161.779761904762,16290.285714285714,270282,healthy
ATM_013,2023-10-11,241831,255661,249001.041666666667,14143,0,0,297878.875000000000,16274.000000000000,255974,healthy
ATM_013,2023-10-12,227556,241513,234802.250000000000,14275,0,0,281598.505952380952,16290.857142857143,241831,healthy
ATM_013,2023-10-13,213031,227215,220333.708333333333,14525,0,0,265278.511904761905,16323.285714285714,227556,healthy
ATM_013,2023-10-14,191824,212533,202640.541666666667,21207,0,0,248981.125000000000,16290.571428571429,213031,healthy
ATM_013,2023-10-15,170759,191347,181423.416666666667,21065,0,0,232707.976190476191,16252.571428571429,191824,healthy
ATM_013,2023-10-16,156409,170452,163746.125000000000,14350,0,0,216453.857142857143,16267.571428571429,170759,healthy
ATM_013,2023-10-17,142170,156099,149457.666666666667,14239,0,0,200200.678571428572,16257.714285714286,156409,healthy
ATM_013,2023-10-18,128103,141840,135229.833333333333,14067,0,0,183947.648809523810,16246.857142857143,142170,healthy
ATM_013,2023-10-19,113946,127744,121122.750000000000,14157,0,0,167707.720238095238,16230.000000000000,128103,healthy
ATM_013,2023-10-20,99906,113628,107034.166666666667,14040,0,0,151522.071428571429,16160.714285714286,113946,low
ATM_013,2023-10-21,78635,99419,89386.958333333333,21271,0,0,135342.988095238095,16169.857142857143,99906,low
ATM_013,2023-10-22,57465,78126,68197.791666666667,21170,0,0,119167.898809523810,16184.857142857143,78635,low
ATM_013,2023-10-23,50449,500000,257020.791666666667,14169,1,0,132492.851190476191,16159.000000000000,57465,low
ATM_013,2023-10-24,479658,493574,486872.583333333333,14230,0,0,180694.982142857143,16157.714285714286,50449,healthy
ATM_013,2023-10-25,465289,479327,472603.625000000000,14369,0,0,228891.238095238095,16200.857142857143,479658,healthy
ATM_013,2023-10-26,440237,464720,452957.375000000000,25052,0,0,276296.184523809524,17757.285714285714,465289,healthy
ATM_013,2023-10-27,414895,439701,427760.833333333333,25342,0,0,322114.279761904762,19371.857142857143,440237,healthy
ATM_013,2023-10-28,376901,414067,396178.083333333333,37994,0,0,365941.583333333333,21760.857142857143,414895,healthy
ATM_013,2023-10-29,338548,376028,357877.750000000000,38353,0,0,407324.434523809524,24215.571428571429,376901,healthy
ATM_013,2023-10-30,313010,337984,325952.458333333333,25538,0,0,417171.815476190476,25839.714285714286,338548,healthy
ATM_013,2023-10-31,287899,312420,300654.000000000000,25111,0,0,390569.160714285714,27394.142857142857,313010,healthy
ATM_013,2023-11-01,273650,287582,280866.833333333333,14249,0,0,363178.190476190476,27377.000000000000,287899,healthy
ATM_013,2023-11-02,259634,273346,266738.583333333333,14016,0,0,336575.505952380952,25800.428571428571,273650,healthy
ATM_013,2023-11-03,245461,259325,252646.291666666667,14173,0,0,311559.142857142857,24204.857142857143,259634,healthy
ATM_013,2023-11-04,224230,244981,235041.250000000000,21231,0,0,288539.595238095238,21810.142857142857,245461,healthy
ATM_013,2023-11-05,203020,223774,213824.125000000000,21210,0,0,267960.505952380952,19361.142857142857,224230,healthy
ATM_013,2023-11-06,188869,202673,196044.625000000000,14151,0,0,249402.244047619048,17734.428571428571,203020,healthy
ATM_013,2023-11-07,174805,188563,181938.291666666667,14064,0,0,232442.857142857143,16156.285714285714,188869,healthy
ATM_013,2023-11-08,160522,174509,167807.583333333333,14283,0,0,216291.535714285714,16161.142857142857,174805,healthy
ATM_013,2023-11-09,146360,160159,153503.958333333333,14162,0,0,200115.160714285714,16182.000000000000,160522,healthy
ATM_013,2023-11-10,132062,146000,139284.333333333333,14298,0,0,183920.595238095238,16199.857142857143,146360,healthy
ATM_013,2023-11-11,110656,131600,121549.041666666667,21406,0,0,167707.422619047619,16224.857142857143,132062,healthy
ATM_013,2023-11-12,89362,110180,100125.708333333333,21294,0,0,151464.791666666667,16236.857142857143,110656,low
ATM_013,2023-11-13,75190,89057,82350.875000000000,14172,0,0,135222.827380952381,16239.857142857143,89362,low
ATM_013,2023-11-14,60995,74863,68185.541666666667,14195,0,0,118972.434523809524,16258.571428571429,75190,low
ATM_013,2023-11-15,50852,500000,204088.000000000000,14152,1,0,124155.351190476190,16239.857142857143,60995,low
ATM_013,2023-11-16,482810,496736,490082.250000000000,14232,0,0,172237.964285714286,16249.857142857143,50852,healthy
ATM_013,2023-11-17,468542,482492,475786.083333333333,14268,0,0,220309.642857142857,16245.571428571429,482810,healthy
ATM_013,2023-11-18,447278,468053,458087.250000000000,21264,0,0,268386.529761904762,16225.285714285714,468542,healthy
ATM_013,2023-11-19,425783,446793,436723.416666666667,21495,0,0,316471.916666666667,16254.000000000000,447278,healthy
ATM_013,2023-11-20,411599,425488,418825.916666666667,14184,0,0,364539.779761904762,16255.714285714286,425783,healthy
ATM_013,2023-11-21,397279,411268,404547.958333333333,14320,0,0,412591.553571428571,16273.571428571429,411599,healthy
ATM_013,2023-11-22,383226,396963,390377.208333333333,14053,0,0,439204.297619047619,16259.428571428571,397279,healthy
ATM_013,2023-11-23,369114,382915,376290.083333333333,14112,0,0,422948.273809523809,16242.285714285714,383226,healthy
ATM_013,2023-11-24,354882,368786,362113.916666666667,14232,0,0,406709.392857142857,16237.142857142857,369114,healthy
ATM_013,2023-11-25,333497,354386,344342.958333333333,21385,0,0,390460.208333333333,16254.428571428571,354882,healthy
ATM_013,2023-11-26,295284,332660,314675.166666666667,38213,0,0,373024.744047619048,18642.714285714286,333497,healthy
ATM_013,2023-11-27,269758,294681,282684.916666666667,25526,0,0,353576.029761904762,20263.000000000000,295284,healthy
ATM_013,2023-11-28,244145,269207,257162.166666666667,25613,0,0,332520.916666666667,21876.285714285714,269758,healthy
ATM_013,2023-11-29,218713,243592,231670.916666666667,25432,0,0,309848.589285714286,23501.857142857143,244145,healthy
ATM_013,2023-11-30,193324,218125,206256.458333333333,25389,0,0,285558.071428571429,25112.857142857143,218713,healthy
ATM_013,2023-12-01,179251,193004,186377.583333333333,14073,0,0,260452.880952380952,25090.142857142857,193324,healthy
ATM_013,2023-12-02,158128,178765,168826.333333333333,21123,0,0,235379.077380952381,25052.714285714286,179251,healthy
ATM_013,2023-12-03,137049,157658,147808.666666666667,21079,0,0,211541.005952380952,22605.000000000000,158128,healthy
ATM_013,2023-12-04,122869,136750,130096.208333333333,14180,0,0,189742.619047619048,20984.142857142857,137049,healthy
ATM_013,2023-12-05,108646,122540,115849.625000000000,14223,0,0,169555.113095238095,19357.000000000000,122869,healthy
ATM_013,2023-12-06,94512,108361,101727.708333333333,14134,0,0,150991.797619047619,17743.000000000000,108646,low
ATM_013,2023-12-07,80277,94149,87453.625000000000,14235,0,0,134019.964285714286,16149.571428571429,94512,low
ATM_013,2023-12-08,66080,79955,73363.875000000000,14197,0,0,117875.148809523809,16167.285714285714,80277,low
ATM_013,2023-12-09,50790,500000,205808.500000000000,21390,1,0,123158.315476190476,16205.428571428571,66080,low
ATM_013,2023-12-10,474271,495028,485017.208333333333,21210,0,0,171330.964285714286,16224.142857142857,50790,healthy
ATM_013,2023-12-11,460162,473944,467306.750000000000,14109,0,0,219503.898809523809,16214.000000000000,474271,healthy
ATM_013,2023-12-12,445911,459826,453107.166666666667,14251,0,0,267683.547619047619,16218.000000000000,460162,healthy
ATM_013,2023-12-13,431844,445602,439021.041666666667,14067,0,0,315868.309523809524,16208.428571428571,445911,healthy
ATM_013,2023-12-14,417615,431560,424878.958333333333,14229,0,0,364071.928571428571,16207.571428571429,431844,healthy
ATM_013,2023-12-15,403287,417307,410549.625000000000,14328,0,0,412241.321428571429,16226.285714285714,417615,healthy
ATM_013,2023-12-16,382102,402788,392903.458333333333,21185,0,0,438969.172619047619,16197.000000000000,403287,healthy
ATM_013,2023-12-17,360963,381636,371644.791666666667,21139,0,0,422773.113095238095,16186.857142857143,382102,healthy
ATM_013,2023-12-18,346580,360626,353885.958333333333,14383,0,0,406570.142857142857,16226.000000000000,360963,healthy
ATM_013,2023-12-19,332394,346274,339612.416666666667,14186,0,0,390356.607142857143,16216.714285714286,346580,healthy
ATM_013,2023-12-20,318049,332073,325350.166666666667,14345,0,0,374117.910714285714,16256.428571428571,332394,healthy
ATM_013,2023-12-21,303758,317702,310983.916666666667,14291,0,0,357847.190476190476,16265.285714285714,318049,healthy
ATM_013,2023-12-22,289444,303431,296743.708333333333,14314,0,0,341589.202380952381,16263.285714285714,303758,healthy
ATM_013,2023-12-23,268101,288933,278890.791666666667,21343,0,0,325301.678571428572,16285.857142857143,289444,healthy
ATM_013,2023-12-24,246739,267598,257567.291666666667,21362,0,0,309004.892857142857,16317.714285714286,268101,healthy
ATM_013,2023-12-25,232509,246412,239757.416666666667,14230,0,0,292700.815476190476,16295.857142857143,246739,healthy
ATM_013,2023-12-26,206991,231972,219927.541666666667,25518,0,0,275602.976190476191,17914.714285714286,232509,healthy
ATM_013,2023-12-27,181403,206397,194452.250000000000,25588,0,0,256903.273809523810,19520.857142857143,206991,healthy
ATM_013,2023-12-28,156173,180822,168990.166666666667,25230,0,0,236618.452380952381,21083.571428571429,181403,healthy
ATM_013,2023-12-29,130348,155584,143467.416666666667,25825,0,0,214721.839285714286,22728.000000000000,156173,healthy
ATM_013,2023-12-30,91710,129494,111315.958333333333,38638,0,0,190782.577380952381,25198.714285714286,130348,low
ATM_013,2023-12-31,90822,90822,90822.000000000000,888,0,0,166961.821428571429,22273.857142857143,91710,low
ATM_014,2023-01-01,478389,499489,489333.875000000000,21611,0,0,489333.875000000000,21611.000000000000,,healthy
ATM_014,2023-01-02,464273,478080,471473.541666666667,14116,0,0,480403.708333333334,17863.500000000000,478389,healthy
ATM_014,2023-01-03,450110,463975,457355.125000000000,14163,0,0,472720.847222222222,16630.000000000000,464273,healthy
ATM_014,2023-01-04,436004,449785,443159.458333333333,14106,0,0,465330.500000000000,15999.000000000000,450110,healthy
ATM_014,2023-01-05,421869,435666,429030.583333333333,14135,0,0,458070.516666666667,15626.200000000000,436004,healthy
ATM_014,2023-01-06,407789,421550,414991.541666666667,14080,0,0,450890.687500000000,15368.500000000000,421869,healthy
ATM_014,2023-01-07,386829,407338,397459.916666666667,20960,0,0,443257.720238095238,16167.285714285714,407789,healthy
ATM_014,2023-01-08,365423,386329,376325.708333333333,21406,0,0,427113.696428571429,16138.000000000000,386829,healthy
ATM_014,2023-01-09,351174,365126,358455.458333333333,14249,0,0,410968.255952380952,16157.000000000000,365423,healthy
ATM_014,2023-01-10,337068,350849,344167.416666666667,14106,0,0,394798.583333333333,16148.857142857143,351174,healthy
ATM_014,2023-01-11,322973,336755,330161.250000000000,14095,0,0,378655.982142857143,16147.285714285714,337068,healthy
ATM_014,2023-01-12,308780,322637,315981.708333333333,14193,0,0,362506.142857142857,16155.571428571429,322973,healthy
ATM_014,2023-01-13,294613,308437,301775.875000000000,14167,0,0,346332.476190476190,16168.000000000000,308780,healthy
ATM_014,2023-01-14,273546,294167,284235.916666666667,21067,0,0,330157.619047619048,16183.285714285714,294613,healthy
ATM_014,2023-01-15,252290,273065,263073.708333333333,21256,0,0,313978.761904761905,16161.857142857143,273546,healthy
ATM_014,2023-01-16,238105,251962,245329.583333333333,14185,0,0,297817.922619047619,16152.714285714286,252290,healthy
ATM_014,2023-01-17,223923,237798,231157.708333333333,14182,0,0,281673.678571428571,16163.571428571429,238105,healthy
ATM_014,2023-01-18,209845,223624,216980.458333333333,14078,0,0,265504.994047619047,16161.142857142857,223923,healthy
ATM_014,2023-01-19,195740,209508,202912.458333333333,14105,0,0,249352.244047619047,16148.571428571429,209845,healthy
ATM_014,2023-01-20,181484,195410,188679.833333333333,14256,0,0,233195.666666666666,16161.285714285714,195740,healthy
ATM_014,2023-01-21,160216,180998,171039.375000000000,21268,0,0,217024.732142857143,16190.000000000000,181484,healthy
ATM_014,2023-01-22,139128,159753,149831.625000000000,21088,0,0,200847.291666666666,16166.000000000000,160216,healthy
ATM_014,2023-01-23,125041,138786,132181.041666666667,14087,0,0,184683.214285714286,16152.000000000000,139128,healthy
ATM_014,2023-01-24,110811,124714,118036.791666666667,14230,0,0,168523.083333333333,16158.857142857143,125041,healthy
ATM_014,2023-01-25,96529,110512,103743.583333333333,14282,0,0,152346.386904761905,16188.000000000000,110811,low
ATM_014,2023-01-26,70995,95945,83966.125000000000,25534,0,0,135354.053571428571,17820.714285714286,96529,low
ATM_014,2023-01-27,51089,500000,190062.541666666667,25377,1,0,135551.583333333333,19409.428571428571,70995,low
ATM_014,2023-01-28,457882,495607,477443.416666666667,38594,0,0,179323.589285714286,21884.571428571429,51089,healthy
ATM_014,2023-01-29,419664,456976,439043.458333333333,38218,0,0,220639.565476190476,24331.714285714286,457882,healthy
ATM_014,2023-01-30,394089,419116,407071.166666666667,25575,0,0,259909.583333333333,25972.857142857143,419664,healthy
ATM_014,2023-01-31,368874,393507,381674.000000000000,25215,0,0,297572.041666666667,27542.142857142857,394089,healthy
ATM_014,2023-02-01,354943,368592,362032.666666666667,13931,0,0,334470.482142857143,27492.000000000000,368874,healthy
ATM_014,2023-02-02,340671,354622,347949.833333333333,14272,0,0,372182.440476190476,25883.142857142857,354943,healthy
ATM_014,2023-02-03,326533,340331,333687.583333333333,14138,0,0,392700.303571428571,24277.571428571429,340671,healthy
ATM_014,2023-02-04,305256,326048,316088.041666666667,21277,0,0,369649.535714285714,21803.714285714286,326533,healthy
ATM_014,2023-02-05,283613,304756,294619.083333333333,21643,0,0,349017.482142857143,19435.857142857143,305256,healthy
ATM_014,2023-02-06,269422,283303,276655.750000000000,14191,0,0,330386.708333333333,17809.571428571429,283613,healthy
ATM_014,2023-02-07,255389,269115,262483.458333333333,14033,0,0,313359.488095238095,16212.142857142857,269422,healthy
ATM_014,2023-02-08,241165,255066,248432.000000000000,14224,0,0,297130.821428571428,16254.000000000000,255389,healthy
ATM_014,2023-02-09,226998,240827,234160.708333333333,14167,0,0,280875.232142857143,16239.000000000000,241165,healthy
ATM_014,2023-02-10,212992,226669,220029.708333333333,14006,0,0,264638.392857142857,16220.142857142857,226998,healthy
ATM_014,2023-02-11,191791,212534,202549.458333333333,21201,0,0,248418.595238095238,16209.285714285714,212992,healthy
ATM_014,2023-02-12,170621,191275,181362.166666666667,21170,0,0,232239.035714285714,16141.714285714286,191791,healthy
ATM_014,2023-02-13,156512,170295,163634.583333333333,14109,0,0,216093.154761904762,16130.000000000000,170621,healthy
ATM_014,2023-02-14,142517,156182,149619.583333333333,13995,0,0,199969.744047619047,16124.571428571429,156512,healthy
ATM_014,2023-02-15,128489,142183,135576.666666666667,14028,0,0,183847.553571428571,16096.571428571429,142517,healthy
ATM_014,2023-02-16,114084,128154,121395.166666666667,14405,0,0,167738.190476190476,16130.571428571429,128489,healthy
ATM_014,2023-02-17,99891,113756,107116.250000000000,14193,0,0,151607.696428571429,16157.285714285714,114084,low
ATM_014,2023-02-18,78476,99375,89303.916666666667,21415,0,0,135429.761904761905,16187.857142857143,99891,low
ATM_014,2023-02-19,57374,77998,68083.333333333333,21102,0,0,119247.071428571429,16178.142857142857,78476,low
ATM_014,2023-02-20,50253,500000,256982.750000000000,14129,1,0,132582.523809523810,16181.000000000000,57374,low
ATM_014,2023-02-21,479881,493712,487083.000000000000,14140,0,0,180791.583333333333,16201.714285714286,50253,healthy
ATM_014,2023-02-22,465631,479566,472866.666666666667,14250,0,0,228975.869047619048,16233.428571428571,479881,healthy
ATM_014,2023-02-23,451621,465309,458728.416666666667,14010,0,0,277166.333333333333,16177.000000000000,465631,healthy
ATM_014,2023-02-24,437323,451309,444576.250000000000,14298,0,0,325374.904761904762,16192.000000000000,451621,healthy
ATM_014,2023-02-25,415980,436845,426804.750000000000,21343,0,0,373589.309523809524,16181.714285714286,437323,healthy
ATM_014,2023-02-26,377680,415160,397145.583333333333,38300,0,0,420598.202380952381,18638.571428571429,415980,healthy
ATM_014,2023-02-27,352092,377098,365090.916666666667,25588,0,0,436042.226190476191,20275.571428571429,377680,healthy
ATM_014,2023-02-28,326739,351491,339551.416666666667,25353,0,0,414966.285714285714,21877.428571428571,352092,healthy
ATM_014,2023-03-01,312859,326424,319839.791666666667,13880,0,0,393105.303571428572,21824.571428571429,326739,healthy
ATM_014,2023-03-02,298520,312539,305816.583333333333,14339,0,0,371260.755952380952,21871.571428571429,312859,healthy
ATM_014,2023-03-03,284340,298192,291573.166666666667,14180,0,0,349403.172619047619,21854.714285714286,298520,healthy
ATM_014,2023-03-04,263145,283879,273884.291666666667,21195,0,0,327557.392857142857,21833.571428571429,284340,healthy
ATM_014,2023-03-05,242043,262654,252744.708333333333,21102,0,0,306928.696428571429,19376.714285714286,263145,healthy
ATM_014,2023-03-06,227991,241700,235071.083333333333,14052,0,0,288354.434523809524,17728.714285714286,242043,healthy
ATM_014,2023-03-07,213710,227711,220989.625000000000,14281,0,0,271417.035714285714,16147.000000000000,227991,healthy
ATM_014,2023-03-08,199556,213378,206723.083333333333,14154,0,0,255257.505952380952,16186.142857142857,213710,healthy
ATM_014,2023-03-09,185230,199245,192514.083333333333,14326,0,0,239071.434523809524,16184.285714285714,199556,healthy
ATM_014,2023-03-10,170896,184891,178149.958333333333,14334,0,0,222868.119047619047,16206.285714285714,185230,healthy
ATM_014,2023-03-11,149728,170440,160485.291666666667,21168,0,0,206668.261904761905,16202.428571428571,170896,healthy
ATM_014,2023-03-12,128272,149256,139137.291666666667,21456,0,0,190438.630952380952,16253.000000000000,149728,healthy
ATM_014,2023-03-13,114131,127939,121255.500000000000,14141,0,0,174179.261904761905,16265.714285714286,128272,healthy
ATM_014,2023-03-14,99990,113836,107166.750000000000,14141,0,0,157918.851190476190,16245.714285714286,114131,low
ATM_014,2023-03-15,86049,99704,93158.708333333333,13941,0,0,141695.369047619048,16215.285714285714,99990,low
ATM_014,2023-03-16,71847,85746,79102.000000000000,14202,0,0,125493.642857142857,16197.571428571429,86049,low
ATM_014,2023-03-17,57783,71500,64937.041666666667,14064,0,0,109320.369047619048,16159.000000000000,71847,low
ATM_014,2023-03-18,50218,500000,291733.458333333333,21313,1,0,128070.107142857143,16179.714285714286,57783,low
ATM_014,2023-03-19,466980,487245,477510.208333333333,20808,0,0,176409.095238095238,16087.142857142857,50218,healthy
ATM_014,2023-03-20,452791,466660,460053.958333333333,14189,0,0,224808.875000000000,16094.000000000000,466980,healthy
ATM_014,2023-03-21,438355,452457,445675.000000000000,14436,0,0,273167.196428571428,16136.142857142857,452791,healthy
ATM_014,2023-03-22,424113,438069,431315.000000000000,14242,0,0,321475.238095238095,16179.142857142857,438355,healthy
ATM_014,2023-03-23,409887,423824,417181.250000000000,14226,0,0,369772.273809523809,16182.571428571429,424113,healthy
ATM_014,2023-03-24,395660,409580,402907.375000000000,14227,0,0,418053.750000000000,16205.857142857143,409887,healthy
ATM_014,2023-03-25,374417,395175,385177.541666666667,21243,0,0,431402.904761904762,16195.857142857143,395660,healthy
ATM_014,2023-03-26,336190,373586,355668.000000000000,38227,0,0,413996.875000000000,18684.285714285714,374417,healthy
ATM_014,2023-03-27,310647,335577,323623.791666666667,25543,0,0,394506.851190476191,20306.285714285714,336190,healthy
ATM_014,2023-03-28,285090,310031,298055.125000000000,25557,0,0,373418.297619047619,21895.000000000000,310647,healthy
ATM_014,2023-03-29,259836,284543,272660.041666666667,25254,0,0,350753.303571428572,23468.142857142857,285090,healthy
ATM_014,2023-03-30,234368,259268,247288.333333333333,25468,0,0,326482.886904761905,25074.142857142857,259836,healthy
ATM_014,2023-03-31,208639,233795,221697.166666666667,25729,0,0,300595.714285714286,26717.285714285714,234368,healthy
ATM_014,2023-04-01,187649,208138,198300.416666666667,20990,0,0,273898.982142857143,26681.142857142857,208639,healthy
ATM_014,2023-04-02,166472,187154,177174.416666666667,21177,0,0,248399.898809523810,24245.428571428571,187649,healthy
ATM_014,2023-04-03,152391,166174,159595.000000000000,14081,0,0,224967.214285714286,22608.000000000000,166472,healthy
ATM_014,2023-04-04,138275,152075,145434.291666666667,14116,0,0,203164.238095238095,20973.571428571429,152391,healthy
ATM_014,2023-04-05,124171,137965,131353.541666666667,14104,0,0,182977.595238095238,19380.714285714286,138275,healthy
ATM_014,2023-04-06,110115,123855,117216.958333333333,14056,0,0,164395.970238095238,17750.428571428571,124171,healthy
ATM_014,2023-04-07,95976,109786,103153.208333333333,14139,0,0,147461.119047619048,16094.714285714286,110115,low
ATM_014,2023-04-08,74638,95519,85497.125000000000,21338,0,0,131346.363095238095,16144.428571428571,95976,low
ATM_014,2023-04-09,53194,74109,64088.166666666667,21444,0,0,115191.184523809524,16182.571428571429,74638,low
ATM_014,2023-04-10,50261,500000,327989.541666666667,14041,1,0,139247.547619047619,16176.857142857143,53194,low
ATM_014,2023-04-11,475738,489627,482976.708333333333,14206,0,0,187467.892857142857,16189.714285714286,50261,healthy
ATM_014,2023-04-12,461411,475410,468681.125000000000,14327,0,0,235657.547619047619,16221.571428571429,475738,healthy
ATM_014,2023-04-13,447375,461059,454507.000000000000,14036,0,0,283841.839285714286,16218.714285714286,461411,healthy
ATM_014,2023-04-14,433315,447043,440437.666666666667,14060,0,0,332025.333333333333,16207.428571428571,447375,healthy
ATM_014,2023-04-15,412022,432812,422835.625000000000,21293,0,0,380216.547619047619,16201.000000000000,433315,healthy
ATM_014,2023-04-16,390806,411523,401572.291666666667,21216,0,0,428428.565476190476,16168.428571428571,412022,healthy
ATM_014,2023-04-17,376752,390512,383912.041666666667,14054,0,0,436417.494047619048,16170.285714285714,390806,healthy
ATM_014,2023-04-18,362553,376426,369724.041666666667,14199,0,0,420238.541666666667,16169.285714285714,376752,healthy
ATM_014,2023-04-19,348519,362264,355645.375000000000,14034,0,0,404090.577380952381,16127.428571428571,362553,healthy
ATM_014,2023-04-20,334406,348219,341540.666666666667,14113,0,0,387952.529761904762,16138.428571428571,348519,healthy
ATM_014,2023-04-21,320232,334087,327403.791666666667,14174,0,0,371804.833333333334,16154.714285714286,334406,healthy
ATM_014,2023-04-22,299290,319755,309963.708333333333,20942,0,0,355680.273809523810,16104.571428571429,320232,healthy
ATM_014,2023-04-23,278237,298819,288931.666666666667,21053,0,0,339588.755952380953,16081.285714285714,299290,healthy
ATM_014,2023-04-24,263817,277918,271125.666666666667,14420,0,0,323476.416666666667,16133.571428571429,278237,healthy
ATM_014,2023-04-25,249690,263513,256907.458333333333,14127,0,0,307359.761904761905,16123.285714285714,263817,healthy
ATM_014,2023-04-26,224019,249101,237016.958333333333,25671,0,0,290412.845238095238,17785.714285714286,249690,healthy
ATM_014,2023-04-27,198428,223483,211469.541666666667,25591,0,0,271831.255952380952,19425.428571428571,224019,healthy
ATM_014,2023-04-28,172995,197880,185944.583333333333,25433,0,0,251622.797619047619,21033.857142857143,198428,healthy
ATM_014,2023-04-29,134745,172126,154127.791666666667,38250,0,0,229360.523809523810,23506.428571428571,172995,healthy
ATM_014,2023-04-30,96251,133893,115818.541666666667,38494,0,0,204630.077380952381,25998.000000000000,134745,low
ATM_014,2023-05-01,82144,95946,89251.541666666667,14107,0,0,178648.059523809524,25953.285714285714,96251,low
ATM_014,2023-05-02,67983,81844,75177.208333333333,14161,0,0,152686.595238095238,25958.142857142857,82144,low
ATM_014,2023-05-03,53788,67627,60953.291666666667,14195,0,0,127534.642857142857,24318.714285714286,67983,low
ATM_014,2023-05-04,50002,500000,310017.375000000000,14032,1,0,141612.904761904762,22667.428571428571,53788,low
ATM_014,2023-05-05,476496,490469,483704.000000000000,14277,0,0,184149.964285714286,21073.714285714286,50002,healthy
ATM_014,2023-05-06,455185,476040,466021.208333333333,21311,0,0,228706.166666666667,18653.857142857143,476496,healthy
ATM_014,2023-05-07,433813,454637,444630.750000000000,21372,0,0,275679.339285714286,16207.857142857143,455185,healthy
ATM_014,2023-05-08,419737,433513,426894.375000000000,14076,0,0,323914.029761904762,16203.428571428571,433813,healthy
ATM_014,2023-05-09,405483,419397,412700.708333333333,14254,0,0,372131.672619047619,16216.714285714286,419737,healthy
ATM_014,2023-05-10,391502,405161,398635.041666666667,13981,0,0,420371.922619047619,16186.142857142857,405483,healthy
ATM_014,2023-05-11,377189,391172,384435.875000000000,14313,0,0,431003.136904761905,16226.285714285714,391502,healthy
ATM_014,2023-05-12,363019,376928,370224.416666666667,14170,0,0,414791.767857142857,16211.000000000000,377189,healthy
ATM_014,2023-05-13,341744,362560,352547.208333333333,21275,0,0,398581.196428571429,16205.857142857143,363019,healthy
ATM_014,2023-05-14,320364,341263,331295.166666666667,21380,0,0,382390.398809523810,16207.000000000000,341744,healthy
ATM_014,2023-05-15,306150,320044,313412.916666666667,14214,0,0,366178.761904761905,16226.714285714286,320364,healthy
ATM_014,2023-05-16,291996,305837,299246.375000000000,14154,0,0,349971.000000000000,16212.428571428571,306150,healthy
ATM_014,2023-05-17,277901,291657,285051.583333333333,14095,0,0,333744.791666666667,16228.714285714286,291996,healthy
ATM_014,2023-05-18,263766,277555,270947.958333333333,14135,0,0,317532.232142857143,16203.285714285714,277901,healthy
ATM_014,2023-05-19,249629,263465,256827.583333333333,14137,0,0,301332.684523809524,16198.571428571429,263766,healthy
ATM_014,2023-05-20,228341,249170,239138.458333333333,21288,0,0,285131.434523809524,16200.428571428571,249629,healthy
ATM_014,2023-05-21,206783,227832,217715.250000000000,21558,0,0,268905.732142857143,16225.857142857143,228341,healthy
ATM_014,2023-05-22,192460,206451,199769.166666666667,14323,0,0,252670.910714285714,16241.428571428571,206783,healthy
ATM_014,2023-05-23,178331,192143,185543.833333333333,14129,0,0,236427.690476190476,16237.857142857143,192460,healthy
ATM_014,2023-05-24,164288,178009,171351.041666666667,14043,0,0,220184.755952380952,16230.428571428571,178331,healthy
ATM_014,2023-05-25,150131,163971,157335.208333333333,14157,0,0,203954.363095238095,16233.571428571429,164288,healthy
ATM_014,2023-05-26,124701,149569,137596.958333333333,25430,0,0,186921.416666666667,17846.857142857143,150131,healthy
ATM_014,2023-05-27,86895,123844,106087.833333333333,37806,0,0,167914.184523809524,20206.571428571429,124701,low
ATM_014,2023-05-28,50274,500000,105482.833333333333,38329,1,0,151880.982142857143,22602.428571428571,86895,low
ATM_014,2023-05-29,473728,498553,486652.500000000000,25423,0,0,192864.315476190476,24188.142857142857,50274,healthy
ATM_014,2023-05-30,448092,473159,461172.291666666667,25636,0,0,232239.809523809524,25832.000000000000,473728,healthy
ATM_014,2023-05-31,422397,447541,435438.458333333333,25695,0,0,269966.583333333333,27496.571428571429,448092,healthy
ATM_014,2023-06-01,408150,422072,415387.541666666667,14247,0,0,306831.202380952381,27509.428571428571,422397,healthy
ATM_014,2023-06-02,393983,407819,401189.833333333333,14167,0,0,344487.327380952381,25900.428571428571,408150,healthy
ATM_014,2023-06-03,372768,393518,383538.750000000000,21215,0,0,384123.172619047619,23530.285714285714,393983,healthy
ATM_014,2023-06-04,351700,372299,362393.666666666667,21068,0,0,420824.720238095238,21064.428571428571,372768,healthy
ATM_014,2023-06-05,337514,351390,344710.458333333333,14186,0,0,400547.285714285714,19459.142857142857,351700,healthy
ATM_014,2023-06-06,323329,337211,330544.958333333333,14185,0,0,381886.238095238095,17823.285714285714,337514,healthy
ATM_014,2023-06-07,309143,323013,316326.666666666667,14186,0,0,364870.267857142857,16179.142857142857,323329,healthy
ATM_014,2023-06-08,295054,308797,302198.833333333333,14089,0,0,348700.452380952381,16156.571428571429,309143,healthy
ATM_014,2023-06-09,280833,294731,288053.208333333333,14221,0,0,332538.077380952381,16164.285714285714,295054,healthy
ATM_014,2023-06-10,259616,280341,270371.375000000000,21217,0,0,316371.309523809524,16164.571428571429,280833,healthy
ATM_014,2023-06-11,238398,259112,249130.125000000000,21218,0,0,300190.803571428571,16186.000000000000,259616,healthy
ATM_014,2023-06-12,224198,238051,231428.708333333333,14200,0,0,284007.696428571428,16188.000000000000,238398,healthy
ATM_014,2023-06-13,209793,223862,217060.041666666667,14405,0,0,267795.565476190476,16219.428571428571,224198,healthy
ATM_014,2023-06-14,195920,209475,202955.000000000000,13873,0,0,251599.613095238095,16174.714285714286,209793,healthy
ATM_014,2023-06-15,181587,195602,188880.250000000000,14333,0,0,235411.244047619048,16209.571428571429,195920,healthy
ATM_014,2023-06-16,167174,181232,174443.000000000000,14413,0,0,219181.214285714286,16237.000000000000,181587,healthy
ATM_014,2023-06-17,146146,166684,156836.208333333333,21028,0,0,202961.904761904762,16210.000000000000,167174,healthy
ATM_014,2023-06-18,125041,145675,135832.000000000000,21105,0,0,186776.458333333333,16193.857142857143,146146,healthy
ATM_014,2023-06-19,110980,124741,118131.500000000000,14061,0,0,170591.142857142857,16174.000000000000,125041,healthy
ATM_014,2023-06-20,96764,110675,103988.041666666667,14216,0,0,154438.000000000000,16147.000000000000,110980,low
ATM_014,2023-06-21,82662,96421,89809.625000000000,14102,0,0,138274.375000000000,16179.714285714286,96764,low
ATM_014,2023-06-22,68603,82338,75702.708333333333,14059,0,0,122106.154761904762,16140.571428571429,82662,low
ATM_014,2023-06-23,54392,68325,61687.791666666667,14211,0,0,105998.267857142857,16111.714285714286,68603,low
ATM_014,2023-06-24,50076,500000,325971.958333333333,21509,1,0,130160.517857142857,16180.428571428571,54392,low
ATM_014,2023-06-25,463526,483846,474094.166666666667,20819,0,0,178483.684523809524,16139.571428571429,50076,healthy
ATM_014,2023-06-26,438131,462927,451053.125000000000,25395,0,0,226043.916666666667,17758.714285714286,463526,healthy
ATM_014,2023-06-27,412502,437508,425499.166666666667,25629,0,0,271974.077380952381,19389.142857142857,438131,healthy
ATM_014,2023-06-28,386785,411944,399820.375000000000,25717,0,0,316261.327380952381,21048.428571428571,412502,healthy
ATM_014,2023-06-29,361222,386225,374206.833333333333,25563,0,0,358904.773809523810,22691.857142857143,386785,healthy
ATM_014,2023-06-30,335802,360651,348710.000000000000,25420,0,0,399907.946428571429,24293.142857142857,361222,healthy
ATM_014,2023-07-01,314492,335315,325326.916666666667,21310,0,0,399815.797619047619,24264.714285714286,335802,healthy
ATM_014,2023-07-02,293158,313980,304017.333333333333,21334,0,0,375519.107142857143,24338.285714285714,314492,healthy
ATM_014,2023-07-03,278990,292810,286148.458333333333,14168,0,0,351961.297619047619,22734.428571428571,293158,healthy
ATM_014,2023-07-04,264771,278691,271978.250000000000,14219,0,0,330029.738095238095,21104.428571428571,278990,healthy
ATM_014,2023-07-05,250444,264465,257703.291666666667,14327,0,0,309727.297619047619,19477.285714285714,264771,healthy
ATM_014,2023-07-06,236346,250094,243447.875000000000,14098,0,0,291047.446428571429,17839.428571428571,250444,healthy
ATM_014,2023-07-07,222208,236008,229397.083333333333,14138,0,0,274002.744047619048,16227.714285714286,236346,healthy
ATM_014,2023-07-08,201297,221734,211922.750000000000,20911,0,0,257802.148809523809,16170.714285714286,222208,healthy
ATM_014,2023-07-09,179991,200825,190821.000000000000,21306,0,0,241631.244047619048,16166.714285714286,201297,healthy
ATM_014,2023-07-10,165941,179665,173085.250000000000,14050,0,0,225479.357142857143,16149.857142857143,179991,healthy
ATM_014,2023-07-11,151742,165605,158952.333333333333,14199,0,0,209332.797619047619,16147.000000000000,165941,healthy
ATM_014,2023-07-12,137524,151449,144775.083333333333,14218,0,0,193200.196428571428,16131.428571428571,151742,healthy
ATM_014,2023-07-13,123311,137205,130550.291666666667,14213,0,0,177071.970238095238,16147.857142857143,137524,healthy
ATM_014,2023-07-14,109229,122969,116369.583333333333,14082,0,0,160925.184523809524,16139.857142857143,123311,healthy
ATM_014,2023-07-15,87596,108735,98589.833333333333,21633,0,0,144734.767857142857,16243.000000000000,109229,low
ATM_014,2023-07-16,66226,87108,77131.041666666667,21370,0,0,128493.345238095238,16252.142857142857,87596,low
ATM_014,2023-07-17,52096,65907,59259.166666666667,14130,0,0,112232.476190476190,16263.571428571429,66226,low
ATM_014,2023-07-18,50215,500000,382840.083333333333,13865,1,0,144216.440476190476,16215.857142857143,52096,low
ATM_014,2023-07-19,474260,488018,481389.250000000000,14044,0,0,192304.178571428571,16191.000000000000,50215,healthy
ATM_014,2023-07-20,460222,473928,467352.291666666667,14038,0,0,240418.750000000000,16166.000000000000,474260,healthy
ATM_014,2023-07-21,446066,459883,453218.000000000000,14156,0,0,288539.952380952381,16176.571428571429,460222,healthy
ATM_014,2023-07-22,424665,445603,435574.333333333333,21401,0,0,336680.595238095238,16143.428571428571,446066,healthy
ATM_014,2023-07-23,403406,424176,414183.583333333333,21259,0,0,384830.958333333333,16127.571428571429,424665,healthy
ATM_014,2023-07-24,389291,403062,396455.458333333333,14115,0,0,433001.857142857143,16125.428571428571,403406,healthy
ATM_014,2023-07-25,375103,388970,382312.166666666667,14188,0,0,432926.440476190476,16171.571428571429,389291,healthy
ATM_014,2023-07-26,349442,374490,362473.583333333333,25661,0,0,415938.488095238095,17831.142857142857,375103,healthy
ATM_014,2023-07-27,323898,348856,336809.875000000000,25544,0,0,397289.571428571428,19474.857142857143,349442,healthy
ATM_014,2023-07-28,298584,323304,311378.375000000000,25314,0,0,377026.767857142857,21068.857142857143,323898,healthy
ATM_014,2023-07-29,260230,297749,279691.541666666667,38354,0,0,354757.797619047619,23490.714285714286,298584,healthy
ATM_014,2023-07-30,221860,259307,241367.958333333333,38370,0,0,330069.851190476190,25935.142857142857,260230,healthy
ATM_014,2023-07-31,196063,221267,209159.541666666667,25797,0,0,303313.291666666667,27604.000000000000,221860,healthy
ATM_014,2023-08-01,181660,195761,188972.583333333333,14403,0,0,275693.351190476190,27634.714285714286,196063,healthy
ATM_014,2023-08-02,167637,181345,174719.666666666667,14023,0,0,248871.363095238095,25972.142857142857,181660,healthy
ATM_014,2023-08-03,153398,167282,160555.875000000000,14239,0,0,223692.220238095238,24357.142857142857,167637,healthy
ATM_014,2023-08-04,139252,153098,146439.041666666667,14146,0,0,200129.458333333333,22761.714285714286,153398,healthy
ATM_014,2023-08-05,118047,138733,128851.875000000000,21205,0,0,178580.934523809524,20311.857142857143,139252,healthy
ATM_014,2023-08-06,96756,117540,107551.166666666667,21291,0,0,159464.250000000000,17872.000000000000,118047,low
ATM_014,2023-08-07,82466,96425,89739.333333333333,14290,0,0,142404.220238095238,16228.142857142857,96756,low
ATM_014,2023-08-08,68252,82138,75441.125000000000,14214,0,0,126185.440476190476,16201.142857142857,82466,low
ATM_014,2023-08-09,54007,67915,61233.416666666667,14245,0,0,109973.119047619048,16232.857142857143,68252,low
ATM_014,2023-08-10,50081,500000,310124.250000000000,14185,1,0,131340.029761904762,16225.142857142857,54007,low
ATM_014,2023-08-11,476809,490540,483951.875000000000,14062,0,0,179556.148809523810,16213.142857142857,50081,healthy
ATM_014,2023-08-12,455648,476334,466440.333333333333,21161,0,0,227783.071428571429,16206.857142857143,476809,healthy
ATM_014,2023-08-13,434465,455158,445128.375000000000,21183,0,0,276008.386904761905,16191.428571428571,455648,healthy
ATM_014,2023-08-14,420400,434147,427540.208333333333,14065,0,0,324265.654761904762,16159.285714285714,434465,healthy
ATM_014,2023-08-15,406196,420103,413395.000000000000,14204,0,0,372544.779761904762,16157.857142857143,420400,healthy
ATM_014,2023-08-16,391826,405874,399129.333333333333,14370,0,0,420815.625000000000,16175.714285714286,406196,healthy
ATM_014,2023-08-17,377521,391507,384804.250000000000,14305,0,0,431484.196428571428,16192.857142857143,391826,healthy
ATM_014,2023-08-18,363420,377195,370614.916666666667,14101,0,0,415293.202380952381,16198.428571428571,377521,healthy
ATM_014,2023-08-19,341899,362954,352908.000000000000,21521,0,0,399074.297619047619,16249.857142857143,363420,healthy
ATM_014,2023-08-20,320598,341386,331373.000000000000,21301,0,0,382823.529761904762,16266.714285714286,341899,healthy
ATM_014,2023-08-21,306366,320243,313612.208333333333,14232,0,0,366548.101190476190,16290.571428571429,320598,healthy
ATM_014,2023-08-22,292246,306045,299377.666666666667,14120,0,0,350259.910714285714,16278.571428571429,306366,healthy
ATM_014,2023-08-23,278108,291924,285280.250000000000,14138,0,0,333995.755952380952,16245.428571428571,292246,healthy
ATM_014,2023-08-24,264230,277780,271279.458333333333,13878,0,0,317777.928571428571,16184.428571428571,278108,healthy
ATM_014,2023-08-25,250044,263901,257247.625000000000,14186,0,0,301582.601190476190,16196.571428571429,264230,healthy
ATM_014,2023-08-26,212103,249205,231362.541666666667,37941,0,0,284218.964285714286,18542.285714285714,250044,healthy
ATM_014,2023-08-27,173682,211251,193183.333333333333,38421,0,0,264477.583333333333,20988.000000000000,212103,healthy
ATM_014,2023-08-28,148181,173078,161121.083333333333,25501,0,0,242693.136904761905,22597.857142857143,173682,healthy
ATM_014,2023-08-29,122573,147586,135609.458333333333,25608,0,0,219297.678571428571,24239.000000000000,148181,healthy
ATM_014,2023-08-30,97254,121943,110092.666666666667,25319,0,0,194270.880952380952,25836.285714285714,122573,low
ATM_014,2023-08-31,71768,96657,84624.666666666667,25486,0,0,167605.910714285714,27494.571428571429,97254,low
ATM_014,2023-09-01,57601,71463,64827.958333333333,14167,0,0,140117.386904761905,27491.857142857143,71768,low
ATM_014,2023-09-02,50122,500000,291663.125000000000,21281,1,0,148731.755952380952,25111.857142857143,57601,low
ATM_014,2023-09-03,466595,487306,477310.750000000000,21185,0,0,189321.386904761905,22649.571428571429,50122,healthy
ATM_014,2023-09-04,452513,466259,459658.458333333333,14082,0,0,231969.583333333333,21018.285714285714,466595,healthy
ATM_014,2023-09-05,438281,452215,445496.250000000000,14232,0,0,276239.125000000000,19393.142857142857,452513,healthy
ATM_014,2023-09-06,423954,437952,431241.250000000000,14327,0,0,322117.494047619048,17822.857142857143,438281,healthy
ATM_014,2023-09-07,409890,423638,417033.958333333333,14064,0,0,369604.535714285714,16191.142857142857,423954,healthy
ATM_014,2023-09-08,395618,409562,402893.000000000000,14272,0,0,417899.541666666667,16206.142857142857,409890,healthy
ATM_014,2023-09-09,374361,395118,385130.583333333333,21257,0,0,431252.035714285714,16202.714285714286,395618,healthy
ATM_014,2023-09-10,353071,373859,363924.958333333333,21290,0,0,415054.065476190476,16217.714285714286,374361,healthy
ATM_014,2023-09-11,338887,352757,346077.291666666667,14184,0,0,398828.184523809524,16232.285714285714,353071,healthy
ATM_014,2023-09-12,324718,338541,331899.416666666667,14169,0,0,382600.065476190476,16223.285714285714,338887,healthy
ATM_014,2023-09-13,310568,324382,317739.375000000000,14150,0,0,366385.511904761905,16198.000000000000,324718,healthy
ATM_014,2023-09-14,296323,310230,303518.208333333333,14245,0,0,350168.976190476190,16223.857142857143,310568,healthy
ATM_014,2023-09-15,282286,296008,289399.375000000000,14037,0,0,333955.601190476190,16190.285714285714,296323,healthy
ATM_014,2023-09-16,261252,281826,271926.125000000000,21034,0,0,317783.535714285714,16158.428571428571,282286,healthy
ATM_014,2023-09-17,240023,260753,250829.875000000000,21229,0,0,301627.095238095238,16149.714285714286,261252,healthy
ATM_014,2023-09-18,225829,239698,233000.458333333333,14194,0,0,285473.261904761905,16151.142857142857,240023,healthy
ATM_014,2023-09-19,211815,225507,218916.291666666667,14014,0,0,269332.815476190476,16129.000000000000,225829,healthy
ATM_014,2023-09-20,197773,211491,204884.916666666667,14042,0,0,253210.750000000000,16113.571428571429,211815,healthy
ATM_014,2023-09-21,183698,197464,190834.750000000000,14075,0,0,237113.113095238095,16089.285714285714,197773,healthy
ATM_014,2023-09-22,169595,183380,176762.916666666667,14103,0,0,221022.190476190476,16098.714285714286,183698,healthy
ATM_014,2023-09-23,148370,169123,159186.833333333333,21225,0,0,204916.577380952381,16126.000000000000,169595,healthy
ATM_014,2023-09-24,127094,147866,137846.958333333333,21276,0,0,188776.160714285714,16132.714285714286,148370,healthy
ATM_014,2023-09-25,113067,126780,120204.583333333333,14027,0,0,172662.464285714286,16108.857142857143,127094,healthy
ATM_014,2023-09-26,87326,112507,100375.750000000000,25741,0,0,155728.101190476190,17784.142857142857,113067,low
ATM_014,2023-09-27,61837,86767,74727.083333333333,25489,0,0,137134.125000000000,19419.428571428571,87326,low
ATM_014,2023-09-28,51078,500000,274708.250000000000,25568,1,0,149116.053571428571,21061.285714285714,61837,low
ATM_014,2023-09-29,461387,486529,474450.125000000000,25708,0,0,191642.797619047619,22719.142857142857,51078,healthy
ATM_014,2023-09-30,423495,460527,442703.500000000000,37892,0,0,232145.178571428571,25100.142857142857,461387,healthy
ATM_014,2023-10-01,402059,422988,412928.958333333333,21436,0,0,271442.607142857143,25123.000000000000,423495,healthy
ATM_014,2023-10-02,388042,401692,395131.541666666667,14017,0,0,310717.886904761905,25121.571428571429,402059,healthy
ATM_014,2023-10-03,373922,387728,381079.708333333333,14120,0,0,350818.452380952381,23461.428571428571,388042,healthy
ATM_014,2023-10-04,359900,373617,366970.875000000000,14022,0,0,392567.565476190476,21823.285714285714,373922,healthy
ATM_014,2023-10-05,345488,359563,352777.875000000000,14412,0,0,403720.369047619048,20229.571428571429,359900,healthy
ATM_014,2023-10-06,331322,345184,338526.500000000000,14166,0,0,384302.708333333333,18580.714285714286,345488,healthy
ATM_014,2023-10-07,310024,330853,320831.250000000000,21298,0,0,366892.386904761905,16210.142857142857,331322,healthy
ATM_014,2023-10-08,288716,309553,299535.541666666667,21308,0,0,350693.327380952381,16191.857142857143,310024,healthy
ATM_014,2023-10-09,274739,288428,281859.958333333333,13977,0,0,334511.672619047619,16186.142857142857,288716,healthy
ATM_014,2023-10-10,260587,274437,267775.041666666667,14152,0,0,318325.291666666667,16190.714285714286,274739,healthy
ATM_014,2023-10-11,246504,260233,253638.500000000000,14083,0,0,302134.952380952381,16199.428571428571,260587,healthy
ATM_014,2023-10-12,232350,246183,239514.083333333333,14154,0,0,285954.410714285714,16162.571428571429,246504,healthy
ATM_014,2023-10-13,218252,232007,225409.333333333333,14098,0,0,269794.815476190476,16152.857142857143,232350,healthy
ATM_014,2023-10-14,197048,217752,207798.625000000000,21204,0,0,253647.297619047619,16139.428571428571,218252,healthy
ATM_014,2023-10-15,175751,196584,186554.458333333333,21297,0,0,237507.142857142857,16137.857142857143,197048,healthy
ATM_014,2023-10-16,161337,175388,168635.041666666667,14414,0,0,221332.154761904762,16200.285714285714,175751,healthy
ATM_014,2023-10-17,147267,161020,154425.583333333333,14070,0,0,205139.375000000000,16188.571428571429,161337,healthy
ATM_014,2023-10-18,133128,146933,140280.583333333333,14139,0,0,188945.386904761905,16196.571428571429,147267,healthy
ATM_014,2023-10-19,119264,132824,126301.916666666667,13864,0,0,172772.220238095238,16155.142857142857,133128,healthy
ATM_014,2023-10-20,105035,118940,112243.875000000000,14229,0,0,156605.726190476190,16173.857142857143,119264,healthy
ATM_014,2023-10-21,83503,104542,94430.125000000000,21532,0,0,140410.226190476190,16220.714285714286,105035,low
ATM_014,2023-10-22,62069,83010,72947.166666666667,21434,0,0,124180.613095238095,16240.285714285714,83503,low
ATM_014,2023-10-23,50971,500000,186426.333333333333,14170,1,0,126722.226190476190,16205.428571428571,62069,low
ATM_014,2023-10-24,483664,497695,490944.625000000000,14351,0,0,174796.375000000000,16245.571428571429,50971,healthy
ATM_014,2023-10-25,469361,483361,476628.208333333333,14303,0,0,222846.035714285714,16269.000000000000,483664,healthy
ATM_014,2023-10-26,444043,468771,456881.583333333333,25318,0,0,270071.702380952381,17905.285714285714,469361,healthy
ATM_014,2023-10-27,418574,443530,431550.458333333333,25469,0,0,315686.928571428571,19511.000000000000,444043,healthy
ATM_014,2023-10-28,380580,417653,399867.166666666667,37994,0,0,359320.791666666667,21862.714285714286,418574,healthy
ATM_014,2023-10-29,342487,379748,361795.291666666667,38093,0,0,400584.809523809524,24242.571428571429,380580,healthy
ATM_014,2023-10-30,317060,341907,330011.708333333333,25427,0,0,421097.005952380952,25850.714285714286,342487,healthy
ATM_014,2023-10-31,291478,316468,304405.208333333333,25582,0,0,394448.517857142857,27455.142857142857,317060,healthy
ATM_014,2023-11-01,277312,291150,284503.708333333333,14166,0,0,367002.160714285714,27435.571428571429,291478,healthy
ATM_014,2023-11-02,263258,277005,270433.291666666667,14054,0,0,340366.690476190476,25826.428571428571,277312,healthy
ATM_014,2023-11-03,248934,262935,256202.625000000000,14324,0,0,315317.000000000000,24234.285714285714,263258,healthy
ATM_014,2023-11-04,227773,248476,238510.833333333333,21161,0,0,292266.095238095238,21829.571428571429,248934,healthy
ATM_014,2023-11-05,206475,227301,217340.500000000000,21298,0,0,271629.696428571428,19430.285714285714,227773,healthy
ATM_014,2023-11-06,192246,206143,199466.416666666667,14229,0,0,252980.369047619048,17830.571428571429,206475,healthy
ATM_014,2023-11-07,178012,191923,185294.125000000000,14234,0,0,235964.500000000000,16209.428571428571,192246,healthy
ATM_014,2023-11-08,163802,177687,171028.333333333333,14210,0,0,219753.732142857143,16215.714285714286,178012,healthy
ATM_014,2023-11-09,149719,163477,156871.958333333333,14083,0,0,203530.684523809524,16219.857142857143,163802,healthy
ATM_014,2023-11-10,135569,149411,142740.291666666667,14150,0,0,187321.779761904762,16195.000000000000,149719,healthy
ATM_014,2023-11-11,114271,135106,125103.291666666667,21298,0,0,171120.702380952381,16214.571428571429,135569,healthy
ATM_014,2023-11-12,93022,113806,103780.416666666667,21249,0,0,154897.833333333333,16207.571428571429,114271,low
ATM_014,2023-11-13,78866,92717,86067.333333333333,14156,0,0,138697.964285714286,16197.142857142857,93022,low
ATM_014,2023-11-14,64820,78544,71896.041666666667,14046,0,0,122498.238095238095,16170.285714285714,78866,low
ATM_014,2023-11-15,50460,64501,57762.958333333333,14360,0,0,106317.470238095238,16191.714285714286,64820,low
ATM_014,2023-11-16,50168,500000,475014.458333333333,14011,1,0,151766.398809523810,16181.428571428571,50460,low
ATM_014,2023-11-17,472326,486283,479547.208333333333,14280,0,0,199881.672619047619,16200.000000000000,50168,healthy
ATM_014,2023-11-18,450885,471825,461813.041666666667,21441,0,0,247983.065476190476,16220.428571428571,472326,healthy
ATM_014,2023-11-19,429663,450356,440379.333333333333,21222,0,0,296068.625000000000,16216.571428571429,450885,healthy
ATM_014,2023-11-20,415683,429341,422755.458333333333,13980,0,0,344166.928571428571,16191.428571428571,429663,healthy
ATM_014,2023-11-21,401512,415383,408718.791666666667,14171,0,0,392284.464285714286,16209.285714285714,415683,healthy
ATM_014,2023-11-22,387457,401197,394602.250000000000,14055,0,0,440404.363095238095,16165.714285714286,401512,healthy
ATM_014,2023-11-23,373354,387137,380507.083333333333,14103,0,0,426903.309523809524,16178.857142857143,387457,healthy
ATM_014,2023-11-24,359237,373019,366322.583333333333,14117,0,0,410728.363095238095,16155.571428571429,373354,healthy
ATM_014,2023-11-25,338098,358766,348827.541666666667,21139,0,0,394587.577380952381,16112.428571428571,359237,healthy
ATM_014,2023-11-26,299874,337212,319270.125000000000,38224,0,0,377286.261904761905,18541.285714285714,338098,healthy
ATM_014,2023-11-27,274195,299299,287257.458333333333,25679,0,0,357929.404761904762,20212.571428571429,299874,healthy
ATM_014,2023-11-28,248453,273600,261457.041666666667,25742,0,0,336892.011904761905,21865.571428571429,274195,healthy
ATM_014,2023-11-29,223029,247864,235920.000000000000,25424,0,0,314223.119047619048,23489.714285714286,248453,healthy
ATM_014,2023-11-30,197573,222421,210493.541666666667,25456,0,0,289935.470238095238,25111.571428571429,223029,healthy
ATM_014,2023-12-01,183290,197266,190587.833333333333,14283,0,0,264830.505952380952,25135.285714285714,197573,healthy
ATM_014,2023-12-02,162203,182824,172865.208333333333,21087,0,0,239693.029761904762,25127.857142857143,183290,healthy
ATM_014,2023-12-03,141094,161785,151848.250000000000,21109,0,0,215775.619047619048,22682.857142857143,162203,healthy
ATM_014,2023-12-04,126792,140797,134069.291666666667,14302,0,0,193891.595238095238,21057.571428571429,141094,healthy
ATM_014,2023-12-05,112409,126479,119715.333333333333,14383,0,0,173642.779761904762,19434.857142857143,126792,healthy
ATM_014,2023-12-06,98379,112077,105506.916666666667,14030,0,0,155012.339285714286,17807.142857142857,112409,low
ATM_014,2023-12-07,84218,98067,91439.583333333333,14161,0,0,138004.630952380952,16193.571428571429,98379,low
ATM_014,2023-12-08,70167,83888,77307.500000000000,14051,0,0,121821.726190476190,16160.428571428571,84218,low
ATM_014,2023-12-09,50366,500000,115965.875000000000,21257,1,0,113693.250000000000,16184.714285714286,70167,low
ATM_014,2023-12-10,477862,498560,488646.125000000000,21163,0,0,161807.232142857143,16192.428571428571,50366,healthy
ATM_014,2023-12-11,463834,477534,470963.916666666667,14028,0,0,209935.035714285714,16153.285714285714,477862,healthy
ATM_014,2023-12-12,449651,463524,456861.083333333333,14183,0,0,258098.714285714286,16124.714285714286,463834,healthy
ATM_014,2023-12-13,435288,449324,442571.666666666667,14363,0,0,306250.821428571429,16172.285714285714,449651,healthy
ATM_014,2023-12-14,421037,434964,428263.250000000000,14251,0,0,354368.488095238095,16185.142857142857,435288,healthy
ATM_014,2023-12-15,406795,420710,414032.333333333333,14242,0,0,402472.035714285714,16212.428571428571,421037,healthy
ATM_014,2023-12-16,385419,406310,396273.041666666667,21376,0,0,442515.916666666667,16229.428571428571,406795,healthy
ATM_014,2023-12-17,364153,384950,374960.791666666667,21266,0,0,426275.154761904762,16244.142857142857,385419,healthy
ATM_014,2023-12-18,350020,363813,357155.416666666667,14133,0,0,410016.797619047619,16259.142857142857,364153,healthy
ATM_014,2023-12-19,335828,349730,343025.750000000000,14192,0,0,393754.607142857143,16260.428571428571,350020,healthy
ATM_014,2023-12-20,321587,335472,328821.166666666667,14241,0,0,377504.535714285714,16243.000000000000,335828,healthy
ATM_014,2023-12-21,307398,321280,314655.208333333333,14189,0,0,361274.815476190476,16234.142857142857,321587,healthy
ATM_014,2023-12-22,293060,307064,300361.000000000000,14338,0,0,345036.053571428572,16247.857142857143,307398,healthy
ATM_014,2023-12-23,271619,292567,282508.500000000000,21441,0,0,328783.976190476191,16257.142857142857,293060,healthy
ATM_014,2023-12-24,250366,271129,261098.208333333333,21253,0,0,312517.892857142857,16255.285714285714,271619,healthy
ATM_014,2023-12-25,236100,250055,243333.833333333333,14266,0,0,296257.666666666667,16274.285714285714,250366,healthy
ATM_014,2023-12-26,210626,235568,223569.583333333333,25474,0,0,279192.500000000000,17886.000000000000,236100,healthy
ATM_014,2023-12-27,184707,210032,197844.583333333333,25919,0,0,260481.559523809524,19554.285714285714,210626,healthy
ATM_014,2023-12-28,159047,184113,172067.166666666667,25660,0,0,240111.839285714286,21193.000000000000,184707,healthy
ATM_014,2023-12-29,133574,158501,146516.166666666667,25473,0,0,218134.005952380952,22783.714285714286,159047,healthy
ATM_014,2023-12-30,95298,132715,114687.625000000000,38276,0,0,194159.595238095238,25188.714285714286,133574,low
ATM_014,2023-12-31,94401,94401,94401.000000000000,897,0,0,170345.708333333333,22280.714285714286,95298,low
ATM_015,2023-01-01,478757,499536,489548.625000000000,21243,0,0,489548.625000000000,21243.000000000000,,healthy
ATM_015,2023-01-02,464613,478442,471703.500000000000,14144,0,0,480626.062500000000,17693.500000000000,478757,healthy
ATM_015,2023-01-03,450667,464304,457760.041666666667,13946,0,0,473004.055555555556,16444.333333333333,464613,healthy
ATM_015,2023-01-04,436433,450366,443657.875000000000,14234,0,0,465667.510416666667,15891.750000000000,450667,healthy
ATM_015,2023-01-05,422284,436108,429422.875000000000,14149,0,0,458418.583333333333,15543.200000000000,436433,healthy
ATM_015,2023-01-06,408184,421962,415372.750000000000,14100,0,0,451244.277777777778,15302.666666666667,422284,healthy
ATM_015,2023-01-07,386918,407678,397738.708333333333,21266,0,0,443600.625000000000,16154.571428571429,408184,healthy
ATM_015,2023-01-08,365790,386453,376573.333333333333,21128,0,0,427461.297619047619,16138.142857142857,386918,healthy
ATM_015,2023-01-09,351631,365483,358783.708333333333,14159,0,0,411329.898809523809,16140.285714285714,365790,healthy
ATM_015,2023-01-10,337551,351311,344687.791666666667,14080,0,0,395176.720238095238,16159.428571428571,351631,healthy
ATM_015,2023-01-11,323339,337215,330565.083333333333,14212,0,0,379020.607142857143,16156.285714285714,337551,healthy
ATM_015,2023-01-12,309417,323043,316494.250000000000,13922,0,0,362887.946428571428,16123.857142857143,323339,healthy
ATM_015,2023-01-13,295422,309097,302622.666666666667,13995,0,0,346780.791666666667,16108.857142857143,309417,healthy
ATM_015,2023-01-14,273987,294942,284899.666666666667,21435,0,0,330660.928571428571,16133.000000000000,295422,healthy
ATM_015,2023-01-15,252624,273477,263548.458333333333,21363,0,0,314514.517857142857,16166.571428571429,273987,healthy
ATM_015,2023-01-16,238393,252275,245632.708333333333,14231,0,0,298350.089285714286,16176.857142857143,252624,healthy
ATM_015,2023-01-17,224209,238093,231426.125000000000,14184,0,0,282169.851190476190,16191.714285714286,238393,healthy
ATM_015,2023-01-18,210048,223893,217278.875000000000,14161,0,0,265986.107142857143,16184.428571428571,224209,healthy
ATM_015,2023-01-19,195950,209716,203086.000000000000,14098,0,0,249784.928571428571,16209.571428571429,210048,healthy
ATM_015,2023-01-20,181565,195620,188876.208333333333,14385,0,0,233535.434523809524,16265.285714285714,195950,healthy
ATM_015,2023-01-21,160319,181104,171161.208333333333,21246,0,0,217287.083333333333,16238.285714285714,181565,healthy
ATM_015,2023-01-22,138905,159820,149801.500000000000,21414,0,0,201037.517857142857,16245.571428571429,160319,healthy
ATM_015,2023-01-23,124681,138595,131928.291666666667,14224,0,0,184794.029761904762,16244.571428571429,138905,healthy
ATM_015,2023-01-24,110381,124362,117601.208333333333,14300,0,0,168533.327380952381,16261.142857142857,124681,healthy
ATM_015,2023-01-25,96321,110045,103490.166666666667,14060,0,0,152277.797619047619,16246.714285714286,110381,low
ATM_015,2023-01-26,70848,95759,83824.500000000000,25473,0,0,135240.440476190476,17871.714285714286,96321,low
ATM_015,2023-01-27,50631,500000,189879.291666666667,25593,1,0,135383.738095238095,19472.857142857143,70848,low
ATM_015,2023-01-28,458462,495633,477707.708333333333,38050,0,0,179176.095238095238,21873.428571428571,50631,healthy
ATM_015,2023-01-29,420138,457570,439564.375000000000,38324,0,0,220570.791666666667,24289.142857142857,458462,healthy
ATM_015,2023-01-30,394979,419574,407836.250000000000,25159,0,0,259986.214285714286,25851.285714285714,420138,healthy
ATM_015,2023-01-31,369516,394395,382457.125000000000,25463,0,0,297822.773809523810,27446.000000000000,394979,healthy
ATM_015,2023-02-01,355375,369184,362593.083333333333,14141,0,0,334837.476190476190,27457.571428571429,369516,healthy
ATM_015,2023-02-02,341097,355058,348318.125000000000,14278,0,0,372622.279761904762,25858.285714285714,355375,healthy
ATM_015,2023-02-03,326930,340754,334118.625000000000,14167,0,0,393227.898809523809,24226.000000000000,341097,healthy
ATM_015,2023-02-04,305612,326467,316434.416666666667,21318,0,0,370188.857142857143,21835.714285714286,326930,healthy
ATM_015,2023-02-05,284625,305143,295290.583333333333,20987,0,0,349578.315476190476,19359.000000000000,305612,healthy
ATM_015,2023-02-06,270132,284315,277566.875000000000,14493,0,0,330968.404761904762,17835.285714285714,284625,healthy
ATM_015,2023-02-07,256061,269794,263187.083333333333,14071,0,0,313929.827380952381,16207.857142857143,270132,healthy
ATM_015,2023-02-08,241930,255773,249123.625000000000,14131,0,0,297719.904761904762,16206.428571428571,256061,healthy
ATM_015,2023-02-09,227809,241638,235013.833333333333,14121,0,0,281533.577380952381,16184.000000000000,241930,healthy
ATM_015,2023-02-10,213583,227454,220759.000000000000,14226,0,0,265339.345238095238,16192.428571428571,227809,healthy
ATM_015,2023-02-11,192436,213099,203140.708333333333,21147,0,0,249154.529761904762,16168.000000000000,213583,healthy
ATM_015,2023-02-12,171256,191942,181975.250000000000,21180,0,0,232966.625000000000,16195.571428571429,192436,healthy
ATM_015,2023-02-13,157204,170957,164347.666666666667,14052,0,0,216792.452380952381,16132.571428571429,171256,healthy
ATM_015,2023-02-14,143108,156861,150290.375000000000,14096,0,0,200664.351190476190,16136.142857142857,157204,healthy
ATM_015,2023-02-15,129038,142753,136172.750000000000,14070,0,0,184528.511904761905,16127.428571428571,143108,healthy
ATM_015,2023-02-16,114791,128699,122049.833333333333,14247,0,0,168390.797619047619,16145.428571428571,129038,healthy
ATM_015,2023-02-17,100751,114502,107886.375000000000,14040,0,0,152266.136904761905,16118.857142857143,114791,healthy
ATM_015,2023-02-18,79466,100288,90253.875000000000,21285,0,0,136139.446428571429,16138.571428571429,100751,low
ATM_015,2023-02-19,58325,78991,69035.625000000000,21141,0,0,120005.214285714286,16133.000000000000,79466,low
ATM_015,2023-02-20,50239,500000,239181.708333333333,14186,1,0,130695.791666666667,16152.142857142857,58325,low
ATM_015,2023-02-21,480692,494652,487930.583333333333,14284,0,0,178930.107142857143,16179.000000000000,50239,healthy
ATM_015,2023-02-22,466402,480386,473679.541666666667,14290,0,0,227145.363095238095,16210.428571428571,480692,healthy
ATM_015,2023-02-23,452104,466062,459326.375000000000,14298,0,0,275327.726190476190,16217.714285714286,466402,healthy
ATM_015,2023-02-24,438049,451765,445105.416666666667,14055,0,0,323501.875000000000,16219.857142857143,452104,healthy
ATM_015,2023-02-25,416958,437566,427596.916666666667,21091,0,0,371693.738095238095,16192.142857142857,438049,healthy
ATM_015,2023-02-26,378814,416156,398193.750000000000,38144,0,0,418716.327380952381,18621.142857142857,416958,healthy
ATM_015,2023-02-27,353545,378242,366349.208333333333,25269,0,0,436883.113095238095,20204.428571428571,378814,healthy
ATM_015,2023-02-28,328120,352964,341034.541666666667,25425,0,0,415897.964285714286,21796.000000000000,353545,healthy
ATM_015,2023-03-01,313830,327773,321053.500000000000,14290,0,0,394094.244047619048,21796.000000000000,328120,healthy
ATM_015,2023-03-02,299723,313507,306872.708333333333,14107,0,0,372315.148809523810,21768.714285714286,313830,healthy
ATM_015,2023-03-03,285707,299394,292842.916666666667,14016,0,0,350563.363095238095,21763.142857142857,299723,healthy
ATM_015,2023-03-04,264274,285235,275202.291666666667,21433,0,0,328792.702380952381,21812.000000000000,285707,healthy
ATM_015,2023-03-05,243317,263777,253940.166666666667,20957,0,0,308185.047619047619,19356.714285714286,264274,healthy
ATM_015,2023-03-06,229231,243010,236398.375000000000,14086,0,0,289620.642857142857,17759.142857142857,243317,healthy
ATM_015,2023-03-07,215055,228915,222196.333333333333,14176,0,0,272643.755952380952,16152.142857142857,229231,healthy
ATM_015,2023-03-08,200751,214734,208006.083333333333,14304,0,0,256494.125000000000,16154.142857142857,215055,healthy
ATM_015,2023-03-09,186517,200460,193767.583333333333,14234,0,0,240336.250000000000,16172.285714285714,200751,healthy
ATM_015,2023-03-10,172340,186211,179513.708333333333,14177,0,0,224146.363095238095,16195.285714285714,186517,healthy
ATM_015,2023-03-11,151160,171876,161932.208333333333,21180,0,0,207964.922619047619,16159.142857142857,172340,healthy
ATM_015,2023-03-12,129937,150684,140724.333333333333,21223,0,0,191791.232142857143,16197.142857142857,151160,healthy
ATM_015,2023-03-13,115743,129588,122898.166666666667,14194,0,0,175576.916666666666,16212.571428571429,129937,healthy
ATM_015,2023-03-14,101618,115434,108855.375000000000,14125,0,0,159385.351190476190,16205.285714285714,115743,healthy
ATM_015,2023-03-15,87435,101298,94632.625000000000,14183,0,0,143189.142857142857,16188.000000000000,101618,low
ATM_015,2023-03-16,73399,87109,80503.041666666667,14036,0,0,127008.494047619048,16159.714285714286,87435,low
ATM_015,2023-03-17,59034,73071,66315.916666666667,14365,0,0,110837.380952380952,16186.571428571429,73399,low
ATM_015,2023-03-18,51361,500000,292351.625000000000,21267,1,0,129468.726190476191,16199.000000000000,59034,low
ATM_015,2023-03-19,466791,487474,477567.833333333333,21166,0,0,177589.226190476191,16190.857142857143,51361,healthy
ATM_015,2023-03-20,452794,466463,459899.500000000000,13997,0,0,225732.273809523810,16162.714285714286,466791,healthy
ATM_015,2023-03-21,438674,452512,445818.791666666667,14120,0,0,273869.904761904762,16162.000000000000,452794,healthy
ATM_015,2023-03-22,424726,438345,431828.000000000000,13948,0,0,322040.672619047619,16128.428571428571,438674,healthy
ATM_015,2023-03-23,410483,424375,417689.208333333333,14243,0,0,370210.125000000000,16158.000000000000,424726,healthy
ATM_015,2023-03-24,396406,410157,403536.208333333333,14077,0,0,418384.452380952381,16116.857142857143,410483,healthy
ATM_015,2023-03-25,375037,395924,385887.208333333333,21369,0,0,431746.678571428571,16131.428571428571,396406,healthy
ATM_015,2023-03-26,336763,374132,356175.041666666667,38274,0,0,414404.851190476190,18575.428571428571,375037,healthy
ATM_015,2023-03-27,311610,336187,324289.583333333333,25153,0,0,395032.005952380952,20169.142857142857,336763,healthy
ATM_015,2023-03-28,286095,311025,299056.583333333333,25515,0,0,374065.976190476190,21797.000000000000,311610,healthy
ATM_015,2023-03-29,260617,285529,273574.041666666667,25478,0,0,351458.267857142857,23444.142857142857,286095,healthy
ATM_015,2023-03-30,235251,260049,248160.958333333333,25366,0,0,327239.946428571428,25033.142857142857,260617,healthy
ATM_015,2023-03-31,210057,234676,222847.666666666667,25194,0,0,301427.297619047619,26621.285714285714,235251,healthy
ATM_015,2023-04-01,188549,209572,199485.375000000000,21508,0,0,274798.464285714286,26641.142857142857,210057,healthy
ATM_015,2023-04-02,167441,188059,178155.208333333333,21108,0,0,249367.059523809524,24188.857142857143,188549,healthy
ATM_015,2023-04-03,153214,167103,160441.458333333333,14227,0,0,225960.184523809524,22628.000000000000,167441,healthy
ATM_015,2023-04-04,138887,152889,146157.041666666667,14327,0,0,204117.392857142857,21029.714285714286,153214,healthy
ATM_015,2023-04-05,124622,138571,131859.416666666667,14265,0,0,183872.446428571429,19427.857142857143,138887,healthy
ATM_015,2023-04-06,110523,124310,117664.208333333333,14099,0,0,165230.053571428571,17818.285714285714,124622,healthy
ATM_015,2023-04-07,96466,110183,103627.083333333333,14057,0,0,148198.541666666667,16227.285714285714,110523,low
ATM_015,2023-04-08,75067,95992,85914.125000000000,21399,0,0,131974.077380952381,16211.714285714286,96466,low
ATM_015,2023-04-09,53629,74595,64533.291666666667,21438,0,0,115742.375000000000,16258.857142857143,75067,low
ATM_015,2023-04-10,50692,500000,328081.166666666667,14257,1,0,139690.904761904762,16263.142857142857,53629,low
ATM_015,2023-04-11,475547,489435,482782.250000000000,14190,0,0,187780.220238095238,16243.571428571429,50692,healthy
ATM_015,2023-04-12,461547,475224,468655.083333333333,14000,0,0,235893.886904761905,16205.714285714286,475547,healthy
ATM_015,2023-04-13,447285,461214,454507.541666666667,14262,0,0,284014.363095238095,16229.000000000000,461547,healthy
ATM_015,2023-04-14,432975,446967,440244.708333333333,14310,0,0,332102.595238095238,16265.142857142857,447285,healthy
ATM_015,2023-04-15,411858,432482,422573.083333333333,21117,0,0,380196.732142857143,16224.857142857143,432975,healthy
ATM_015,2023-04-16,390927,411353,401552.500000000000,20931,0,0,428342.333333333333,16152.428571428571,411858,healthy
ATM_015,2023-04-17,376801,390585,383967.625000000000,14126,0,0,436326.113095238095,16133.714285714286,390927,healthy
ATM_015,2023-04-18,362613,376497,369794.000000000000,14188,0,0,420184.934523809524,16133.428571428571,376801,healthy
ATM_015,2023-04-19,348451,362292,355653.333333333333,14162,0,0,404041.827380952381,16156.571428571429,362613,healthy
ATM_015,2023-04-20,334358,348122,341476.000000000000,14093,0,0,387894.464285714286,16132.428571428571,348451,healthy
ATM_015,2023-04-21,319938,334020,327259.416666666667,14420,0,0,371753.708333333333,16148.142857142857,334358,healthy
ATM_015,2023-04-22,298693,319460,309508.666666666667,21245,0,0,355601.648809523810,16166.428571428571,319938,healthy
ATM_015,2023-04-23,277429,298220,288224.333333333333,21264,0,0,339411.910714285714,16214.000000000000,298693,healthy
ATM_015,2023-04-24,263386,277136,270546.416666666667,14043,0,0,323208.880952380952,16202.142857142857,277429,healthy
ATM_015,2023-04-25,248901,263082,256265.416666666667,14485,0,0,306990.511904761905,16244.571428571429,263386,healthy
ATM_015,2023-04-26,223433,248322,236359.250000000000,25468,0,0,289948.500000000000,17859.714285714286,248901,healthy
ATM_015,2023-04-27,197905,222819,210887.250000000000,25528,0,0,271292.964285714286,19493.285714285714,223433,healthy
ATM_015,2023-04-28,172765,197284,185486.125000000000,25140,0,0,251039.636904761905,21024.714285714286,197905,healthy
ATM_015,2023-04-29,134697,171942,154045.041666666667,38068,0,0,228830.547619047619,23428.000000000000,172765,healthy
ATM_015,2023-04-30,96634,133820,115935.166666666667,38063,0,0,204217.809523809524,25827.857142857143,134697,low
ATM_015,2023-05-01,82362,96311,89575.958333333333,14272,0,0,178364.886904761905,25860.571428571429,96634,low
ATM_015,2023-05-02,67987,82049,75318.291666666667,14375,0,0,152515.297619047619,25844.857142857143,82362,low
ATM_015,2023-05-03,53930,67654,61093.916666666667,14057,0,0,127477.392857142857,24214.714285714286,67987,low
ATM_015,2023-05-04,50160,500000,310085.750000000000,14100,1,0,141648.607142857143,22582.142857142857,53930,low
ATM_015,2023-05-05,476447,490421,483694.041666666667,14292,0,0,184249.738095238095,21032.428571428571,50160,healthy
ATM_015,2023-05-06,455077,475976,465863.458333333333,21370,0,0,228795.226190476191,18647.000000000000,476447,healthy
ATM_015,2023-05-07,433725,454621,444631.916666666667,21352,0,0,275751.904761904762,16259.714285714286,455077,healthy
ATM_015,2023-05-08,419650,433406,426779.000000000000,14075,0,0,323923.767857142857,16231.571428571429,433725,healthy
ATM_015,2023-05-09,405496,419291,412646.208333333333,14154,0,0,372113.470238095238,16200.000000000000,419650,healthy
ATM_015,2023-05-10,391434,405176,398520.250000000000,14062,0,0,420317.232142857143,16200.714285714286,405496,healthy
ATM_015,2023-05-11,377305,391123,384476.750000000000,14129,0,0,430944.517857142857,16204.857142857143,391434,healthy
ATM_015,2023-05-12,363210,376999,370378.708333333333,14095,0,0,414756.613095238095,16176.714285714286,377305,healthy
ATM_015,2023-05-13,342249,362723,352905.166666666667,20961,0,0,398619.714285714286,16118.285714285714,363210,healthy
ATM_015,2023-05-14,321194,341788,331896.166666666667,21055,0,0,382514.607142857143,16075.857142857143,342249,healthy
ATM_015,2023-05-15,307055,320849,314221.375000000000,14139,0,0,366434.946428571429,16085.000000000000,321194,healthy
ATM_015,2023-05-16,292986,306730,300152.875000000000,14069,0,0,350364.470238095238,16072.857142857143,307055,healthy
ATM_015,2023-05-17,278950,292648,286075.083333333333,14036,0,0,334300.875000000000,16069.142857142857,292986,healthy
ATM_015,2023-05-18,264785,278649,271988.208333333333,14165,0,0,318231.083333333333,16074.285714285714,278950,healthy
ATM_015,2023-05-19,250842,264436,257879.041666666667,13943,0,0,302159.702380952381,16052.571428571429,264785,healthy
ATM_015,2023-05-20,229521,250366,240302.416666666667,21321,0,0,286073.595238095238,16104.000000000000,250842,healthy
ATM_015,2023-05-21,208166,229030,219008.375000000000,21355,0,0,269946.767857142857,16146.857142857143,229521,healthy
ATM_015,2023-05-22,194186,207832,201266.708333333333,13980,0,0,253810.386904761905,16124.142857142857,208166,healthy
ATM_015,2023-05-23,180098,193885,187263.625000000000,14088,0,0,237683.351190476190,16126.857142857143,194186,healthy
ATM_015,2023-05-24,165682,179767,172953.958333333333,14416,0,0,221523.190476190476,16181.142857142857,180098,healthy
ATM_015,2023-05-25,151474,165381,158702.375000000000,14208,0,0,205339.500000000000,16187.285714285714,165682,healthy
ATM_015,2023-05-26,125872,150857,138869.791666666667,25602,0,0,188338.178571428571,17852.857142857143,151474,healthy
ATM_015,2023-05-27,87842,125017,107198.708333333333,38030,0,0,169323.363095238095,20239.857142857143,125872,low
ATM_015,2023-05-28,50030,86985,69262.416666666667,37812,0,0,147931.083333333333,22590.857142857143,87842,low
ATM_015,2023-05-29,475019,500000,487990.000000000000,25566,1,0,188891.553571428571,24246.000000000000,50030,healthy
ATM_015,2023-05-30,449611,474481,462534.416666666667,25408,0,0,228215.952380952381,25863.142857142857,475019,healthy
ATM_015,2023-05-31,424332,448998,437159.791666666667,25279,0,0,265959.642857142857,27415.000000000000,449611,healthy
ATM_015,2023-06-01,410287,424042,417420.041666666667,14045,0,0,302919.309523809524,27391.714285714286,424332,healthy
ATM_015,2023-06-02,395957,409953,403214.375000000000,14330,0,0,340682.821428571429,25781.428571428571,410287,healthy
ATM_015,2023-06-03,374393,395457,385356.583333333333,21564,0,0,380419.660714285714,23429.142857142857,395957,healthy
ATM_015,2023-06-04,353401,373923,364069.083333333333,20992,0,0,422534.898809523810,21026.285714285714,374393,healthy
ATM_015,2023-06-05,339228,353088,346445.375000000000,14173,0,0,402314.238095238095,19398.714285714286,353401,healthy
ATM_015,2023-06-06,324995,338899,332234.916666666667,14233,0,0,383700.023809523810,17802.285714285714,339228,healthy
ATM_015,2023-06-07,311012,324690,318116.875000000000,13983,0,0,366693.892857142857,16188.571428571429,324995,healthy
ATM_015,2023-06-08,296750,310704,304024.958333333333,14262,0,0,350494.595238095238,16219.571428571429,311012,healthy
ATM_015,2023-06-09,282646,296418,289842.375000000000,14104,0,0,334298.595238095238,16187.285714285714,296750,healthy
ATM_015,2023-06-10,261811,282203,272436.458333333333,20835,0,0,318167.148809523809,16083.142857142857,282646,healthy
ATM_015,2023-06-11,240577,261353,251394.750000000000,21234,0,0,302070.815476190476,16117.714285714286,261811,healthy
ATM_015,2023-06-12,226425,240242,233636.125000000000,14152,0,0,285955.208333333333,16114.714285714286,240577,healthy
ATM_015,2023-06-13,212110,226097,219305.416666666667,14315,0,0,269822.422619047619,16126.428571428571,226425,healthy
ATM_015,2023-06-14,197855,211814,205098.958333333333,14255,0,0,253677.005952380952,16165.285714285714,212110,healthy
ATM_015,2023-06-15,183462,197523,190734.791666666667,14393,0,0,237492.696428571429,16184.000000000000,197855,healthy
ATM_015,2023-06-16,169205,183127,176396.458333333333,14257,0,0,221286.136904761905,16205.857142857143,183462,healthy
ATM_015,2023-06-17,147983,168761,158795.958333333333,21222,0,0,205051.779761904762,16261.142857142857,169205,healthy
ATM_015,2023-06-18,126819,147509,137519.291666666667,21164,0,0,188783.857142857143,16251.142857142857,147983,healthy
ATM_015,2023-06-19,112810,126506,119924.541666666667,14009,0,0,172539.345238095238,16230.714285714286,126819,healthy
ATM_015,2023-06-20,98522,112476,105772.125000000000,14288,0,0,156320.303571428571,16226.857142857143,112810,low
ATM_015,2023-06-21,84237,98197,91498.708333333333,14285,0,0,140091.696428571429,16231.142857142857,98522,low
ATM_015,2023-06-22,70138,83940,77277.166666666667,14099,0,0,123883.464285714286,16189.142857142857,84237,low
ATM_015,2023-06-23,55952,69815,63181.083333333333,14186,0,0,107709.839285714286,16179.000000000000,70138,low
ATM_015,2023-06-24,50009,500000,308814.291666666667,21351,1,0,129141.029761904762,16197.428571428571,55952,low
ATM_015,2023-06-25,464879,485662,475677.375000000000,21296,0,0,177449.327380952381,16216.285714285714,50009,healthy
ATM_015,2023-06-26,439203,464270,452210.666666666667,25676,0,0,224918.773809523810,17883.000000000000,464879,healthy
ATM_015,2023-06-27,413842,438625,426724.083333333333,25361,0,0,270769.053571428571,19464.857142857143,439203,healthy
ATM_015,2023-06-28,388448,413230,401312.750000000000,25394,0,0,315028.202380952381,21051.857142857143,413842,healthy
ATM_015,2023-06-29,362899,387832,375907.958333333333,25549,0,0,357689.744047619048,22687.571428571429,388448,healthy
ATM_015,2023-06-30,337330,362335,350347.958333333333,25569,0,0,398713.583333333333,24313.714285714286,362899,healthy
ATM_015,2023-07-01,316101,336845,326852.000000000000,21229,0,0,401290.398809523809,24296.285714285714,337330,healthy
ATM_015,2023-07-02,295097,315600,305694.708333333333,21004,0,0,377007.160714285714,24254.571428571429,316101,healthy
ATM_015,2023-07-03,280858,294761,288016.375000000000,14239,0,0,353550.833333333333,22620.714285714286,295097,healthy
ATM_015,2023-07-04,266418,280552,273752.500000000000,14440,0,0,331697.750000000000,21060.571428571429,280858,healthy
ATM_015,2023-07-05,252086,266073,259316.791666666667,14332,0,0,311412.613095238095,19480.285714285714,266418,healthy
ATM_015,2023-07-06,237946,251767,245097.000000000000,14140,0,0,292725.333333333333,17850.428571428571,252086,healthy
ATM_015,2023-07-07,223839,237621,230981.666666666667,14107,0,0,275673.005952380952,16213.000000000000,237946,healthy
ATM_015,2023-07-08,202822,223367,213465.541666666667,21017,0,0,259474.940476190476,16182.714285714286,223839,healthy
ATM_015,2023-07-09,181756,202367,192468.708333333333,21066,0,0,243299.797619047619,16191.571428571429,202822,healthy
ATM_015,2023-07-10,167658,181423,174788.708333333333,14098,0,0,227124.416666666667,16171.428571428571,181756,healthy
ATM_015,2023-07-11,153531,167345,160664.750000000000,14127,0,0,210969.023809523810,16126.714285714286,167658,healthy
ATM_015,2023-07-12,139473,153221,146641.208333333333,14058,0,0,194872.511904761905,16087.571428571429,153531,healthy
ATM_015,2023-07-13,125467,139121,132584.041666666667,14006,0,0,178799.232142857143,16068.428571428571,139473,healthy
ATM_015,2023-07-14,111279,125108,118464.083333333333,14188,0,0,162725.291666666667,16080.000000000000,125467,healthy
ATM_015,2023-07-15,90517,110812,101100.791666666667,20762,0,0,146673.184523809524,16043.571428571429,111279,low
ATM_015,2023-07-16,69268,90068,80079.541666666667,21249,0,0,130617.589285714286,16069.714285714286,90517,low
ATM_015,2023-07-17,55181,68906,62335.750000000000,14087,0,0,114552.880952380952,16068.142857142857,69268,low
ATM_015,2023-07-18,50268,500000,292432.458333333333,14155,1,0,133376.839285714286,16072.142857142857,55181,low
ATM_015,2023-07-19,477521,491545,484793.625000000000,14351,0,0,181684.327380952381,16114.000000000000,50268,healthy
ATM_015,2023-07-20,463343,477175,470469.541666666667,14178,0,0,229953.684523809524,16138.571428571429,477521,healthy
ATM_015,2023-07-21,449107,463007,456373.416666666667,14236,0,0,278226.446428571429,16145.428571428571,463343,healthy
ATM_015,2023-07-22,428098,448609,438744.916666666667,21009,0,0,326461.321428571429,16180.714285714286,449107,healthy
ATM_015,2023-07-23,406729,427579,417579.833333333333,21369,0,0,374675.648809523810,16197.857142857143,428098,healthy
ATM_015,2023-07-24,392397,406413,399692.666666666667,14332,0,0,422869.494047619048,16232.857142857143,406729,healthy
ATM_015,2023-07-25,378268,392084,385428.083333333333,14129,0,0,436154.583333333333,16229.142857142857,392397,healthy
ATM_015,2023-07-26,352644,377690,365657.458333333333,25624,0,0,419135.130952380952,17839.571428571429,378268,healthy
ATM_015,2023-07-27,327235,352038,340126.625000000000,25409,0,0,400514.714285714286,19444.000000000000,352644,healthy
ATM_015,2023-07-28,301770,326625,314699.250000000000,25465,0,0,380275.547619047619,21048.142857142857,327235,healthy
ATM_015,2023-07-29,263188,300935,282860.125000000000,38582,0,0,358006.291666666667,23558.571428571429,301770,healthy
ATM_015,2023-07-30,224938,262261,244338.500000000000,38250,0,0,333257.529761904762,25970.142857142857,263188,healthy
ATM_015,2023-07-31,199241,224348,212276.125000000000,25697,0,0,306483.738095238095,27593.714285714286,224938,healthy
ATM_015,2023-08-01,184943,198930,192165.583333333333,14298,0,0,278874.809523809524,27617.857142857143,199241,healthy
ATM_015,2023-08-02,170896,184638,178093.791666666667,14047,0,0,252080.000000000000,25964.000000000000,184943,healthy
ATM_015,2023-08-03,156972,170545,163999.458333333333,13924,0,0,226918.976190476190,24323.285714285714,170896,healthy
ATM_015,2023-08-04,142752,156663,149976.250000000000,14220,0,0,203387.119047619048,22716.857142857143,156972,healthy
ATM_015,2023-08-05,121491,142248,132214.500000000000,21261,0,0,181866.315476190476,20242.428571428571,142752,healthy
ATM_015,2023-08-06,100056,121007,110965.208333333333,21435,0,0,162812.988095238095,17840.285714285714,121491,healthy
ATM_015,2023-08-07,85986,99756,93116.083333333333,14070,0,0,145790.125000000000,16179.285714285714,100056,low
ATM_015,2023-08-08,71759,85664,78994.750000000000,14227,0,0,129622.863095238095,16169.142857142857,85986,low
ATM_015,2023-08-09,57439,71440,64696.500000000000,14320,0,0,113423.250000000000,16208.142857142857,71759,low
ATM_015,2023-08-10,50329,500000,257038.000000000000,14160,1,0,126714.470238095238,16241.857142857143,57439,low
ATM_015,2023-08-11,479981,493670,487089.125000000000,14012,0,0,174873.452380952381,16212.142857142857,50329,healthy
ATM_015,2023-08-12,458826,479552,469565.000000000000,21155,0,0,223066.380952380952,16197.000000000000,479981,healthy
ATM_015,2023-08-13,437536,458339,448305.708333333333,21290,0,0,271257.880952380952,16176.285714285714,458826,healthy
ATM_015,2023-08-14,423646,437212,430703.375000000000,13890,0,0,319484.636904761905,16150.571428571429,437536,healthy
ATM_015,2023-08-15,409582,423340,416725.500000000000,14064,0,0,367731.886904761905,16127.285714285714,423646,healthy
ATM_015,2023-08-16,395464,409278,402678.041666666667,14118,0,0,416014.964285714286,16098.428571428571,409582,healthy
ATM_015,2023-08-17,381449,395149,388533.291666666667,14015,0,0,434800.005952380952,16077.714285714286,395464,healthy
ATM_015,2023-08-18,367272,381126,374512.791666666667,14177,0,0,418717.672619047619,16101.285714285714,381449,healthy
ATM_015,2023-08-19,345999,366817,356838.666666666667,21273,0,0,402613.910714285714,16118.142857142857,367272,healthy
ATM_015,2023-08-20,324768,345533,335545.166666666667,21231,0,0,386505.261904761905,16109.714285714286,345999,healthy
ATM_015,2023-08-21,310473,324410,317724.208333333333,14295,0,0,370365.380952380953,16167.571428571429,324768,healthy
ATM_015,2023-08-22,296310,310128,303462.583333333333,14163,0,0,354184.964285714286,16181.714285714286,310473,healthy
ATM_015,2023-08-23,282015,295984,289278.125000000000,14295,0,0,337984.976190476191,16207.000000000000,296310,healthy
ATM_015,2023-08-24,267984,281706,275132.666666666667,14031,0,0,321784.886904761905,16209.285714285714,282015,healthy
ATM_015,2023-08-25,253809,267669,261012.208333333333,14175,0,0,305570.517857142857,16209.000000000000,267984,healthy
ATM_015,2023-08-26,215507,252975,234940.708333333333,38302,0,0,288156.523809523809,18641.714285714286,253809,healthy
ATM_015,2023-08-27,177076,214673,196528.625000000000,38431,0,0,268297.017857142857,21098.857142857143,215507,healthy
ATM_015,2023-08-28,151471,176461,164461.333333333333,25605,0,0,246402.321428571428,22714.571428571429,177076,healthy
ATM_015,2023-08-29,125936,150854,138899.250000000000,25535,0,0,222893.273809523809,24339.142857142857,151471,healthy
ATM_015,2023-08-30,100361,125328,113334.208333333333,25575,0,0,197758.428571428571,25950.571428571429,125936,healthy
ATM_015,2023-08-31,74837,99781,87816.541666666667,25524,0,0,170998.982142857143,27592.428571428571,100361,low
ATM_015,2023-09-01,60941,74543,68006.708333333333,13896,0,0,143426.767857142857,27552.571428571429,74837,low
ATM_015,2023-09-02,50272,500000,257223.166666666667,21482,1,0,146609.976190476190,25149.714285714286,60941,low
ATM_015,2023-09-03,469508,490340,480366.000000000000,21312,0,0,187158.172619047619,22704.142857142857,50272,healthy
ATM_015,2023-09-04,455362,469179,462524.958333333333,14146,0,0,229738.690476190476,21067.142857142857,469508,healthy
ATM_015,2023-09-05,441115,455032,448347.041666666667,14247,0,0,273945.517857142857,19454.571428571429,455362,healthy
ATM_015,2023-09-06,427128,440763,434196.000000000000,13987,0,0,319782.916666666667,17799.142857142857,441115,healthy
ATM_015,2023-09-07,413106,426796,420205.708333333333,14022,0,0,367267.083333333333,16156.000000000000,427128,healthy
ATM_015,2023-09-08,398876,412811,406103.750000000000,14230,0,0,415566.660714285714,16203.714285714286,413106,healthy
ATM_015,2023-09-09,377738,398376,388471.375000000000,21138,0,0,434316.404761904762,16154.571428571429,398876,healthy
ATM_015,2023-09-10,356360,377261,367261.166666666667,21378,0,0,418158.571428571429,16164.000000000000,377738,healthy
ATM_015,2023-09-11,342041,356054,349361.166666666667,14319,0,0,401992.315476190476,16188.714285714286,356360,healthy
ATM_015,2023-09-12,327742,341744,335022.250000000000,14299,0,0,385803.059523809524,16196.142857142857,342041,healthy
ATM_015,2023-09-13,313526,327404,320733.250000000000,14216,0,0,369594.095238095238,16228.857142857143,327742,healthy
ATM_015,2023-09-14,299342,313184,306573.541666666667,14184,0,0,353360.928571428572,16252.000000000000,313526,healthy
ATM_015,2023-09-15,285039,299044,292336.583333333333,14303,0,0,337108.476190476191,16262.428571428571,299342,healthy
ATM_015,2023-09-16,263822,284548,274609.166666666667,21217,0,0,320842.446428571429,16273.714285714286,285039,healthy
ATM_015,2023-09-17,242344,263358,253334.833333333333,21478,0,0,304567.255952380952,16288.000000000000,263822,healthy
ATM_015,2023-09-18,228352,242006,235452.416666666667,13992,0,0,288294.577380952381,16241.285714285714,242344,healthy
ATM_015,2023-09-19,214428,228068,221487.875000000000,13924,0,0,272075.380952380952,16187.714285714286,228352,healthy
ATM_015,2023-09-20,200308,214117,207485.083333333333,14120,0,0,255897.071428571429,16174.000000000000,214428,healthy
ATM_015,2023-09-21,186167,199988,193356.541666666667,14141,0,0,239723.214285714286,16167.857142857143,200308,healthy
ATM_015,2023-09-22,172104,185835,179253.625000000000,14063,0,0,223568.505952380952,16133.571428571429,186167,healthy
ATM_015,2023-09-23,150795,171576,161619.333333333333,21309,0,0,207427.101190476190,16146.714285714286,172104,healthy
ATM_015,2023-09-24,129422,150292,140251.625000000000,21373,0,0,191272.357142857143,16131.714285714286,150795,healthy
ATM_015,2023-09-25,115134,129086,122386.125000000000,14288,0,0,175120.029761904762,16174.000000000000,129422,healthy
ATM_015,2023-09-26,90096,114590,102724.750000000000,25038,0,0,158153.869047619048,17761.714285714286,115134,low
ATM_015,2023-09-27,64489,89542,77526.333333333333,25607,0,0,139588.333333333333,19402.714285714286,90096,low
ATM_015,2023-09-28,51713,500000,258157.666666666667,25705,1,0,148845.636904761905,21054.714285714286,64489,low
ATM_015,2023-09-29,463638,488409,476499.708333333333,25355,0,0,191309.363095238095,22667.857142857143,51713,healthy
ATM_015,2023-09-30,425478,462748,444910.208333333333,38160,0,0,231779.488095238095,25075.142857142857,463638,healthy
ATM_015,2023-10-01,404173,424968,414980.083333333333,21305,0,0,271026.410714285714,25065.428571428571,425478,healthy
ATM_015,2023-10-02,389943,403866,397183.083333333333,14230,0,0,310283.119047619047,25057.142857142857,404173,healthy
ATM_015,2023-10-03,375684,389622,382922.000000000000,14259,0,0,350311.297619047619,23517.285714285714,389943,healthy
ATM_015,2023-10-04,361608,375387,368784.583333333333,14076,0,0,391919.619047619047,21870.000000000000,375684,healthy
ATM_015,2023-10-05,347643,361303,354769.166666666667,13965,0,0,405721.261904761905,20192.857142857143,361608,healthy
ATM_015,2023-10-06,333282,347323,340568.375000000000,14361,0,0,386302.500000000000,18622.285714285714,347643,healthy
ATM_015,2023-10-07,312285,332779,322963.083333333333,20997,0,0,368881.482142857143,16170.428571428571,333282,healthy
ATM_015,2023-10-08,291094,311818,301860.291666666667,21191,0,0,352721.511904761905,16154.142857142857,312285,healthy
ATM_015,2023-10-09,277048,290780,284176.041666666667,14046,0,0,336577.648809523810,16127.857142857143,291094,healthy
ATM_015,2023-10-10,262913,276743,270072.416666666667,14135,0,0,320456.279761904762,16110.142857142857,277048,healthy
ATM_015,2023-10-11,248698,262557,255889.666666666667,14215,0,0,304328.434523809524,16130.000000000000,262913,healthy
ATM_015,2023-10-12,234544,248380,241738.625000000000,14154,0,0,288181.214285714286,16157.000000000000,248698,healthy
ATM_015,2023-10-13,220166,234246,227478.541666666667,14378,0,0,272025.523809523810,16159.428571428571,234544,healthy
ATM_015,2023-10-14,198870,219698,209702.458333333333,21296,0,0,255845.434523809524,16202.142857142857,220166,healthy
ATM_015,2023-10-15,177663,198366,188403.500000000000,21207,0,0,239637.321428571429,16204.428571428571,198870,healthy
ATM_015,2023-10-16,163493,177327,170674.208333333333,14170,0,0,223422.773809523810,16222.142857142857,177663,healthy
ATM_015,2023-10-17,149285,163196,156498.458333333333,14208,0,0,207197.922619047619,16232.571428571429,163493,healthy
ATM_015,2023-10-18,134979,148955,142220.458333333333,14306,0,0,190959.464285714286,16245.571428571429,149285,healthy
ATM_015,2023-10-19,120769,134629,127978.083333333333,14210,0,0,174707.958333333333,16253.571428571429,134979,healthy
ATM_015,2023-10-20,106449,120455,113766.083333333333,14320,0,0,158463.321428571428,16245.285714285714,120769,healthy
ATM_015,2023-10-21,85055,105934,95894.458333333333,21394,0,0,142205.035714285714,16259.285714285714,106449,low
ATM_015,2023-10-22,63741,84611,74582.125000000000,21314,0,0,125944.839285714285,16274.571428571429,85055,low
ATM_015,2023-10-23,50081,500000,75616.458333333333,13971,1,0,112365.160714285714,16246.142857142857,63741,low
ATM_015,2023-10-24,485822,499675,493040.916666666667,14178,0,0,160442.654761904762,16241.857142857143,50081,healthy
ATM_015,2023-10-25,471763,485469,478886.958333333333,14059,0,0,208537.869047619047,16206.571428571429,485822,healthy
ATM_015,2023-10-26,446262,471150,459161.500000000000,25501,0,0,255849.785714285714,17819.571428571429,471763,healthy
ATM_015,2023-10-27,420882,445661,433833.041666666667,25380,0,0,301573.636904761905,19399.571428571429,446262,healthy
ATM_015,2023-10-28,383280,419999,402353.958333333333,37602,0,0,345353.565476190476,21715.000000000000,420882,healthy
ATM_015,2023-10-29,344989,382413,364425.916666666667,38291,0,0,386759.821428571429,24140.285714285714,383280,healthy
ATM_015,2023-10-30,319516,344453,332529.833333333333,25473,0,0,423461.732142857143,25783.428571428571,344989,healthy
ATM_015,2023-10-31,293925,318941,306903.000000000000,25591,0,0,396870.601190476190,27413.857142857143,319516,healthy
ATM_015,2023-11-01,279817,293587,286928.291666666667,14108,0,0,369447.934523809524,27420.857142857143,293925,healthy
ATM_015,2023-11-02,265654,279497,272829.916666666667,14163,0,0,342829.136904761905,25801.142857142857,279817,healthy
ATM_015,2023-11-03,251410,265354,258631.000000000000,14244,0,0,317800.273809523810,24210.285714285714,265654,healthy
ATM_015,2023-11-04,230279,250944,241019.416666666667,21131,0,0,294752.482142857143,21857.285714285714,251410,healthy
ATM_015,2023-11-05,209165,229820,219926.541666666667,21114,0,0,274109.714285714286,19403.428571428571,230279,healthy
ATM_015,2023-11-06,195087,208828,202201.583333333333,14078,0,0,255491.392857142857,17775.571428571429,209165,healthy
ATM_015,2023-11-07,180978,194745,188122.666666666667,14109,0,0,238522.773809523810,16135.285714285714,195087,healthy
ATM_015,2023-11-08,166445,180645,173815.416666666667,14533,0,0,222363.791666666667,16196.000000000000,180978,healthy
ATM_015,2023-11-09,152063,166121,159372.750000000000,14382,0,0,206155.625000000000,16227.285714285714,166445,healthy
ATM_015,2023-11-10,137756,151734,145019.458333333333,14307,0,0,189925.404761904762,16236.285714285714,152063,healthy
ATM_015,2023-11-11,116848,137267,127409.916666666667,20908,0,0,173695.476190476191,16204.428571428571,137756,healthy
ATM_015,2023-11-12,95584,116353,106375.458333333333,21264,0,0,157473.892857142857,16225.857142857143,116848,low
ATM_015,2023-11-13,81633,95249,88727.666666666667,13951,0,0,141263.333333333333,16207.714285714286,95584,low
ATM_015,2023-11-14,67489,81294,74672.833333333333,14144,0,0,125056.214285714286,16212.714285714286,81633,low
ATM_015,2023-11-15,53263,67177,60485.833333333333,14226,0,0,108866.273809523809,16168.857142857143,67489,low
ATM_015,2023-11-16,50345,500000,327979.916666666667,14155,1,0,132953.011904761905,16136.428571428571,53263,low
ATM_015,2023-11-17,475684,489495,482876.833333333333,14135,0,0,181218.351190476190,16111.857142857143,50345,healthy
ATM_015,2023-11-18,454301,475208,465134.958333333333,21383,0,0,229464.785714285714,16179.714285714286,475684,healthy
ATM_015,2023-11-19,432716,453835,443679.375000000000,21585,0,0,277651.059523809524,16225.571428571429,454301,healthy
ATM_015,2023-11-20,418456,432421,425700.208333333333,14260,0,0,325789.994047619047,16269.714285714286,432716,healthy
ATM_015,2023-11-21,404440,418136,411603.458333333333,14016,0,0,373922.940476190476,16251.428571428571,418456,healthy
ATM_015,2023-11-22,390406,404097,397547.208333333333,14034,0,0,422074.565476190476,16224.000000000000,404440,healthy
ATM_015,2023-11-23,376153,390081,383410.083333333333,14253,0,0,429993.160714285714,16238.000000000000,390406,healthy
ATM_015,2023-11-24,361806,375854,369111.166666666667,14347,0,0,413740.922619047619,16268.285714285714,376153,healthy
ATM_015,2023-11-25,340385,361333,351234.583333333333,21421,0,0,397469.440476190476,16273.714285714286,361806,healthy
ATM_015,2023-11-26,301892,339539,321536.666666666667,38493,0,0,380020.482142857143,18689.142857142857,340385,healthy
ATM_015,2023-11-27,276373,301321,289320.583333333333,25519,0,0,360537.678571428571,20297.571428571429,301892,healthy
ATM_015,2023-11-28,250904,275823,263802.708333333333,25469,0,0,339423.285714285714,21933.714285714286,276373,healthy
ATM_015,2023-11-29,225238,250298,238225.125000000000,25666,0,0,316662.988095238095,23595.428571428571,250904,healthy
ATM_015,2023-11-30,199917,224690,212791.208333333333,25321,0,0,292288.863095238095,25176.571428571429,225238,healthy
ATM_015,2023-12-01,185829,199596,192990.916666666667,14088,0,0,267128.827380952381,25139.571428571429,199917,healthy
ATM_015,2023-12-02,164671,185358,175442.500000000000,21158,0,0,242015.672619047619,25102.000000000000,185829,healthy
ATM_015,2023-12-03,143484,164177,154258.291666666667,21187,0,0,218118.761904761905,22629.714285714286,164671,healthy
ATM_015,2023-12-04,129287,143168,136489.166666666667,14197,0,0,196285.702380952381,21012.285714285714,143484,healthy
ATM_015,2023-12-05,115008,128927,122216.958333333333,14279,0,0,176059.166666666667,19413.714285714286,129287,healthy
ATM_015,2023-12-06,100666,114704,107956.375000000000,14342,0,0,157449.345238095238,17796.000000000000,115008,healthy
ATM_015,2023-12-07,86447,100343,93638.083333333333,14219,0,0,140427.470238095238,16210.000000000000,100666,low
ATM_015,2023-12-08,72650,86163,79680.208333333333,13797,0,0,124240.226190476190,16168.428571428571,86447,low
ATM_015,2023-12-09,51626,72166,62290.541666666667,21024,0,0,108075.660714285714,16149.285714285714,72650,low
ATM_015,2023-12-10,50171,500000,435136.750000000000,21297,1,0,148201.154761904762,16165.000000000000,51626,low
ATM_015,2023-12-11,466412,480302,473649.166666666667,14224,0,0,196366.869047619048,16168.857142857143,50171,healthy
ATM_015,2023-12-12,452297,466116,459476.208333333333,14115,0,0,244546.761904761905,16145.428571428571,466412,healthy
ATM_015,2023-12-13,438241,452009,445376.750000000000,14056,0,0,292749.672619047619,16104.571428571429,452297,healthy
ATM_015,2023-12-14,424249,437929,431368.500000000000,13992,0,0,340996.875000000000,16072.142857142857,438241,healthy
ATM_015,2023-12-15,410095,423907,417254.958333333333,14154,0,0,389221.839285714286,16123.142857142857,424249,healthy
ATM_015,2023-12-16,388780,409574,399572.500000000000,21315,0,0,437404.976190476190,16164.714285714286,410095,healthy
ATM_015,2023-12-17,367482,388277,378244.916666666667,21298,0,0,429277.571428571429,16164.857142857143,388780,healthy
ATM_015,2023-12-18,353482,367163,360590.333333333333,14000,0,0,413126.309523809524,16132.857142857143,367482,healthy
ATM_015,2023-12-19,339256,353152,346476.541666666667,14226,0,0,396983.500000000000,16148.714285714286,353482,healthy
ATM_015,2023-12-20,325031,338946,332291.958333333333,14225,0,0,380828.529761904762,16172.857142857143,339256,healthy
ATM_015,2023-12-21,310806,324692,318044.125000000000,14225,0,0,364639.333333333333,16206.142857142857,325031,healthy
ATM_015,2023-12-22,296565,310511,303813.833333333333,14241,0,0,348433.458333333333,16218.571428571429,310806,healthy
ATM_015,2023-12-23,275515,296065,286209.041666666667,21050,0,0,332238.678571428571,16180.714285714286,296565,healthy
ATM_015,2023-12-24,254199,275018,265028.791666666667,21316,0,0,316064.946428571429,16183.285714285714,275515,healthy
ATM_015,2023-12-25,239909,253859,247141.125000000000,14290,0,0,299857.916666666667,16224.714285714286,254199,healthy
ATM_015,2023-12-26,214472,239369,227442.166666666667,25437,0,0,282853.005952380952,17826.285714285714,239909,healthy
ATM_015,2023-12-27,189119,213899,201982.125000000000,25353,0,0,264237.315476190476,19416.000000000000,214472,healthy
ATM_015,2023-12-28,163659,188544,176589.125000000000,25460,0,0,244029.458333333333,21021.000000000000,189119,healthy
ATM_015,2023-12-29,138251,163035,151092.708333333333,25408,0,0,222212.154761904762,22616.285714285714,163659,healthy
ATM_015,2023-12-30,100031,137437,119497.333333333333,38220,0,0,198396.196428571429,25069.142857142857,138251,healthy
ATM_015,2023-12-31,99164,99164,99164.000000000000,867,0,0,174701.226190476190,22147.857142857143,100031,low
ATM_016,2023-01-01,478906,499508,489539.750000000000,21094,0,0,489539.750000000000,21094.000000000000,,healthy
ATM_016,2023-01-02,464779,478597,471986.500000000000,14127,0,0,480763.125000000000,17610.500000000000,478906,healthy
ATM_016,2023-01-03,450640,464466,457856.458333333333,14139,0,0,473127.569444444444,16453.333333333333,464779,healthy
ATM_016,2023-01-04,436406,450311,443666.708333333333,14234,0,0,465762.354166666667,15898.500000000000,450640,healthy
ATM_016,2023-01-05,422325,436067,429465.166666666667,14081,0,0,458502.916666666667,15535.000000000000,436406,healthy
ATM_016,2023-01-06,408005,422023,415257.166666666667,14320,0,0,451295.291666666667,15332.500000000000,422325,healthy
ATM_016,2023-01-07,386703,407565,397540.666666666667,21302,0,0,443616.059523809524,16185.285714285714,408005,healthy
ATM_016,2023-01-08,365550,386217,376230.208333333333,21153,0,0,427428.982142857143,16193.714285714286,386703,healthy
ATM_016,2023-01-09,351587,365249,358660.083333333333,13963,0,0,411239.494047619048,16170.285714285714,365550,healthy
ATM_016,2023-01-10,337223,351259,344502.791666666667,14364,0,0,395046.113095238095,16202.428571428571,351587,healthy
ATM_016,2023-01-11,323215,336910,330320.041666666667,14008,0,0,378853.732142857143,16170.142857142857,337223,healthy
ATM_016,2023-01-12,309111,322856,316236.500000000000,14104,0,0,362678.208333333333,16173.428571428571,323215,healthy
ATM_016,2023-01-13,295002,308775,302190.208333333333,14109,0,0,346525.785714285714,16143.285714285714,309111,healthy
ATM_016,2023-01-14,273497,294540,284401.708333333333,21505,0,0,330363.077380952381,16172.285714285714,295002,healthy
ATM_016,2023-01-15,252422,273046,263106.291666666667,21075,0,0,314202.517857142857,16161.142857142857,273497,healthy
ATM_016,2023-01-16,238395,252092,245537.708333333333,14027,0,0,298042.178571428571,16170.285714285714,252422,healthy
ATM_016,2023-01-17,224207,238049,231376.166666666667,14188,0,0,281881.232142857143,16145.142857142857,238395,healthy
ATM_016,2023-01-18,209948,223907,217214.458333333333,14259,0,0,265723.291666666667,16181.000000000000,224207,healthy
ATM_016,2023-01-19,195685,209633,202892.333333333333,14263,0,0,249531.267857142857,16203.714285714286,209948,healthy
ATM_016,2023-01-20,181440,195380,188675.291666666667,14245,0,0,233314.851190476190,16223.142857142857,195685,healthy
ATM_016,2023-01-21,159919,180955,170864.041666666667,21521,0,0,217095.184523809524,16225.428571428571,181440,healthy
ATM_016,2023-01-22,138599,159421,149347.125000000000,21320,0,0,200843.875000000000,16260.428571428571,159919,healthy
ATM_016,2023-01-23,124447,138279,131606.625000000000,14152,0,0,184568.005952380952,16278.285714285714,138599,healthy
ATM_016,2023-01-24,110433,124131,117535.291666666667,14014,0,0,168305.023809523810,16253.428571428571,124447,healthy
ATM_016,2023-01-25,96394,110081,103528.500000000000,14039,0,0,152064.172619047619,16222.000000000000,110433,low
ATM_016,2023-01-26,70933,95849,83932.291666666667,25461,0,0,135069.880952380953,17821.714285714286,96394,low
ATM_016,2023-01-27,50890,500000,189964.625000000000,25515,1,0,135254.071428571429,19431.714285714286,70933,low
ATM_016,2023-01-28,458464,495573,477754.291666666667,37977,0,0,179095.535714285714,21782.571428571429,50890,healthy
ATM_016,2023-01-29,420332,457578,439686.166666666667,38132,0,0,220572.541666666667,24184.285714285714,458464,healthy
ATM_016,2023-01-30,394783,419743,407705.958333333333,25549,0,0,260015.303571428572,25812.428571428571,420332,healthy
ATM_016,2023-01-31,369534,394204,382400.416666666667,25249,0,0,297853.178571428572,27417.428571428571,394783,healthy
ATM_016,2023-02-01,355587,369234,362723.666666666667,13947,0,0,334881.059523809524,27404.285714285714,369534,healthy
ATM_016,2023-02-02,341630,355273,348718.666666666667,13957,0,0,372707.684523809524,25760.857142857143,355587,healthy
ATM_016,2023-02-03,327590,341290,334702.958333333333,14040,0,0,393384.589285714286,24121.571428571429,341630,healthy
ATM_016,2023-02-04,306455,327152,317263.125000000000,21135,0,0,370457.279761904762,21715.571428571429,327590,healthy
ATM_016,2023-02-05,285092,305957,295971.083333333333,21363,0,0,349926.553571428571,19320.000000000000,306455,healthy
ATM_016,2023-02-06,270959,284765,278129.958333333333,14133,0,0,331415.696428571429,17689.142857142857,285092,healthy
ATM_016,2023-02-07,256775,270618,263969.125000000000,14184,0,0,314496.940476190476,16108.428571428571,270959,healthy
ATM_016,2023-02-08,242446,256423,249764.541666666667,14329,0,0,298359.922619047619,16163.000000000000,256775,healthy
ATM_016,2023-02-09,228390,242155,235512.291666666667,14056,0,0,282187.583333333333,16177.142857142857,242446,healthy
ATM_016,2023-02-10,214271,228081,221486.791666666667,14119,0,0,266013.845238095238,16188.428571428571,228390,healthy
ATM_016,2023-02-11,192949,213763,203732.875000000000,21322,0,0,249795.238095238095,16215.142857142857,214271,healthy
ATM_016,2023-02-12,171759,192477,182504.458333333333,21190,0,0,233585.720238095238,16190.428571428571,192949,healthy
ATM_016,2023-02-13,157578,171411,164773.875000000000,14181,0,0,217391.994047619048,16197.285714285714,171759,healthy
ATM_016,2023-02-14,143495,157255,150683.250000000000,14083,0,0,201208.297619047619,16182.857142857143,157578,healthy
ATM_016,2023-02-15,129324,143202,136573.416666666667,14171,0,0,185038.136904761905,16160.285714285714,143495,healthy
ATM_016,2023-02-16,115292,129023,122473.458333333333,14032,0,0,168889.732142857143,16156.857142857143,129324,healthy
ATM_016,2023-02-17,101178,114959,108322.250000000000,14114,0,0,152723.369047619048,16156.142857142857,115292,healthy
ATM_016,2023-02-18,79954,100694,90689.125000000000,21224,0,0,136574.261904761905,16142.142857142857,101178,low
ATM_016,2023-02-19,58757,79458,69528.333333333333,21197,0,0,120434.815476190476,16143.142857142857,79954,low
ATM_016,2023-02-20,50740,500000,239483.208333333333,14174,1,0,131107.577380952381,16142.142857142857,58757,low
ATM_016,2023-02-21,480632,494616,487864.708333333333,14287,0,0,179276.357142857143,16171.285714285714,50740,healthy
ATM_016,2023-02-22,466449,480277,473645.375000000000,14183,0,0,227429.494047619047,16173.000000000000,480632,healthy
ATM_016,2023-02-23,452316,466122,459520.750000000000,14133,0,0,275579.107142857143,16187.428571428571,466449,healthy
ATM_016,2023-02-24,438198,451965,445388.833333333333,14118,0,0,323731.476190476190,16188.000000000000,452316,healthy
ATM_016,2023-02-25,417021,437750,427780.125000000000,21177,0,0,371887.333333333333,16181.285714285714,438198,healthy
ATM_016,2023-02-26,378931,416134,398264.750000000000,38090,0,0,418849.678571428571,18594.571428571429,417021,healthy
ATM_016,2023-02-27,353257,378384,366299.291666666667,25674,0,0,436966.261904761905,20237.428571428571,378931,healthy
ATM_016,2023-02-28,327755,352670,340687.791666666667,25502,0,0,415940.988095238095,21839.571428571429,353257,healthy
ATM_016,2023-03-01,313665,327466,320798.750000000000,14090,0,0,394105.755952380952,21826.285714285714,327755,healthy
ATM_016,2023-03-02,299635,313360,306767.375000000000,14030,0,0,372283.845238095238,21811.571428571429,313665,healthy
ATM_016,2023-03-03,285360,299304,292623.333333333333,14275,0,0,350460.202380952381,21834.000000000000,299635,healthy
ATM_016,2023-03-04,264055,284866,274817.291666666667,21305,0,0,328608.369047619048,21852.285714285714,285360,healthy
ATM_016,2023-03-05,243092,263620,253797.708333333333,20963,0,0,307970.220238095238,19405.571428571429,264055,healthy
ATM_016,2023-03-06,228734,242792,236019.750000000000,14358,0,0,289358.857142857143,17789.000000000000,243092,healthy
ATM_016,2023-03-07,214578,228365,221722.583333333333,14156,0,0,272363.827380952381,16168.142857142857,228734,healthy
ATM_016,2023-03-08,200598,214230,207725.291666666667,13980,0,0,256210.476190476190,16152.428571428571,214578,healthy
ATM_016,2023-03-09,186406,200242,193622.833333333333,14192,0,0,240046.970238095238,16175.571428571429,200598,healthy
ATM_016,2023-03-10,172168,186103,179378.375000000000,14238,0,0,223869.119047619048,16170.285714285714,186406,healthy
ATM_016,2023-03-11,150923,171692,161719.000000000000,21245,0,0,207712.220238095238,16161.714285714286,172168,healthy
ATM_016,2023-03-12,129905,150431,140603.125000000000,21018,0,0,191541.565476190476,16169.571428571429,150923,healthy
ATM_016,2023-03-13,115653,129560,122876.791666666667,14252,0,0,175378.285714285714,16154.428571428571,129905,healthy
ATM_016,2023-03-14,101707,115349,108801.083333333333,13946,0,0,159246.642857142857,16124.428571428571,115653,healthy
ATM_016,2023-03-15,87596,101357,94744.791666666667,14111,0,0,143106.571428571429,16143.142857142857,101707,low
ATM_016,2023-03-16,73520,87266,80646.583333333333,14076,0,0,126967.107142857143,16126.571428571429,87596,low
ATM_016,2023-03-17,59215,73214,66499.500000000000,14305,0,0,110841.553571428571,16136.142857142857,73520,low
ATM_016,2023-03-18,50161,500000,274413.000000000000,21421,1,0,126940.696428571429,16161.285714285714,59215,low
ATM_016,2023-03-19,468212,488741,478896.000000000000,20991,0,0,175268.250000000000,16157.428571428571,50161,healthy
ATM_016,2023-03-20,453976,467864,461229.291666666667,14236,0,0,223604.321428571429,16155.142857142857,468212,healthy
ATM_016,2023-03-21,439784,453660,446992.375000000000,14192,0,0,271917.363095238095,16190.285714285714,453976,healthy
ATM_016,2023-03-22,425610,439453,432817.208333333333,14174,0,0,320213.422619047619,16199.285714285714,439784,healthy
ATM_016,2023-03-23,411560,425301,418702.666666666667,14050,0,0,368507.148809523810,16195.571428571429,425610,healthy
ATM_016,2023-03-24,397432,411237,404608.500000000000,14128,0,0,416808.434523809524,16170.285714285714,411560,healthy
ATM_016,2023-03-25,376068,396975,386865.083333333333,21364,0,0,432873.017857142857,16162.142857142857,397432,healthy
ATM_016,2023-03-26,338135,375184,357362.541666666667,37933,0,0,415511.095238095238,18582.428571428571,376068,healthy
ATM_016,2023-03-27,312725,337580,325660.208333333333,25410,0,0,396144.083333333333,20178.714285714286,338135,healthy
ATM_016,2023-03-28,287203,312184,300167.791666666667,25522,0,0,375169.142857142857,21797.285714285714,312725,healthy
ATM_016,2023-03-29,261890,286670,274796.166666666667,25313,0,0,352594.708333333333,23388.571428571429,287203,healthy
ATM_016,2023-03-30,236510,261331,249451.916666666667,25380,0,0,328416.029761904762,25007.142857142857,261890,healthy
ATM_016,2023-03-31,210870,235932,223860.750000000000,25640,0,0,302594.922619047619,26651.714285714286,236510,healthy
ATM_016,2023-04-01,189526,210374,200340.166666666667,21344,0,0,275948.505952380953,26648.857142857143,210870,healthy
ATM_016,2023-04-02,168097,189016,178948.416666666667,21429,0,0,250460.773809523810,24291.142857142857,189526,healthy
ATM_016,2023-04-03,154162,167807,161246.458333333333,13935,0,0,226973.095238095238,22651.857142857143,168097,healthy
ATM_016,2023-04-04,140024,153829,147168.375000000000,14138,0,0,205116.035714285714,21025.571428571429,154162,healthy
ATM_016,2023-04-05,126023,139728,133175.291666666667,14001,0,0,184884.482142857143,19409.571428571429,140024,healthy
ATM_016,2023-04-06,111710,125699,118966.958333333333,14313,0,0,166243.773809523810,17828.571428571429,126023,healthy
ATM_016,2023-04-07,97636,111400,104808.416666666667,14074,0,0,149236.297619047619,16176.285714285714,111710,low
ATM_016,2023-04-08,76433,97149,87251.750000000000,21203,0,0,133080.809523809524,16156.142857142857,97636,low
ATM_016,2023-04-09,55250,75989,65995.125000000000,21183,0,0,116944.625000000000,16121.000000000000,76433,low
ATM_016,2023-04-10,50302,500000,292428.500000000000,14140,1,0,135684.916666666667,16150.285714285714,55250,low
ATM_016,2023-04-11,477862,491510,484941.333333333333,13963,0,0,183938.196428571429,16125.285714285714,50302,healthy
ATM_016,2023-04-12,463750,477555,470914.000000000000,14112,0,0,232186.583333333333,16141.142857142857,477862,healthy
ATM_016,2023-04-13,449545,463376,456758.000000000000,14205,0,0,280442.446428571429,16125.714285714286,463750,healthy
ATM_016,2023-04-14,435297,449219,442510.875000000000,14248,0,0,328685.654761904762,16150.571428571429,449545,healthy
ATM_016,2023-04-15,414202,434831,424918.250000000000,21095,0,0,376923.726190476190,16135.142857142857,435297,healthy
ATM_016,2023-04-16,392640,413725,403595.875000000000,21562,0,0,425152.404761904762,16189.285714285714,414202,healthy
ATM_016,2023-04-17,378510,392312,385660.166666666667,14130,0,0,438471.214285714286,16187.857142857143,392640,healthy
ATM_016,2023-04-18,364485,378226,371668.333333333333,14025,0,0,422289.357142857143,16196.714285714286,378510,healthy
ATM_016,2023-04-19,350234,364176,357483.916666666667,14251,0,0,406085.059523809524,16216.571428571429,364485,healthy
ATM_016,2023-04-20,336048,349902,343198.291666666667,14186,0,0,389862.244047619048,16213.857142857143,350234,healthy
ATM_016,2023-04-21,321801,335742,329005.333333333333,14247,0,0,373647.166666666667,16213.714285714286,336048,healthy
ATM_016,2023-04-22,300528,321269,311314.083333333333,21273,0,0,357418.000000000000,16239.142857142857,321801,healthy
ATM_016,2023-04-23,279285,300040,290100.833333333333,21243,0,0,341204.422619047619,16193.571428571429,300528,healthy
ATM_016,2023-04-24,265083,278976,272305.166666666667,14202,0,0,325010.851190476190,16203.857142857143,279285,healthy
ATM_016,2023-04-25,250778,264734,258036.125000000000,14305,0,0,308777.678571428571,16243.857142857143,265083,healthy
ATM_016,2023-04-26,225348,250251,238255.375000000000,25430,0,0,291745.029761904762,17840.857142857143,250778,healthy
ATM_016,2023-04-27,199970,224803,212877.541666666667,25378,0,0,273127.779761904762,19439.714285714286,225348,healthy
ATM_016,2023-04-28,174675,199438,187507.833333333333,25295,0,0,252913.851190476190,21018.000000000000,199970,healthy
ATM_016,2023-04-29,136298,173777,155761.416666666667,38377,0,0,230692.041666666667,23461.428571428571,174675,healthy
ATM_016,2023-04-30,98131,135400,117546.208333333333,38167,0,0,206041.380952380952,25879.142857142857,136298,low
ATM_016,2023-05-01,83935,97824,91123.416666666667,14196,0,0,180158.273809523810,25878.285714285714,98131,low
ATM_016,2023-05-02,69903,83663,77085.166666666667,14032,0,0,154308.136904761905,25839.285714285714,83935,low
ATM_016,2023-05-03,55883,69586,62999.875000000000,14020,0,0,129271.636904761905,24209.285714285714,69903,low
ATM_016,2023-05-04,50994,500000,292696.500000000000,14170,1,0,140674.345238095238,22608.142857142857,55883,low
ATM_016,2023-05-05,477585,491437,484767.958333333333,14176,0,0,183140.077380952381,21019.714285714286,50994,healthy
ATM_016,2023-05-06,456253,477047,467102.208333333333,21332,0,0,227617.333333333333,18584.714285714286,477585,healthy
ATM_016,2023-05-07,434772,455751,445648.708333333333,21481,0,0,274489.119047619048,16201.000000000000,456253,healthy
ATM_016,2023-05-08,420615,434454,427838.875000000000,14157,0,0,322591.327380952381,16195.428571428571,434772,healthy
ATM_016,2023-05-09,406497,420275,413616.708333333333,14118,0,0,370667.261904761905,16207.714285714286,420615,healthy
ATM_016,2023-05-10,392245,406184,399486.000000000000,14252,0,0,418736.708333333333,16240.857142857143,406497,healthy
ATM_016,2023-05-11,378094,391897,385240.208333333333,14151,0,0,431957.238095238095,16238.142857142857,392245,healthy
ATM_016,2023-05-12,363922,377774,371118.333333333333,14172,0,0,415721.577380952381,16237.571428571429,378094,healthy
ATM_016,2023-05-13,342705,363440,353522.375000000000,21217,0,0,399495.886904761905,16221.142857142857,363922,healthy
ATM_016,2023-05-14,321860,342175,332408.708333333333,20845,0,0,383318.744047619047,16130.285714285714,342705,healthy
ATM_016,2023-05-15,307612,321554,314816.750000000000,14248,0,0,367172.726190476190,16143.285714285714,321860,healthy
ATM_016,2023-05-16,293418,307284,300614.666666666667,14194,0,0,351029.577380952381,16154.142857142857,307612,healthy
ATM_016,2023-05-17,279219,293099,286410.083333333333,14199,0,0,334875.875000000000,16146.571428571429,293418,healthy
ATM_016,2023-05-18,265112,278888,272233.416666666667,14107,0,0,318732.047619047619,16140.285714285714,279219,healthy
ATM_016,2023-05-19,250927,264770,258106.916666666667,14185,0,0,302587.559523809524,16142.142857142857,265112,healthy
ATM_016,2023-05-20,229767,250427,240510.083333333333,21160,0,0,286442.946428571429,16134.000000000000,250927,healthy
ATM_016,2023-05-21,208483,229296,219270.000000000000,21284,0,0,270280.273809523810,16196.714285714286,229767,healthy
ATM_016,2023-05-22,194292,208156,201480.583333333333,14191,0,0,254089.392857142857,16188.571428571429,208483,healthy
ATM_016,2023-05-23,180380,193949,187440.041666666667,13912,0,0,237921.589285714286,16148.285714285714,194292,healthy
ATM_016,2023-05-24,166192,180069,173423.875000000000,14188,0,0,221780.702380952381,16146.714285714286,180380,healthy
ATM_016,2023-05-25,151833,165868,159080.291666666667,14359,0,0,205615.970238095238,16182.714285714286,166192,healthy
ATM_016,2023-05-26,126224,151250,139227.958333333333,25609,0,0,188633.261904761905,17814.714285714286,151833,healthy
ATM_016,2023-05-27,88180,125361,107544.666666666667,38044,0,0,169638.202380952381,20226.714285714286,126224,low
ATM_016,2023-05-28,50671,500000,88055.458333333333,38355,1,0,150893.267857142857,22665.428571428571,88180,low
ATM_016,2023-05-29,474448,499382,487386.041666666667,25552,0,0,191736.904761904762,24288.428571428571,50671,healthy
ATM_016,2023-05-30,448973,473856,461934.500000000000,25475,0,0,230950.398809523810,25940.285714285714,474448,healthy
ATM_016,2023-05-31,423492,448410,436427.833333333333,25481,0,0,268522.392857142857,27553.571428571429,448973,healthy
ATM_016,2023-06-01,409261,423197,416513.375000000000,14231,0,0,305298.547619047619,27535.285714285714,423492,healthy
ATM_016,2023-06-02,395032,408923,402218.375000000000,14229,0,0,342868.607142857143,25909.571428571429,409261,healthy
ATM_016,2023-06-03,373742,394586,384627.625000000000,21290,0,0,382451.886904761905,23516.142857142857,395032,healthy
ATM_016,2023-06-04,352469,373230,363254.208333333333,21273,0,0,421765.994047619048,21075.857142857143,373742,healthy
ATM_016,2023-06-05,338421,352164,345542.625000000000,14048,0,0,401502.648809523809,19432.428571428571,352469,healthy
ATM_016,2023-06-06,324436,338089,331557.041666666667,13985,0,0,382877.297619047619,17791.000000000000,338421,healthy
ATM_016,2023-06-07,310374,324141,317527.041666666667,14062,0,0,365891.470238095238,16159.714285714286,324436,healthy
ATM_016,2023-06-08,296103,310027,303319.166666666667,14271,0,0,349720.869047619048,16165.428571428571,310374,healthy
ATM_016,2023-06-09,281884,295772,289093.791666666667,14219,0,0,333560.214285714286,16164.000000000000,296103,healthy
ATM_016,2023-06-10,260933,281403,271572.958333333333,20951,0,0,317409.547619047619,16115.571428571429,281884,healthy
ATM_016,2023-06-11,239599,260435,250421.708333333333,21334,0,0,301290.619047619048,16124.285714285714,260933,healthy
ATM_016,2023-06-12,225590,239272,232701.041666666667,14009,0,0,285170.392857142857,16118.714285714286,239599,healthy
ATM_016,2023-06-13,211507,225282,218699.375000000000,14083,0,0,269047.869047619048,16132.714285714286,225590,healthy
ATM_016,2023-06-14,197461,211212,204590.041666666667,14046,0,0,252914.011904761905,16130.428571428571,211507,healthy
ATM_016,2023-06-15,183397,197144,190502.750000000000,14064,0,0,236797.380952380952,16100.857142857143,197461,healthy
ATM_016,2023-06-16,169070,183090,176371.125000000000,14327,0,0,220694.142857142857,16116.285714285714,183397,healthy
ATM_016,2023-06-17,147885,168607,158616.833333333333,21185,0,0,204557.553571428571,16149.714285714286,169070,healthy
ATM_016,2023-06-18,126646,147394,137441.083333333333,21239,0,0,188417.464285714286,16136.142857142857,147885,healthy
ATM_016,2023-06-19,112683,126376,119812.500000000000,13963,0,0,172290.529761904762,16129.571428571429,126646,healthy
ATM_016,2023-06-20,98667,112357,105719.458333333333,14016,0,0,156150.541666666667,16120.000000000000,112683,low
ATM_016,2023-06-21,84495,98359,91696.166666666667,14172,0,0,140022.845238095238,16138.000000000000,98667,low
ATM_016,2023-06-22,70243,84154,77458.083333333333,14252,0,0,123873.607142857143,16164.857142857143,84495,low
ATM_016,2023-06-23,56067,69895,63282.000000000000,14176,0,0,107718.017857142857,16143.285714285714,70243,low
ATM_016,2023-06-24,50194,500000,308885.500000000000,21226,1,0,129184.970238095238,16149.142857142857,56067,low
ATM_016,2023-06-25,465191,485687,475872.041666666667,20974,0,0,177532.250000000000,16111.285714285714,50194,healthy
ATM_016,2023-06-26,439637,464643,452639.875000000000,25554,0,0,225079.017857142857,17767.142857142857,465191,healthy
ATM_016,2023-06-27,414213,439073,427130.291666666667,25424,0,0,270994.851190476191,19396.857142857143,439637,healthy
ATM_016,2023-06-28,388651,413627,401609.000000000000,25562,0,0,315268.113095238095,21024.000000000000,414213,healthy
ATM_016,2023-06-29,363154,388090,376107.541666666667,25497,0,0,357932.321428571429,22630.428571428571,388651,healthy
ATM_016,2023-06-30,337673,362599,350673.916666666667,25481,0,0,398988.309523809524,24245.428571428571,363154,healthy
ATM_016,2023-07-01,316672,337186,327349.083333333333,21001,0,0,401625.964285714286,24213.285714285714,337673,healthy
ATM_016,2023-07-02,295715,316172,306370.333333333333,20957,0,0,377411.434523809524,24210.857142857143,316672,healthy
ATM_016,2023-07-03,281466,295367,288701.666666666667,14249,0,0,353991.690476190476,22595.857142857143,295715,healthy
ATM_016,2023-07-04,267400,281159,274581.958333333333,14066,0,0,332199.071428571429,20973.285714285714,281466,healthy
ATM_016,2023-07-05,253297,267082,260444.666666666667,14103,0,0,312032.738095238095,19336.285714285714,267400,healthy
ATM_016,2023-07-06,239208,252959,246341.375000000000,14089,0,0,293494.714285714286,17706.571428571429,253297,healthy
ATM_016,2023-07-07,225037,238844,232223.583333333333,14171,0,0,276573.238095238095,16090.857142857143,239208,healthy
ATM_016,2023-07-08,203881,224570,214626.250000000000,21156,0,0,260469.976190476190,16113.000000000000,225037,healthy
ATM_016,2023-07-09,182555,203408,193368.375000000000,21326,0,0,244326.839285714286,16165.714285714286,203881,healthy
ATM_016,2023-07-10,168311,182261,175528.750000000000,14244,0,0,228159.279761904762,16165.000000000000,182555,healthy
ATM_016,2023-07-11,154080,167991,161298.375000000000,14231,0,0,211975.910714285714,16188.571428571429,168311,healthy
ATM_016,2023-07-12,139868,153767,147065.500000000000,14212,0,0,195778.886904761905,16204.142857142857,154080,healthy
ATM_016,2023-07-13,125616,139563,132915.875000000000,14252,0,0,179575.244047619048,16227.428571428571,139868,healthy
ATM_016,2023-07-14,111510,125289,118637.500000000000,14106,0,0,163348.660714285714,16218.142857142857,125616,healthy
ATM_016,2023-07-15,90197,111039,101021.541666666667,21313,0,0,147119.416666666667,16240.571428571429,111510,low
ATM_016,2023-07-16,68718,89707,79636.625000000000,21479,0,0,130872.023809523810,16262.428571428571,90197,low
ATM_016,2023-07-17,54635,68411,61771.250000000000,14083,0,0,114620.952380952381,16239.428571428571,68718,low
ATM_016,2023-07-18,50625,500000,310329.875000000000,14274,1,0,135911.166666666667,16245.571428571429,54635,low
ATM_016,2023-07-19,476540,490473,483778.708333333333,14245,0,0,184013.053571428571,16250.285714285714,50625,healthy
ATM_016,2023-07-20,462469,476195,469602.458333333333,14071,0,0,232111.136904761905,16224.428571428571,476540,healthy
ATM_016,2023-07-21,448381,462109,455558.750000000000,14088,0,0,280242.744047619048,16221.857142857143,462469,healthy
ATM_016,2023-07-22,427127,447850,437902.000000000000,21254,0,0,328368.523809523809,16213.428571428571,448381,healthy
ATM_016,2023-07-23,405862,426660,416681.541666666667,21265,0,0,376517.797619047619,16182.857142857143,427127,healthy
ATM_016,2023-07-24,391678,405542,398850.958333333333,14184,0,0,424672.041666666667,16197.285714285714,405862,healthy
ATM_016,2023-07-25,377423,391364,384599.875000000000,14255,0,0,435282.041666666667,16194.571428571429,391678,healthy
ATM_016,2023-07-26,352014,376868,364913.125000000000,25409,0,0,418301.244047619048,17789.428571428571,377423,healthy
ATM_016,2023-07-27,326310,351378,339310.875000000000,25704,0,0,399688.160714285714,19451.285714285714,352014,healthy
ATM_016,2023-07-28,301040,325711,313855.208333333333,25270,0,0,379444.797619047619,21048.714285714286,326310,healthy
ATM_016,2023-07-29,262862,300142,282260.458333333333,38178,0,0,357210.291666666667,23466.428571428571,301040,healthy
ATM_016,2023-07-30,224501,261969,244002.666666666667,38361,0,0,332541.880952380952,25908.714285714286,262862,healthy
ATM_016,2023-07-31,199155,223902,212014.875000000000,25346,0,0,305851.011904761905,27503.285714285714,224501,healthy
ATM_016,2023-08-01,184780,198833,192100.875000000000,14375,0,0,278351.154761904762,27520.428571428571,199155,healthy
ATM_016,2023-08-02,170698,184462,177831.541666666667,14082,0,0,251625.214285714286,25902.285714285714,184780,healthy
ATM_016,2023-08-03,156513,170371,163723.916666666667,14185,0,0,226541.363095238095,24256.714285714286,170698,healthy
ATM_016,2023-08-04,142291,156155,149460.708333333333,14222,0,0,203056.434523809524,22678.428571428571,156513,healthy
ATM_016,2023-08-05,120995,141786,131789.666666666667,21296,0,0,181560.607142857143,20266.714285714286,142291,healthy
ATM_016,2023-08-06,99806,120527,110585.250000000000,21189,0,0,162500.976190476191,17813.571428571429,120995,low
ATM_016,2023-08-07,85749,99492,92843.916666666667,14057,0,0,145476.553571428572,16200.857142857143,99806,low
ATM_016,2023-08-08,71767,85443,78855.166666666667,13982,0,0,129298.595238095238,16144.714285714286,85749,low
ATM_016,2023-08-09,57392,71452,64728.666666666667,14375,0,0,113141.041666666667,16186.571428571429,71767,low
ATM_016,2023-08-10,50267,500000,256939.583333333333,14352,1,0,126457.565476190476,16210.428571428571,57392,low
ATM_016,2023-08-11,479649,493512,486877.916666666667,14167,0,0,174660.023809523810,16202.571428571429,50267,healthy
ATM_016,2023-08-12,458362,479167,469160.375000000000,21287,0,0,222855.839285714286,16201.285714285714,479649,healthy
ATM_016,2023-08-13,436983,457898,447885.291666666667,21379,0,0,271041.559523809524,16228.428571428571,458362,healthy
ATM_016,2023-08-14,422515,436689,429841.791666666667,14468,0,0,319184.113095238095,16287.142857142857,436983,healthy
ATM_016,2023-08-15,407974,422178,415358.833333333333,14541,0,0,367256.065476190476,16367.000000000000,422515,healthy
ATM_016,2023-08-16,393779,407634,400992.791666666667,14195,0,0,415293.797619047619,16341.285714285714,407974,healthy
ATM_016,2023-08-17,379750,393451,386891.916666666667,14029,0,0,433858.416666666667,16295.142857142857,393779,healthy
ATM_016,2023-08-18,365437,379452,372750.041666666667,14313,0,0,417554.434523809524,16316.000000000000,379750,healthy
ATM_016,2023-08-19,344172,364948,354919.583333333333,21265,0,0,401234.321428571429,16312.857142857143,365437,healthy
ATM_016,2023-08-20,322746,343715,333629.791666666667,21426,0,0,384912.107142857143,16319.571428571429,344172,healthy
ATM_016,2023-08-21,308523,322446,315757.875000000000,14223,0,0,368614.404761904762,16284.571428571429,322746,healthy
ATM_016,2023-08-22,294542,308219,301652.583333333333,13981,0,0,352370.654761904762,16204.571428571429,308523,healthy
ATM_016,2023-08-23,280308,294202,287510.041666666667,14234,0,0,336158.833333333333,16210.142857142857,294542,healthy
ATM_016,2023-08-24,266220,279975,273354.041666666667,14088,0,0,319939.136904761905,16218.571428571429,280308,healthy
ATM_016,2023-08-25,252185,265892,259248.791666666667,14035,0,0,303724.672619047619,16178.857142857143,266220,healthy
ATM_016,2023-08-26,214097,251284,233425.333333333333,38088,0,0,286368.351190476191,18582.142857142857,252185,healthy
ATM_016,2023-08-27,175919,213250,195306.791666666667,38178,0,0,266607.922619047619,20975.285714285714,214097,healthy
ATM_016,2023-08-28,150486,175302,163436.791666666667,25433,0,0,244847.767857142857,22576.714285714286,175919,healthy
ATM_016,2023-08-29,125340,149931,138138.375000000000,25146,0,0,221488.595238095238,24171.714285714286,150486,healthy
ATM_016,2023-08-30,99675,124787,112706.750000000000,25665,0,0,196516.696428571429,25804.714285714286,125340,low
ATM_016,2023-08-31,74000,99090,86989.083333333333,25675,0,0,169893.130952380952,27460.000000000000,99675,low
ATM_016,2023-09-01,59783,73681,67012.083333333333,14217,0,0,142430.744047619048,27486.000000000000,74000,low
ATM_016,2023-09-02,50861,500000,274745.500000000000,21198,1,0,148333.625000000000,25073.142857142857,59783,low
ATM_016,2023-09-03,468023,488882,478814.041666666667,21338,0,0,188834.660714285714,22667.428571428571,50861,healthy
ATM_016,2023-09-04,454022,467744,461155.750000000000,14001,0,0,231365.940476190476,21034.285714285714,468023,healthy
ATM_016,2023-09-05,439939,453684,447085.833333333333,14083,0,0,275501.291666666667,19453.857142857143,454022,healthy
ATM_016,2023-09-06,425723,439634,432961.750000000000,14216,0,0,321252.005952380952,17818.285714285714,439939,healthy
ATM_016,2023-09-07,411542,425370,418672.583333333333,14181,0,0,368635.363095238095,16176.285714285714,425723,healthy
ATM_016,2023-09-08,397498,411256,404579.875000000000,14044,0,0,416859.333333333333,16151.571428571429,411542,healthy
ATM_016,2023-09-09,376358,397025,387085.416666666667,21140,0,0,432907.892857142857,16143.285714285714,397498,healthy
ATM_016,2023-09-10,355176,375887,365906.166666666667,21182,0,0,416778.196428571429,16121.000000000000,376358,healthy
ATM_016,2023-09-11,340832,354864,348114.000000000000,14344,0,0,400629.375000000000,16170.000000000000,355176,healthy
ATM_016,2023-09-12,326710,340511,333869.166666666667,14122,0,0,384455.565476190476,16175.571428571429,340832,healthy
ATM_016,2023-09-13,312835,326389,319882.625000000000,13875,0,0,368301.404761904762,16126.857142857143,326710,healthy
ATM_016,2023-09-14,298462,312502,305777.958333333333,14373,0,0,352173.601190476191,16154.285714285714,312835,healthy
ATM_016,2023-09-15,284339,298150,291503.583333333333,14123,0,0,336019.845238095238,16165.571428571429,298462,healthy
ATM_016,2023-09-16,263125,283853,273874.541666666667,21214,0,0,319846.863095238095,16176.142857142857,284339,healthy
ATM_016,2023-09-17,241878,262600,252651.833333333333,21247,0,0,303667.672619047619,16185.428571428571,263125,healthy
ATM_016,2023-09-18,227875,241556,235013.416666666667,14003,0,0,287510.446428571429,16136.714285714286,241878,healthy
ATM_016,2023-09-19,213555,227560,220794.333333333333,14320,0,0,271356.898809523809,16165.000000000000,227875,healthy
ATM_016,2023-09-20,199451,213212,206600.791666666667,14104,0,0,255173.779761904762,16197.714285714286,213555,healthy
ATM_016,2023-09-21,185156,199147,192448.791666666667,14295,0,0,238983.898809523810,16186.571428571429,199451,healthy
ATM_016,2023-09-22,171225,184820,178298.458333333333,13931,0,0,222811.738095238095,16159.142857142857,185156,healthy
ATM_016,2023-09-23,150119,170765,160807.125000000000,21106,0,0,206659.250000000000,16143.714285714286,171225,healthy
ATM_016,2023-09-24,128982,149649,139680.291666666667,21137,0,0,190520.458333333333,16128.000000000000,150119,healthy
ATM_016,2023-09-25,115051,128657,122116.291666666667,13931,0,0,174392.297619047619,16117.714285714286,128982,healthy
ATM_016,2023-09-26,89728,114462,102515.333333333333,25323,0,0,157495.297619047619,17689.571428571429,115051,low
ATM_016,2023-09-27,64023,89180,77086.916666666667,25705,0,0,138993.315476190476,19346.857142857143,89728,low
ATM_016,2023-09-28,51326,500000,257939.583333333333,25494,1,0,148349.142857142857,20946.714285714286,64023,low
ATM_016,2023-09-29,463467,488426,476419.208333333333,25587,0,0,190937.821428571429,22611.857142857143,51326,healthy
ATM_016,2023-09-30,425402,462560,444707.083333333333,38065,0,0,231494.958333333333,25034.571428571429,463467,healthy
ATM_016,2023-10-01,404192,424901,414979.708333333333,21210,0,0,270823.446428571428,25045.000000000000,425402,healthy
ATM_016,2023-10-02,390115,403866,397287.666666666667,14077,0,0,310133.642857142857,25065.857142857143,404192,healthy
ATM_016,2023-10-03,376069,389772,383229.000000000000,14046,0,0,350235.595238095238,23454.857142857143,390115,healthy
ATM_016,2023-10-04,361887,375776,369085.750000000000,14182,0,0,391949.714285714286,21808.714285714286,376069,healthy
ATM_016,2023-10-05,347716,361568,354916.916666666667,14171,0,0,405803.619047619048,20191.142857142857,361887,healthy
ATM_016,2023-10-06,333539,347410,340779.333333333333,14177,0,0,386426.494047619048,18561.142857142857,347716,healthy
ATM_016,2023-10-07,312291,333054,323057.333333333333,21248,0,0,369047.958333333333,16158.714285714286,333539,healthy
ATM_016,2023-10-08,290917,311801,301786.791666666667,21374,0,0,352877.541666666667,16182.142857142857,312291,healthy
ATM_016,2023-10-09,276810,290617,283972.250000000000,14107,0,0,336689.625000000000,16186.428571428571,290917,healthy
ATM_016,2023-10-10,262628,276460,269807.833333333333,14182,0,0,320486.601190476190,16205.857142857143,276810,healthy
ATM_016,2023-10-11,248559,262316,255735.000000000000,14069,0,0,304293.636904761905,16189.714285714286,262628,healthy
ATM_016,2023-10-12,234485,248251,241635.458333333333,14074,0,0,288110.571428571428,16175.857142857143,248559,healthy
ATM_016,2023-10-13,220475,234161,227552.916666666667,14010,0,0,271935.369047619048,16152.000000000000,234485,healthy
ATM_016,2023-10-14,199076,219999,210040.375000000000,21399,0,0,255790.089285714286,16173.571428571429,220475,healthy
ATM_016,2023-10-15,177914,198606,188693.375000000000,21162,0,0,239633.886904761905,16143.285714285714,199076,healthy
ATM_016,2023-10-16,163718,177595,170920.000000000000,14196,0,0,223483.565476190476,16156.000000000000,177914,healthy
ATM_016,2023-10-17,149500,163386,156679.250000000000,14218,0,0,207322.339285714286,16161.142857142857,163718,healthy
ATM_016,2023-10-18,135435,149200,142548.333333333333,14065,0,0,191152.815476190476,16160.571428571429,149500,healthy
ATM_016,2023-10-19,121293,135122,128452.125000000000,14142,0,0,174983.767857142857,16170.285714285714,135435,healthy
ATM_016,2023-10-20,107499,120973,114505.958333333333,13794,0,0,158834.202380952381,16139.428571428571,121293,healthy
ATM_016,2023-10-21,86409,107022,97066.125000000000,21090,0,0,142695.023809523809,16095.285714285714,107499,low
ATM_016,2023-10-22,65325,85893,75934.250000000000,21084,0,0,126586.577380952381,16084.142857142857,86409,low
ATM_016,2023-10-23,50912,64994,58234.000000000000,14413,0,0,110488.577380952381,16115.142857142857,65325,low
ATM_016,2023-10-24,50222,500000,456576.041666666667,14095,1,0,153330.976190476190,16097.571428571429,50912,low
ATM_016,2023-10-25,472692,486603,479914.416666666667,14231,0,0,201526.130952380952,16121.285714285714,50222,healthy
ATM_016,2023-10-26,447102,472089,460125.375000000000,25590,0,0,248908.023809523810,17756.714285714286,472692,healthy
ATM_016,2023-10-27,421768,446506,434621.750000000000,25334,0,0,294638.851190476191,19405.285714285714,447102,healthy
ATM_016,2023-10-28,383801,420925,403025.125000000000,37967,0,0,338347.279761904762,21816.285714285714,421768,healthy
ATM_016,2023-10-29,345335,382896,364960.250000000000,38466,0,0,379636.708333333333,24299.428571428571,383801,healthy
ATM_016,2023-10-30,319995,344764,332806.166666666667,25340,0,0,418861.303571428572,25860.428571428571,345335,healthy
ATM_016,2023-10-31,294445,319439,307350.708333333333,25550,0,0,397543.398809523810,27496.857142857143,319995,healthy
ATM_016,2023-11-01,280361,294113,287537.208333333333,14084,0,0,370060.940476190476,27475.857142857143,294445,healthy
ATM_016,2023-11-02,266084,280063,273372.125000000000,14277,0,0,343381.904761904762,25859.714285714286,280361,healthy
ATM_016,2023-11-03,251975,265797,259173.541666666667,14109,0,0,318317.875000000000,24256.142857142857,266084,healthy
ATM_016,2023-11-04,230767,251456,241472.333333333333,21208,0,0,295238.904761904762,21862.000000000000,251975,healthy
ATM_016,2023-11-05,209731,230288,220414.166666666667,21036,0,0,274589.464285714286,19372.000000000000,230767,healthy
ATM_016,2023-11-06,195758,209405,202837.083333333333,13973,0,0,256022.452380952381,17748.142857142857,209731,healthy
ATM_016,2023-11-07,181442,195436,188724.708333333333,14316,0,0,239075.880952380952,16143.285714285714,195758,healthy
ATM_016,2023-11-08,167497,181123,174560.291666666667,13945,0,0,222936.321428571429,16123.428571428571,181442,healthy
ATM_016,2023-11-09,153476,167171,160621.291666666667,14021,0,0,206829.059523809524,16086.857142857143,167497,healthy
ATM_016,2023-11-10,139596,153170,146604.333333333333,13880,0,0,190747.744047619048,16054.142857142857,153476,healthy
ATM_016,2023-11-11,118506,139127,129217.250000000000,21090,0,0,174711.303571428571,16037.285714285714,139596,healthy
ATM_016,2023-11-12,97335,118021,108099.875000000000,21171,0,0,158666.404761904762,16056.571428571429,118506,low
ATM_016,2023-11-13,83210,97020,90386.666666666667,14125,0,0,142602.059523809524,16078.285714285714,97335,low
ATM_016,2023-11-14,68934,82884,76205.458333333333,14276,0,0,126527.880952380952,16072.571428571429,83210,low
ATM_016,2023-11-15,54805,68630,61968.000000000000,14129,0,0,110443.267857142857,16098.857142857143,68934,low
ATM_016,2023-11-16,50835,500000,310367.208333333333,14306,1,0,131835.541666666667,16139.571428571429,54805,low
ATM_016,2023-11-17,476721,490400,483821.708333333333,13979,0,0,180009.452380952381,16153.714285714286,50835,healthy
ATM_016,2023-11-18,455424,476218,466230.875000000000,21297,0,0,228154.255952380952,16183.285714285714,476721,healthy
ATM_016,2023-11-19,434259,454966,445032.083333333333,21165,0,0,276287.428571428571,16182.428571428571,455424,healthy
ATM_016,2023-11-20,419979,433958,427259.416666666667,14280,0,0,324412.107142857143,16204.571428571429,434259,healthy
ATM_016,2023-11-21,405731,419691,412981.625000000000,14248,0,0,372522.988095238095,16200.571428571429,419979,healthy
ATM_016,2023-11-22,391548,405426,398717.458333333333,14183,0,0,420630.053571428571,16208.285714285714,405731,healthy
ATM_016,2023-11-23,377426,391244,384552.083333333333,14122,0,0,431227.892857142857,16182.000000000000,391548,healthy
ATM_016,2023-11-24,363303,377127,370491.541666666667,14123,0,0,415037.869047619048,16202.571428571429,377426,healthy
ATM_016,2023-11-25,342075,362779,352859.000000000000,21228,0,0,398841.886904761905,16192.714285714286,363303,healthy
ATM_016,2023-11-26,303649,341222,323125.333333333333,38426,0,0,381426.636904761905,18658.571428571429,342075,healthy
ATM_016,2023-11-27,278137,303061,291078.750000000000,25512,0,0,361972.255952380952,20263.142857142857,303649,healthy
ATM_016,2023-11-28,252626,277543,265587.625000000000,25511,0,0,340915.970238095238,21872.142857142857,278137,healthy
ATM_016,2023-11-29,227286,252046,240089.500000000000,25340,0,0,318254.833333333333,23466.000000000000,252626,healthy
ATM_016,2023-11-30,201679,226690,214711.666666666667,25607,0,0,293991.916666666667,25106.714285714286,227286,healthy
ATM_016,2023-12-01,187613,201395,194736.041666666667,14066,0,0,268883.988095238095,25098.571428571429,201679,healthy
ATM_016,2023-12-02,166545,187191,177279.666666666667,21068,0,0,243801.226190476191,25075.714285714286,187613,healthy
ATM_016,2023-12-03,145354,166069,156154.916666666667,21191,0,0,219948.309523809524,22613.571428571429,166545,healthy
ATM_016,2023-12-04,131122,145010,138304.166666666667,14232,0,0,198123.369047619048,21002.142857142857,145354,healthy
ATM_016,2023-12-05,117015,130771,124158.208333333333,14107,0,0,177919.166666666667,19373.000000000000,131122,healthy
ATM_016,2023-12-06,102669,116696,109971.875000000000,14346,0,0,159330.934523809524,17802.428571428571,117015,healthy
ATM_016,2023-12-07,88568,102332,95736.791666666667,14101,0,0,142334.523809523810,16158.714285714286,102669,low
ATM_016,2023-12-08,74288,88258,81566.875000000000,14280,0,0,126167.500000000000,16189.285714285714,88568,low
ATM_016,2023-12-09,52851,73824,63779.958333333333,21437,0,0,109953.255952380952,16242.000000000000,74288,low
ATM_016,2023-12-10,50380,500000,398563.875000000000,21495,1,0,144583.107142857143,16285.428571428571,52851,low
ATM_016,2023-12-11,467142,481161,474433.333333333333,14325,0,0,192601.559523809524,16298.714285714286,50380,healthy
ATM_016,2023-12-12,453006,466832,460161.875000000000,14136,0,0,240602.083333333333,16302.857142857143,467142,healthy
ATM_016,2023-12-13,438758,452656,445955.958333333333,14248,0,0,288599.809523809524,16288.857142857143,453006,healthy
ATM_016,2023-12-14,424681,438455,431853.333333333333,14077,0,0,336616.458333333333,16285.428571428571,438758,healthy
ATM_016,2023-12-15,410266,424339,417594.625000000000,14415,0,0,384620.422619047619,16304.714285714286,424681,healthy
ATM_016,2023-12-16,388772,409752,399692.125000000000,21494,0,0,432607.875000000000,16312.857142857143,410266,healthy
ATM_016,2023-12-17,367532,388308,378285.500000000000,21240,0,0,429710.964285714286,16276.428571428571,388772,healthy
ATM_016,2023-12-18,353213,367216,360503.750000000000,14319,0,0,413435.309523809524,16275.571428571429,367532,healthy
ATM_016,2023-12-19,338964,352867,346223.958333333333,14249,0,0,397158.464285714286,16291.714285714286,353213,healthy
ATM_016,2023-12-20,324909,338649,332041.000000000000,14055,0,0,380884.898809523809,16264.142857142857,338964,healthy
ATM_016,2023-12-21,310968,324599,318082.125000000000,13941,0,0,364631.869047619048,16244.714285714286,324909,healthy
ATM_016,2023-12-22,296817,310652,303997.208333333333,14151,0,0,348403.666666666667,16207.000000000000,310968,healthy
ATM_016,2023-12-23,275581,296366,286385.625000000000,21236,0,0,332217.023809523809,16170.142857142857,296817,healthy
ATM_016,2023-12-24,254610,275115,265268.708333333333,20971,0,0,316071.767857142857,16131.714285714286,275581,healthy
ATM_016,2023-12-25,240127,254274,247469.791666666667,14483,0,0,299924.059523809524,16155.142857142857,254610,healthy
ATM_016,2023-12-26,214803,239534,227660.541666666667,25324,0,0,282986.428571428571,17737.285714285714,240127,healthy
ATM_016,2023-12-27,189247,214228,202206.541666666667,25556,0,0,264438.648809523810,19380.285714285714,214803,healthy
ATM_016,2023-12-28,164179,188697,176894.541666666667,25068,0,0,244268.994047619048,20969.857142857143,189247,healthy
ATM_016,2023-12-29,138448,163614,151525.500000000000,25731,0,0,222487.321428571429,22624.142857142857,164179,healthy
ATM_016,2023-12-30,100240,137620,119626.416666666667,38208,0,0,198664.577380952381,25048.714285714286,138448,healthy
ATM_016,2023-12-31,99356,99356,99356.000000000000,884,0,0,174962.761904761905,22179.142857142857,100240,low
ATM_017,2023-01-01,478425,499516,489354.708333333333,21575,0,0,489354.708333333333,21575.000000000000,,healthy
ATM_017,2023-01-02,464324,478121,471443.291666666667,14101,0,0,480399.000000000000,17838.000000000000,478425,healthy
ATM_017,2023-01-03,450184,463990,457416.583333333333,14140,0,0,472738.194444444444,16605.333333333333,464324,healthy
ATM_017,2023-01-04,436125,449894,443257.083333333333,14059,0,0,465367.916666666667,15968.750000000000,450184,healthy
ATM_017,2023-01-05,422201,435820,429237.791666666667,13924,0,0,458141.891666666667,15559.800000000000,436125,healthy
ATM_017,2023-01-06,408037,421874,415212.541666666667,14164,0,0,450987.000000000000,15327.166666666667,422201,healthy
ATM_017,2023-01-07,386574,407557,397466.166666666667,21463,0,0,443341.166666666667,16203.714285714286,408037,healthy
ATM_017,2023-01-08,365175,386074,376030.666666666667,21399,0,0,427152.017857142857,16178.571428571429,386574,healthy
ATM_017,2023-01-09,350819,364846,358074.041666666667,14356,0,0,410956.410714285714,16215.000000000000,365175,healthy
ATM_017,2023-01-10,336651,350481,343815.708333333333,14168,0,0,394727.714285714286,16219.000000000000,350819,healthy
ATM_017,2023-01-11,322535,336320,329668.375000000000,14116,0,0,378500.755952380953,16227.142857142857,336651,healthy
ATM_017,2023-01-12,308341,322209,315536.083333333333,14194,0,0,362257.654761904762,16265.714285714286,322535,healthy
ATM_017,2023-01-13,294068,308036,301300.708333333333,14273,0,0,345984.535714285714,16281.285714285714,308341,healthy
ATM_017,2023-01-14,272837,293591,283620.083333333333,21231,0,0,329720.809523809524,16248.142857142857,294068,healthy
ATM_017,2023-01-15,251647,272379,262375.875000000000,21190,0,0,313484.410714285714,16218.285714285714,272837,healthy
ATM_017,2023-01-16,237554,251308,244650.291666666667,14093,0,0,297281.017857142857,16180.714285714286,251647,healthy
ATM_017,2023-01-17,223196,237215,230444.166666666667,14358,0,0,281085.083333333333,16207.857142857143,237554,healthy
ATM_017,2023-01-18,209004,222912,216238.083333333333,14192,0,0,264880.755952380952,16218.714285714286,223196,healthy
ATM_017,2023-01-19,194958,208689,202080.250000000000,14046,0,0,248672.779761904762,16197.571428571429,209004,healthy
ATM_017,2023-01-20,180422,194624,187858.666666666667,14536,0,0,232466.773809523810,16235.142857142857,194958,healthy
ATM_017,2023-01-21,159067,179971,169929.541666666667,21355,0,0,216225.267857142857,16252.857142857143,180422,healthy
ATM_017,2023-01-22,137830,158611,148644.000000000000,21237,0,0,199977.857142857143,16259.571428571429,159067,healthy
ATM_017,2023-01-23,123837,137507,130961.500000000000,13993,0,0,183736.601190476191,16245.285714285714,137830,healthy
ATM_017,2023-01-24,109602,123478,116805.250000000000,14235,0,0,167502.470238095238,16227.714285714286,123837,healthy
ATM_017,2023-01-25,95288,109250,102506.125000000000,14314,0,0,151255.047619047619,16245.142857142857,109602,low
ATM_017,2023-01-26,69830,94727,82783.750000000000,25458,0,0,134212.690476190476,17875.428571428571,95288,low
ATM_017,2023-01-27,51451,500000,207399.250000000000,25570,1,0,137004.202380952381,19451.714285714286,69830,low
ATM_017,2023-01-28,456740,493823,476079.166666666667,37947,0,0,180739.863095238095,21822.000000000000,51451,healthy
ATM_017,2023-01-29,418538,455887,437909.125000000000,38202,0,0,222063.452380952381,24245.571428571429,456740,healthy
ATM_017,2023-01-30,393218,417999,406074.291666666667,25320,0,0,261365.279761904762,25863.714285714286,418538,healthy
ATM_017,2023-01-31,367646,392642,380667.458333333333,25572,0,0,299059.880952380952,27483.285714285714,393218,healthy
ATM_017,2023-02-01,353692,367317,360811.666666666667,13954,0,0,335960.672619047619,27431.857142857143,367646,healthy
ATM_017,2023-02-02,339483,353371,346733.250000000000,14209,0,0,373667.744047619048,25824.857142857143,353692,healthy
ATM_017,2023-02-03,325239,339136,332466.458333333333,14244,0,0,391534.488095238095,24206.857142857143,339483,healthy
ATM_017,2023-02-04,304244,324784,314975.458333333333,20995,0,0,368519.672619047619,21785.142857142857,325239,healthy
ATM_017,2023-02-05,283015,303789,293852.000000000000,21229,0,0,347940.083333333333,19360.428571428571,304244,healthy
ATM_017,2023-02-06,268839,282673,276045.416666666667,14176,0,0,329364.529761904762,17768.428571428571,283015,healthy
ATM_017,2023-02-07,254790,268490,261889.416666666667,14049,0,0,312396.238095238095,16122.285714285714,268839,healthy
ATM_017,2023-02-08,240879,254451,247912.250000000000,13911,0,0,296267.750000000000,16116.142857142857,254790,healthy
ATM_017,2023-02-09,226734,240562,233916.750000000000,14145,0,0,280151.107142857143,16107.000000000000,240879,healthy
ATM_017,2023-02-10,212645,226392,219783.583333333333,14089,0,0,264053.553571428571,16084.857142857143,226734,healthy
ATM_017,2023-02-11,191348,212148,202154.291666666667,21297,0,0,247936.244047619048,16128.000000000000,212645,healthy
ATM_017,2023-02-12,170091,190846,180871.625000000000,21257,0,0,231796.190476190476,16132.000000000000,191348,healthy
ATM_017,2023-02-13,155711,169776,163015.250000000000,14380,0,0,215649.023809523810,16161.142857142857,170091,healthy
ATM_017,2023-02-14,141430,155414,148778.875000000000,14281,0,0,199490.375000000000,16194.285714285714,155711,healthy
ATM_017,2023-02-15,127109,141128,134396.208333333333,14321,0,0,183273.797619047619,16252.857142857143,141430,healthy
ATM_017,2023-02-16,113004,126786,120172.708333333333,14105,0,0,167024.648809523809,16247.142857142857,127109,healthy
ATM_017,2023-02-17,98796,112685,106040.791666666667,14208,0,0,150775.678571428571,16264.142857142857,113004,low
ATM_017,2023-02-18,77626,98329,88418.333333333333,21170,0,0,134527.684523809524,16246.000000000000,98796,low
ATM_017,2023-02-19,56167,77130,67063.708333333333,21459,0,0,118269.410714285714,16274.857142857143,77626,low
ATM_017,2023-02-20,50138,500000,274650.291666666667,14132,1,0,134217.273809523809,16239.428571428571,56167,low
ATM_017,2023-02-21,478949,492621,486057.166666666667,14014,0,0,182399.886904761905,16201.285714285714,50138,healthy
ATM_017,2023-02-22,464867,478642,472044.708333333333,14082,0,0,230635.386904761905,16167.142857142857,478949,healthy
ATM_017,2023-02-23,450644,464559,457881.250000000000,14223,0,0,278879.464285714286,16184.000000000000,464867,healthy
ATM_017,2023-02-24,436293,450305,443556.791666666667,14351,0,0,327096.035714285714,16204.428571428571,450644,healthy
ATM_017,2023-02-25,414884,435806,425738.041666666667,21409,0,0,375284.565476190476,16238.571428571429,436293,healthy
ATM_017,2023-02-26,376826,414024,396071.000000000000,38058,0,0,422285.607142857143,18609.857142857143,414884,healthy
ATM_017,2023-02-27,351186,376217,364256.083333333333,25640,0,0,435086.434523809524,20253.857142857143,376826,healthy
ATM_017,2023-02-28,325878,350601,338686.166666666667,25308,0,0,414033.434523809524,21867.285714285714,351186,healthy
ATM_017,2023-03-01,311855,325592,318952.666666666667,14023,0,0,392163.142857142857,21858.857142857143,325878,healthy
ATM_017,2023-03-02,297814,311539,304938.833333333333,14041,0,0,370314.226190476191,21832.857142857143,311855,healthy
ATM_017,2023-03-03,283781,297502,290915.583333333333,14033,0,0,348508.339285714286,21787.428571428571,297814,healthy
ATM_017,2023-03-04,262639,283305,273402.833333333333,21142,0,0,326746.166666666667,21749.285714285714,283781,healthy
ATM_017,2023-03-05,241486,262126,252177.750000000000,21153,0,0,306189.988095238095,19334.285714285714,262639,healthy
ATM_017,2023-03-06,227483,241147,234573.625000000000,14003,0,0,287663.922619047619,17671.857142857143,241486,healthy
ATM_017,2023-03-07,213395,227144,220566.250000000000,14088,0,0,270789.648809523809,16069.000000000000,227483,healthy
ATM_017,2023-03-08,199163,213077,206358.833333333333,14232,0,0,254704.815476190476,16098.857142857143,213395,healthy
ATM_017,2023-03-09,184914,198836,192183.833333333333,14249,0,0,238596.958333333333,16128.571428571429,199163,healthy
ATM_017,2023-03-10,170884,184596,177993.791666666667,14030,0,0,222465.273809523809,16128.142857142857,184914,healthy
ATM_017,2023-03-11,149620,170438,160425.083333333333,21264,0,0,206325.595238095238,16145.571428571429,170884,healthy
ATM_017,2023-03-12,128382,149098,139107.625000000000,21238,0,0,190172.720238095238,16157.714285714286,149620,healthy
ATM_017,2023-03-13,114285,128061,121418.500000000000,14097,0,0,174007.702380952381,16171.142857142857,128382,healthy
ATM_017,2023-03-14,100103,113975,107368.750000000000,14182,0,0,157836.630952380952,16184.571428571429,114285,healthy
ATM_017,2023-03-15,85871,99792,93073.666666666667,14232,0,0,141653.035714285714,16184.571428571429,100103,low
ATM_017,2023-03-16,71731,85571,78961.500000000000,14140,0,0,125478.416666666667,16169.000000000000,85871,low
ATM_017,2023-03-17,57626,71417,64826.750000000000,14105,0,0,109311.696428571429,16179.714285714286,71731,low
ATM_017,2023-03-18,50249,500000,291697.500000000000,21175,1,0,128064.898809523810,16167.000000000000,57626,low
ATM_017,2023-03-19,466529,487338,477307.500000000000,21260,0,0,176379.166666666667,16170.142857142857,50249,healthy
ATM_017,2023-03-20,452115,466223,459430.000000000000,14414,0,0,224666.523809523810,16215.428571428571,466529,healthy
ATM_017,2023-03-21,438037,451783,445192.166666666667,14078,0,0,272927.011904761905,16200.571428571429,452115,healthy
ATM_017,2023-03-22,423731,437715,431027.208333333333,14306,0,0,321206.089285714286,16211.142857142857,438037,healthy
ATM_017,2023-03-23,409763,423407,416828.541666666667,13968,0,0,369472.809523809524,16186.571428571429,423731,healthy
ATM_017,2023-03-24,395484,409414,402704.250000000000,14279,0,0,417741.023809523810,16211.428571428571,409763,healthy
ATM_017,2023-03-25,374279,394992,385049.208333333333,21205,0,0,431076.982142857143,16215.714285714286,395484,healthy
ATM_017,2023-03-26,335853,373433,355345.583333333333,38426,0,0,413653.851190476190,18668.000000000000,374279,healthy
ATM_017,2023-03-27,310402,335233,323272.166666666667,25451,0,0,394202.732142857143,20244.714285714286,335853,healthy
ATM_017,2023-03-28,285092,309847,297982.666666666667,25310,0,0,373172.803571428571,21849.285714285714,310402,healthy
ATM_017,2023-03-29,259678,284508,272601.625000000000,25414,0,0,350540.577380952381,23436.142857142857,285092,healthy
ATM_017,2023-03-30,233885,259142,247058.833333333333,25793,0,0,326287.761904761905,25125.428571428571,259678,healthy
ATM_017,2023-03-31,208279,233274,221286.208333333333,25606,0,0,300370.898809523809,26743.571428571429,233885,healthy
ATM_017,2023-04-01,186956,207747,197789.041666666667,21323,0,0,273619.446428571429,26760.428571428571,208279,healthy
ATM_017,2023-04-02,165699,186477,176490.250000000000,21257,0,0,248068.684523809524,24307.714285714286,186956,healthy
ATM_017,2023-04-03,151635,165337,158763.416666666667,14064,0,0,224567.434523809524,22681.000000000000,165699,healthy
ATM_017,2023-04-04,137400,151324,144683.250000000000,14235,0,0,202667.517857142857,21098.857142857143,151635,healthy
ATM_017,2023-04-05,123415,137063,130498.458333333333,13985,0,0,182367.065476190476,19466.142857142857,137400,healthy
ATM_017,2023-04-06,109254,123086,116427.666666666667,14161,0,0,163705.470238095238,17804.428571428571,123415,healthy
ATM_017,2023-04-07,95063,108922,102304.750000000000,14191,0,0,146708.119047619048,16173.714285714286,109254,low
ATM_017,2023-04-08,73866,94565,84625.208333333333,21197,0,0,130541.857142857143,16155.714285714286,95063,low
ATM_017,2023-04-09,52590,73374,63431.583333333333,21276,0,0,114390.619047619048,16158.428571428571,73866,low
ATM_017,2023-04-10,50043,500000,345862.458333333333,14094,1,0,141119.053571428571,16162.714285714286,52590,low
ATM_017,2023-04-11,474443,488465,481753.500000000000,14327,0,0,189271.946428571428,16175.857142857143,50043,healthy
ATM_017,2023-04-12,460206,474100,467439.041666666667,14237,0,0,237406.315476190476,16211.857142857143,474443,healthy
ATM_017,2023-04-13,445972,459895,453189.958333333333,14234,0,0,285515.214285714286,16222.285714285714,460206,healthy
ATM_017,2023-04-14,431608,445646,438910.250000000000,14364,0,0,333601.714285714286,16247.000000000000,445972,healthy
ATM_017,2023-04-15,410360,431120,421128.583333333333,21248,0,0,381673.625000000000,16254.285714285714,431608,healthy
ATM_017,2023-04-16,389271,409837,399947.166666666667,21089,0,0,429747.279761904762,16227.571428571429,410360,healthy
ATM_017,2023-04-17,375045,388958,382275.958333333333,14226,0,0,434949.208333333333,16246.428571428571,389271,healthy
ATM_017,2023-04-18,360835,374721,368085.166666666667,14210,0,0,418710.875000000000,16229.714285714286,375045,healthy
ATM_017,2023-04-19,346612,360513,353770.333333333333,14223,0,0,402472.488095238095,16227.714285714286,360835,healthy
ATM_017,2023-04-20,332472,346283,339653.166666666667,14140,0,0,386252.946428571429,16214.285714285714,346612,healthy
ATM_017,2023-04-21,318362,332159,325544.250000000000,14110,0,0,370057.803571428571,16178.000000000000,332472,healthy
ATM_017,2023-04-22,296860,317870,307766.125000000000,21502,0,0,353863.166666666667,16214.285714285714,318362,healthy
ATM_017,2023-04-23,275493,296386,286352.500000000000,21367,0,0,337635.357142857143,16254.000000000000,296860,healthy
ATM_017,2023-04-24,261272,275131,268470.375000000000,14221,0,0,321377.416666666667,16253.285714285714,275493,healthy
ATM_017,2023-04-25,247121,260985,254313.958333333333,14151,0,0,305124.386904761905,16244.857142857143,261272,healthy
ATM_017,2023-04-26,221608,246508,234545.708333333333,25513,0,0,288092.297619047619,17857.714285714286,247121,healthy
ATM_017,2023-04-27,196181,221074,209124.666666666667,25427,0,0,269445.369047619048,19470.142857142857,221608,healthy
ATM_017,2023-04-28,170582,195556,183533.833333333333,25599,0,0,249158.166666666667,21111.428571428571,196181,healthy
ATM_017,2023-04-29,132274,169683,151654.208333333333,38308,0,0,226856.464285714286,23512.285714285714,170582,healthy
ATM_017,2023-04-30,93760,131400,113310.541666666667,38514,0,0,202136.184523809524,25961.857142857143,132274,low
ATM_017,2023-05-01,79468,93439,86714.041666666667,14292,0,0,176170.994047619048,25972.000000000000,93760,low
ATM_017,2023-05-02,65314,79145,72483.500000000000,14154,0,0,150195.214285714286,25972.428571428571,79468,low
ATM_017,2023-05-03,51166,65001,58335.583333333333,14148,0,0,125022.339285714286,24348.857142857143,65314,low
ATM_017,2023-05-04,50306,500000,438087.250000000000,13988,1,0,157731.279761904762,22714.714285714286,51166,low
ATM_017,2023-05-05,473068,486870,480220.666666666667,14121,0,0,200115.113095238095,21075.000000000000,50306,healthy
ATM_017,2023-05-06,451760,472572,462546.416666666667,21308,0,0,244528.285714285714,18646.428571428571,473068,healthy
ATM_017,2023-05-07,430572,451289,441340.041666666667,21188,0,0,291389.642857142857,16171.285714285714,451760,healthy
ATM_017,2023-05-08,416271,430264,423510.833333333333,14301,0,0,339503.470238095238,16172.571428571429,430572,healthy
ATM_017,2023-05-09,402291,415946,409393.083333333333,13980,0,0,387633.410714285714,16147.714285714286,416271,healthy
ATM_017,2023-05-10,388073,401987,395293.250000000000,14218,0,0,435770.220238095238,16157.714285714286,402291,healthy
ATM_017,2023-05-11,374004,387754,381169.833333333333,14069,0,0,427639.160714285714,16169.285714285714,388073,healthy
ATM_017,2023-05-12,359845,373674,367024.541666666667,14159,0,0,411468.285714285714,16174.714285714286,374004,healthy
ATM_017,2023-05-13,338645,359351,349416.541666666667,21200,0,0,395306.875000000000,16159.285714285714,359845,healthy
ATM_017,2023-05-14,317322,338156,328163.375000000000,21323,0,0,379138.779761904762,16178.571428571429,338645,healthy
ATM_017,2023-05-15,303119,316986,310330.750000000000,14203,0,0,362970.196428571429,16164.571428571429,317322,healthy
ATM_017,2023-05-16,288973,302811,296194.291666666667,14146,0,0,346798.940476190476,16188.285714285714,303119,healthy
ATM_017,2023-05-17,274894,288648,282072.166666666667,14079,0,0,330624.500000000000,16168.428571428571,288973,healthy
ATM_017,2023-05-18,260826,274534,267967.875000000000,14068,0,0,314452.791666666667,16168.285714285714,274894,healthy
ATM_017,2023-05-19,246544,260506,253792.291666666667,14282,0,0,298276.755952380953,16185.857142857143,260826,healthy
ATM_017,2023-05-20,225109,246043,236016.041666666667,21435,0,0,282076.684523809524,16219.428571428571,246544,healthy
ATM_017,2023-05-21,204291,224689,214882.166666666667,20818,0,0,265893.654761904762,16147.285714285714,225109,healthy
ATM_017,2023-05-22,190202,203980,197329.583333333333,14089,0,0,249750.630952380953,16131.000000000000,204291,healthy
ATM_017,2023-05-23,176048,189880,183240.625000000000,14154,0,0,233614.392857142857,16132.142857142857,190202,healthy
ATM_017,2023-05-24,161765,175682,169003.750000000000,14283,0,0,217461.761904761905,16161.285714285714,176048,healthy
ATM_017,2023-05-25,147567,161440,154784.416666666667,14198,0,0,201292.696428571429,16179.857142857143,161765,healthy
ATM_017,2023-05-26,121922,146994,134994.875000000000,25645,0,0,184321.636904761905,17803.142857142857,147567,healthy
ATM_017,2023-05-27,83597,121033,103006.208333333333,38325,0,0,165320.232142857143,20216.000000000000,121922,low
ATM_017,2023-05-28,50452,500000,177318.333333333333,38264,1,0,159953.970238095238,22708.285714285714,83597,low
ATM_017,2023-05-29,470198,495172,483182.375000000000,25549,0,0,200790.083333333333,24345.428571428571,50452,healthy
ATM_017,2023-05-30,444974,469633,457772.666666666667,25224,0,0,240008.946428571429,25926.857142857143,470198,healthy
ATM_017,2023-05-31,419507,444352,432434.541666666667,25467,0,0,277641.916666666667,27524.571428571429,444974,healthy
ATM_017,2023-06-01,405112,419192,412458.500000000000,14395,0,0,314452.500000000000,27552.714285714286,419507,healthy
ATM_017,2023-06-02,390992,404797,398152.083333333333,14120,0,0,352046.386904761905,25906.285714285714,405112,healthy
ATM_017,2023-06-03,370097,390530,380734.833333333333,20895,0,0,391721.904761904762,23416.285714285714,390992,healthy
ATM_017,2023-06-04,348648,369618,359543.958333333333,21449,0,0,417754.136904761905,21014.142857142857,370097,healthy
ATM_017,2023-06-05,334530,348312,341707.916666666667,14118,0,0,397543.500000000000,19381.142857142857,348648,healthy
ATM_017,2023-06-06,320309,334208,327535.208333333333,14221,0,0,378938.148809523809,17809.285714285714,334530,healthy
ATM_017,2023-06-07,306200,320000,313340.333333333333,14109,0,0,361924.690476190476,16186.714285714286,320309,healthy
ATM_017,2023-06-08,292147,305888,299224.458333333333,14053,0,0,345748.398809523809,16137.857142857143,306200,healthy
ATM_017,2023-06-09,277958,291838,285161.708333333333,14189,0,0,329606.916666666666,16147.714285714286,292147,healthy
ATM_017,2023-06-10,256852,277479,267551.583333333333,21106,0,0,313437.880952380952,16177.857142857143,277958,healthy
ATM_017,2023-06-11,235802,256354,246444.875000000000,21050,0,0,297280.869047619047,16120.857142857143,256852,healthy
ATM_017,2023-06-12,221595,235481,228865.333333333333,14207,0,0,281160.500000000000,16133.571428571429,235802,healthy
ATM_017,2023-06-13,207512,221240,214614.041666666667,14083,0,0,265028.904761904762,16113.857142857143,221595,healthy
ATM_017,2023-06-14,193402,207176,200567.125000000000,14110,0,0,248918.446428571428,16114.000000000000,207512,healthy
ATM_017,2023-06-15,179177,193057,186424.125000000000,14225,0,0,232804.113095238095,16138.571428571429,193402,healthy
ATM_017,2023-06-16,165070,178865,172250.083333333333,14107,0,0,216673.880952380952,16126.857142857143,179177,healthy
ATM_017,2023-06-17,143562,164546,154491.708333333333,21508,0,0,200522.470238095238,16184.285714285714,165070,healthy
ATM_017,2023-06-18,122129,143095,132984.041666666667,21433,0,0,184313.779761904762,16239.000000000000,143562,healthy
ATM_017,2023-06-19,107969,121802,115134.666666666667,14160,0,0,168066.541666666667,16232.285714285714,122129,healthy
ATM_017,2023-06-20,93750,107631,100977.208333333333,14219,0,0,151832.708333333333,16251.714285714286,107969,low
ATM_017,2023-06-21,79565,93416,86742.125000000000,14185,0,0,135571.994047619048,16262.428571428571,93750,low
ATM_017,2023-06-22,65404,79258,72593.166666666667,14161,0,0,119310.428571428571,16253.285714285714,79565,low
ATM_017,2023-06-23,51243,65068,58412.625000000000,14161,0,0,103047.934523809524,16261.000000000000,65404,low
ATM_017,2023-06-24,50345,500000,453410.041666666667,21310,1,0,145750.553571428572,16232.714285714286,51243,low
ATM_017,2023-06-25,459062,479566,469717.083333333333,20986,0,0,193855.273809523810,16168.857142857143,50345,healthy
ATM_017,2023-06-26,433749,458512,446601.916666666667,25313,0,0,241207.738095238095,17762.142857142857,459062,healthy
ATM_017,2023-06-27,408314,433192,421257.833333333333,25435,0,0,286962.113095238095,19364.428571428571,433749,healthy
ATM_017,2023-06-28,382830,407744,395802.083333333333,25484,0,0,331113.535714285714,20978.571428571429,408314,healthy
ATM_017,2023-06-29,357601,382219,370391.000000000000,25229,0,0,373656.083333333333,22559.714285714286,382830,healthy
ATM_017,2023-06-30,332126,357012,345026.791666666667,25475,0,0,414600.964285714286,24176.000000000000,357601,healthy
ATM_017,2023-07-01,310937,331666,321736.291666666667,21189,0,0,395790.428571428571,24158.714285714286,332126,healthy
ATM_017,2023-07-02,289613,310418,300423.416666666667,21324,0,0,371605.619047619048,24207.000000000000,310937,healthy
ATM_017,2023-07-03,275421,289259,282598.916666666667,14192,0,0,348176.619047619048,22618.285714285714,289613,healthy
ATM_017,2023-07-04,261278,275104,268467.666666666667,14143,0,0,326349.452380952381,21005.142857142857,275421,healthy
ATM_017,2023-07-05,247115,260937,254287.708333333333,14163,0,0,306133.113095238095,19387.857142857143,261278,healthy
ATM_017,2023-07-06,233016,246810,240155.458333333333,14099,0,0,287528.035714285714,17797.857142857143,247115,healthy
ATM_017,2023-07-07,218901,232699,226079.125000000000,14115,0,0,270535.511904761905,16175.000000000000,233016,healthy
ATM_017,2023-07-08,197659,218436,208473.083333333333,21242,0,0,254355.053571428571,16182.571428571429,218901,healthy
ATM_017,2023-07-09,176297,197180,187104.708333333333,21362,0,0,238166.666666666667,16188.000000000000,197659,healthy
ATM_017,2023-07-10,162170,175992,169360.625000000000,14127,0,0,221989.767857142857,16178.714285714286,176297,healthy
ATM_017,2023-07-11,148028,161861,155260.583333333333,14142,0,0,205817.327380952381,16178.571428571429,162170,healthy
ATM_017,2023-07-12,133973,147731,141123.041666666667,14055,0,0,189650.946428571428,16163.142857142857,148028,healthy
ATM_017,2023-07-13,119754,133648,126994.500000000000,14219,0,0,173485.095238095238,16180.285714285714,133973,healthy
ATM_017,2023-07-14,105770,119436,112883.791666666667,13984,0,0,157314.333333333333,16161.571428571429,119754,healthy
ATM_017,2023-07-15,84336,105253,95165.333333333333,21434,0,0,141127.511904761905,16189.000000000000,105770,low
ATM_017,2023-07-16,63262,83870,73917.916666666667,21074,0,0,124957.970238095238,16147.857142857143,84336,low
ATM_017,2023-07-17,50152,500000,112566.375000000000,14080,1,0,116844.505952380952,16141.142857142857,63262,low
ATM_017,2023-07-18,485148,499028,492383.833333333333,14213,0,0,165004.970238095238,16151.285714285714,50152,healthy
ATM_017,2023-07-19,470849,484841,478143.500000000000,14299,0,0,213150.750000000000,16186.142857142857,485148,healthy
ATM_017,2023-07-20,456646,470556,463831.625000000000,14203,0,0,261270.339285714286,16183.857142857143,470849,healthy
ATM_017,2023-07-21,442367,456322,449630.708333333333,14279,0,0,309377.041666666667,16226.000000000000,456646,healthy
ATM_017,2023-07-22,420973,441876,431822.125000000000,21394,0,0,357470.869047619048,16220.285714285714,442367,healthy
ATM_017,2023-07-23,399629,420447,410436.750000000000,21344,0,0,405544.988095238095,16258.857142857143,420973,healthy
ATM_017,2023-07-24,385513,399296,392688.541666666667,14116,0,0,445562.440476190476,16264.000000000000,399629,healthy
ATM_017,2023-07-25,371330,385167,378510.583333333333,14183,0,0,429294.833333333333,16259.714285714286,385513,healthy
ATM_017,2023-07-26,346024,370767,358888.083333333333,25306,0,0,412258.345238095238,17832.142857142857,371330,healthy
ATM_017,2023-07-27,320518,345437,333479.625000000000,25506,0,0,393636.630952380952,19446.857142857143,346024,healthy
ATM_017,2023-07-28,295075,319959,307984.250000000000,25443,0,0,373401.422619047619,21041.714285714286,320518,healthy
ATM_017,2023-07-29,257046,294192,276363.500000000000,38029,0,0,351193.047619047619,23418.142857142857,295075,healthy
ATM_017,2023-07-30,218575,256191,238125.041666666667,38471,0,0,326577.089285714286,25864.857142857143,257046,healthy
ATM_017,2023-07-31,192876,218014,205904.000000000000,25699,0,0,299893.583333333333,27519.571428571429,218575,healthy
ATM_017,2023-08-01,178456,192551,185760.458333333333,14420,0,0,272357.851190476190,27553.428571428571,192876,healthy
ATM_017,2023-08-02,164374,178137,171547.708333333333,14082,0,0,245594.940476190476,25950.000000000000,178456,healthy
ATM_017,2023-08-03,150184,164042,157372.083333333333,14190,0,0,220436.720238095238,24333.428571428571,164374,healthy
ATM_017,2023-08-04,136012,149842,143250.166666666667,14172,0,0,196903.279761904762,22723.285714285714,150184,healthy
ATM_017,2023-08-05,114784,135505,125570.041666666667,21228,0,0,175361.357142857143,20323.142857142857,136012,healthy
ATM_017,2023-08-06,93502,114278,104320.458333333333,21282,0,0,156246.416666666667,17867.571428571429,114784,low
ATM_017,2023-08-07,79506,93196,86655.541666666667,13996,0,0,139210.922619047619,16195.714285714286,93502,low
ATM_017,2023-08-08,65382,79176,72566.708333333333,14124,0,0,123040.386904761905,16153.428571428571,79506,low
ATM_017,2023-08-09,51199,65055,58393.333333333333,14183,0,0,106875.476190476190,16167.857142857143,65382,low
ATM_017,2023-08-10,50227,500000,438105.750000000000,14041,1,0,146980.285714285714,16146.571428571429,51199,low
ATM_017,2023-08-11,472907,486918,480187.250000000000,14334,0,0,195114.154761904762,16169.714285714286,50227,healthy
ATM_017,2023-08-12,451793,472409,462469.791666666667,21114,0,0,243242.690476190476,16153.428571428571,472907,healthy
ATM_017,2023-08-13,430296,451292,441232.375000000000,21497,0,0,291372.964285714286,16184.142857142857,451793,healthy
ATM_017,2023-08-14,416291,429977,423384.625000000000,14005,0,0,339477.119047619048,16185.428571428571,430296,healthy
ATM_017,2023-08-15,402203,415956,409376.333333333333,14088,0,0,387592.779761904762,16180.285714285714,416291,healthy
ATM_017,2023-08-16,387855,401865,395122.333333333333,14348,0,0,435696.922619047619,16203.857142857143,402203,healthy
ATM_017,2023-08-17,373927,387533,381013.541666666667,13928,0,0,427540.892857142857,16187.714285714286,387855,healthy
ATM_017,2023-08-18,359745,373610,366981.458333333333,14182,0,0,411368.636904761905,16166.000000000000,373927,healthy
ATM_017,2023-08-19,338503,359274,349302.041666666667,21242,0,0,395201.815476190476,16184.285714285714,359745,healthy
ATM_017,2023-08-20,317172,338013,327927.208333333333,21331,0,0,379015.363095238095,16160.571428571429,338503,healthy
ATM_017,2023-08-21,302934,316830,310150.916666666667,14238,0,0,362839.119047619048,16193.857142857143,317172,healthy
ATM_017,2023-08-22,288673,302576,295909.916666666667,14261,0,0,346629.630952380952,16218.571428571429,302934,healthy
ATM_017,2023-08-23,274404,288366,281665.666666666667,14269,0,0,330421.535714285714,16207.285714285714,288673,healthy
ATM_017,2023-08-24,260252,274088,267463.250000000000,14152,0,0,314200.065476190476,16239.285714285714,274404,healthy
ATM_017,2023-08-25,246131,259953,253343.000000000000,14121,0,0,297966.000000000000,16230.571428571429,260252,healthy
ATM_017,2023-08-26,207727,245260,227209.041666666667,38404,0,0,280524.142857142857,18682.285714285714,246131,healthy
ATM_017,2023-08-27,169638,206866,188866.291666666667,38089,0,0,260658.297619047619,21076.285714285714,207727,healthy
ATM_017,2023-08-28,144184,169015,157075.916666666667,25454,0,0,238790.440476190476,22678.571428571429,169638,healthy
ATM_017,2023-08-29,118865,143609,131724.708333333333,25319,0,0,215335.410714285714,24258.285714285714,144184,healthy
ATM_017,2023-08-30,93481,118336,106389.083333333333,25384,0,0,190295.898809523810,25846.142857142857,118865,low
ATM_017,2023-08-31,68108,92871,80998.625000000000,25373,0,0,163658.095238095238,27449.142857142857,93481,low
ATM_017,2023-09-01,53963,67778,61102.458333333333,14145,0,0,136195.160714285714,27452.571428571429,68108,low
ATM_017,2023-09-02,50050,500000,343780.125000000000,21234,1,0,152848.172619047619,24999.714285714286,53963,low
ATM_017,2023-09-03,461987,482699,472741.625000000000,21176,0,0,193401.791666666667,22583.571428571429,50050,healthy
ATM_017,2023-09-04,447839,461649,454992.791666666667,14148,0,0,235961.345238095238,20968.428571428571,461987,healthy
ATM_017,2023-09-05,433528,447571,440766.833333333333,14311,0,0,280110.220238095238,19395.857142857143,447839,healthy
ATM_017,2023-09-06,419186,433216,426473.875000000000,14342,0,0,325836.619047619048,17818.428571428571,433528,healthy
ATM_017,2023-09-07,405061,418817,412224.500000000000,14125,0,0,373154.601190476190,16211.571428571429,419186,healthy
ATM_017,2023-09-08,390796,404754,398083.083333333333,14265,0,0,421294.690476190476,16228.714285714286,405061,healthy
ATM_017,2023-09-09,369284,390361,380202.375000000000,21512,0,0,426497.869047619048,16268.428571428571,390796,healthy
ATM_017,2023-09-10,348167,368791,358901.000000000000,21117,0,0,410234.922619047619,16260.000000000000,369284,healthy
ATM_017,2023-09-11,333772,347864,341073.833333333333,14395,0,0,393960.785714285714,16295.285714285714,348167,healthy
ATM_017,2023-09-12,319809,333466,326898.416666666667,13963,0,0,377693.869047619048,16245.571428571429,333772,healthy
ATM_017,2023-09-13,305673,319508,312830.541666666667,14136,0,0,361459.107142857143,16216.142857142857,319809,healthy
ATM_017,2023-09-14,291463,305302,298605.333333333333,14210,0,0,345227.797619047619,16228.285714285714,305673,healthy
ATM_017,2023-09-15,277282,291129,284481.750000000000,14181,0,0,328999.035714285714,16216.285714285714,291463,healthy
ATM_017,2023-09-16,256008,276787,266822.333333333333,21274,0,0,312801.886904761905,16182.285714285714,277282,healthy
ATM_017,2023-09-17,234741,255520,245526.833333333333,21267,0,0,296605.577380952381,16203.714285714286,256008,healthy
ATM_017,2023-09-18,220431,234400,227655.625000000000,14310,0,0,280402.976190476190,16191.571428571429,234741,healthy
ATM_017,2023-09-19,206235,220122,213491.333333333333,14196,0,0,264201.964285714286,16224.857142857143,220431,healthy
ATM_017,2023-09-20,192057,205919,199256.583333333333,14178,0,0,247977.113095238095,16230.857142857143,206235,healthy
ATM_017,2023-09-21,178012,191699,185130.541666666667,14045,0,0,231766.428571428571,16207.285714285714,192057,healthy
ATM_017,2023-09-22,163721,177652,170858.125000000000,14291,0,0,215534.482142857143,16223.000000000000,178012,healthy
ATM_017,2023-09-23,142269,163250,153188.666666666667,21452,0,0,199301.101190476190,16248.428571428571,163721,healthy
ATM_017,2023-09-24,121161,141806,131896.000000000000,21108,0,0,183068.125000000000,16225.714285714286,142269,healthy
ATM_017,2023-09-25,106878,120823,114147.666666666667,14283,0,0,166852.702380952381,16221.857142857143,121161,healthy
ATM_017,2023-09-26,81409,106252,94363.916666666667,25469,0,0,149834.500000000000,17832.285714285714,106878,low
ATM_017,2023-09-27,56129,80814,68931.208333333333,25280,0,0,131216.589285714286,19418.285714285714,81409,low
ATM_017,2023-09-28,50864,500000,325349.708333333333,25649,1,0,151247.898809523810,21076.000000000000,56129,low
ATM_017,2023-09-29,456246,480955,469048.500000000000,25251,0,0,193846.523809523810,22641.714285714286,50864,healthy
ATM_017,2023-09-30,418219,455410,437596.583333333333,38027,0,0,234476.226190476190,25009.571428571429,456246,healthy
ATM_017,2023-10-01,396961,417785,407777.208333333333,21258,0,0,273887.827380952381,25031.000000000000,418219,healthy
ATM_017,2023-10-02,382874,396630,390055.625000000000,14087,0,0,313303.250000000000,25003.000000000000,396961,healthy
ATM_017,2023-10-03,368911,382575,376001.500000000000,13963,0,0,353537.190476190476,23359.285714285714,382874,healthy
ATM_017,2023-10-04,354989,368604,362046.416666666667,13922,0,0,395410.791666666667,21736.714285714286,368911,healthy
ATM_017,2023-10-05,340785,354678,348003.666666666667,14204,0,0,398647.071428571429,20101.714285714286,354989,healthy
ATM_017,2023-10-06,326652,340463,333748.708333333333,14133,0,0,379318.529761904762,18513.428571428571,340785,healthy
ATM_017,2023-10-07,305428,326159,316170.875000000000,21224,0,0,361972.000000000000,16113.000000000000,326652,healthy
ATM_017,2023-10-08,284095,304968,294854.500000000000,21333,0,0,345840.184523809524,16123.714285714286,305428,healthy
ATM_017,2023-10-09,269947,283787,277132.250000000000,14148,0,0,329708.273809523810,16132.428571428571,284095,healthy
ATM_017,2023-10-10,255878,269664,263045.083333333333,14069,0,0,313571.642857142857,16147.571428571429,269947,healthy
ATM_017,2023-10-11,241807,255566,248982.125000000000,14071,0,0,297419.601190476190,16168.857142857143,255878,healthy
ATM_017,2023-10-12,227678,241491,234848.416666666667,14129,0,0,281254.565476190476,16158.142857142857,241807,healthy
ATM_017,2023-10-13,213587,227376,220740.041666666667,14091,0,0,265110.470238095238,16152.142857142857,227678,healthy
ATM_017,2023-10-14,192490,213118,203208.500000000000,21097,0,0,248972.988095238095,16134.000000000000,213587,healthy
ATM_017,2023-10-15,170966,191979,181872.375000000000,21524,0,0,232832.684523809524,16161.285714285714,192490,healthy
ATM_017,2023-10-16,156866,170665,163997.000000000000,14100,0,0,216670.505952380952,16154.428571428571,170966,healthy
ATM_017,2023-10-17,142688,156543,149906.000000000000,14178,0,0,200507.779761904762,16170.000000000000,156866,healthy
ATM_017,2023-10-18,128581,142353,135722.666666666667,14107,0,0,184327.857142857143,16175.142857142857,142688,healthy
ATM_017,2023-10-19,114478,128297,121647.208333333333,14103,0,0,168156.255952380952,16171.428571428571,128581,healthy
ATM_017,2023-10-20,100416,114137,107566.166666666667,14062,0,0,151988.559523809524,16167.285714285714,114478,healthy
ATM_017,2023-10-21,79044,99941,89921.958333333333,21372,0,0,135804.767857142857,16206.571428571429,100416,low
ATM_017,2023-10-22,57502,78556,68474.125000000000,21542,0,0,119605.017857142857,16209.142857142857,79044,low
ATM_017,2023-10-23,50443,500000,257037.250000000000,14131,1,0,132896.482142857143,16213.571428571429,57502,low
ATM_017,2023-10-24,479660,493600,486897.458333333333,14256,0,0,181038.119047619048,16224.714285714286,50443,healthy
ATM_017,2023-10-25,465507,479320,472681.541666666667,14153,0,0,229175.101190476190,16231.285714285714,479660,healthy
ATM_017,2023-10-26,439999,464912,452923.625000000000,25508,0,0,276500.303571428571,17860.571428571429,465507,healthy
ATM_017,2023-10-27,414494,439439,427518.666666666667,25505,0,0,322207.803571428571,19495.285714285714,439999,healthy
ATM_017,2023-10-28,376087,413619,395600.916666666667,38407,0,0,365876.226190476191,21928.857142857143,414494,healthy
ATM_017,2023-10-29,338110,375280,357427.708333333333,37977,0,0,407155.309523809524,24276.714285714286,376087,healthy
ATM_017,2023-10-30,312444,337554,325450.333333333333,25666,0,0,416928.607142857143,25924.571428571429,338110,healthy
ATM_017,2023-10-31,286929,311843,299819.083333333333,25515,0,0,390203.125000000000,27533.000000000000,312444,healthy
ATM_017,2023-11-01,272754,286597,280034.750000000000,14175,0,0,362682.154761904762,27536.142857142857,286929,healthy
ATM_017,2023-11-02,258647,272447,265803.125000000000,14107,0,0,335950.654761904762,25907.428571428571,272754,healthy
ATM_017,2023-11-03,244630,258296,251714.541666666667,14017,0,0,310835.779761904762,24266.285714285714,258647,healthy
ATM_017,2023-11-04,223448,244150,234129.083333333333,21182,0,0,287768.375000000000,21805.571428571429,244630,healthy
ATM_017,2023-11-05,202365,222927,212979.000000000000,21083,0,0,267132.845238095238,19392.142857142857,223448,healthy
ATM_017,2023-11-06,188289,202073,195459.416666666667,14076,0,0,248562.714285714286,17736.428571428571,202365,healthy
ATM_017,2023-11-07,173986,187963,181241.708333333333,14303,0,0,231623.089285714286,16134.714285714286,188289,healthy
ATM_017,2023-11-08,159854,173664,167026.708333333333,14132,0,0,215479.083333333333,16128.571428571429,173986,healthy
ATM_017,2023-11-09,145469,159511,152750.500000000000,14385,0,0,199328.708333333333,16168.285714285714,159854,healthy
ATM_017,2023-11-10,131123,145119,138447.875000000000,14346,0,0,183147.755952380952,16215.285714285714,145469,healthy
ATM_017,2023-11-11,109776,130659,120652.708333333333,21347,0,0,166936.845238095238,16238.857142857143,131123,healthy
ATM_017,2023-11-12,88408,109304,99331.541666666667,21368,0,0,150701.494047619048,16279.571428571429,109776,low
ATM_017,2023-11-13,74313,88109,81448.750000000000,14095,0,0,134414.255952380952,16282.285714285714,88408,low
ATM_017,2023-11-14,59917,73992,67231.916666666667,14396,0,0,118127.142857142857,16295.571428571429,74313,low
ATM_017,2023-11-15,50852,500000,221825.708333333333,14015,1,0,125955.571428571429,16278.857142857143,59917,low
ATM_017,2023-11-16,481903,495773,489078.416666666667,14167,0,0,174002.416666666667,16247.714285714286,50852,healthy
ATM_017,2023-11-17,467793,481586,474973.375000000000,14110,0,0,222077.488095238095,16214.000000000000,481903,healthy
ATM_017,2023-11-18,446859,467286,457473.166666666667,20934,0,0,270194.696428571429,16155.000000000000,467793,healthy
ATM_017,2023-11-19,425430,446359,436263.750000000000,21429,0,0,318327.869047619048,16163.714285714286,446859,healthy
ATM_017,2023-11-20,411274,425114,418491.333333333333,14156,0,0,366476.809523809524,16172.428571428571,425430,healthy
ATM_017,2023-11-21,397091,410965,404296.708333333333,14183,0,0,414628.922619047619,16142.000000000000,411274,healthy
ATM_017,2023-11-22,382894,396756,390084.125000000000,14197,0,0,438665.839285714286,16168.000000000000,397091,healthy
ATM_017,2023-11-23,368667,382539,375940.791666666667,14227,0,0,422503.321428571429,16176.571428571429,382894,healthy
ATM_017,2023-11-24,354424,368344,361632.375000000000,14243,0,0,406311.750000000000,16195.571428571429,368667,healthy
ATM_017,2023-11-25,333373,353959,344082.208333333333,21051,0,0,390113.041666666667,16212.285714285714,354424,healthy
ATM_017,2023-11-26,295364,332529,314639.625000000000,38009,0,0,372738.166666666667,18580.857142857143,333373,healthy
ATM_017,2023-11-27,270009,294789,282840.416666666667,25355,0,0,353359.464285714286,20180.714285714286,295364,healthy
ATM_017,2023-11-28,244440,269435,257380.083333333333,25569,0,0,332371.375000000000,21807.285714285714,270009,healthy
ATM_017,2023-11-29,219015,243889,231932.458333333333,25425,0,0,309778.279761904762,23411.285714285714,244440,healthy
ATM_017,2023-11-30,193758,218415,206536.125000000000,25257,0,0,285577.613095238095,24987.000000000000,219015,healthy
ATM_017,2023-12-01,179509,193465,186756.625000000000,14249,0,0,260595.363095238095,24987.857142857143,193758,healthy
ATM_017,2023-12-02,158180,179046,169052.083333333333,21329,0,0,235591.059523809524,25027.571428571429,179509,healthy
ATM_017,2023-12-03,137033,157731,147716.125000000000,21147,0,0,211744.845238095238,22618.714285714286,158180,healthy
ATM_017,2023-12-04,122943,136733,130080.083333333333,14090,0,0,189921.940476190476,21009.428571428571,137033,healthy
ATM_017,2023-12-05,108829,122643,116008.875000000000,14114,0,0,169726.053571428571,19373.000000000000,122943,healthy
ATM_017,2023-12-06,94663,108490,101910.750000000000,14166,0,0,151151.523809523809,17764.571428571429,108829,low
ATM_017,2023-12-07,80417,94334,87653.833333333333,14246,0,0,134168.339285714286,16191.571428571429,94663,low
ATM_017,2023-12-08,66057,80095,73393.041666666667,14360,0,0,117973.541666666667,16207.428571428571,80417,low
ATM_017,2023-12-09,50689,500000,205795.458333333333,21257,1,0,123222.595238095238,16197.142857142857,66057,low
ATM_017,2023-12-10,474167,495176,485114.250000000000,21476,0,0,171422.327380952381,16244.142857142857,50689,healthy
ATM_017,2023-12-11,460107,473837,467204.416666666667,14060,0,0,219582.946428571429,16239.857142857143,474167,healthy
ATM_017,2023-12-12,445815,459775,453085.125000000000,14292,0,0,267736.696428571429,16265.285714285714,460107,healthy
ATM_017,2023-12-13,431782,445523,438932.208333333333,14033,0,0,315882.619047619048,16246.285714285714,445815,healthy
ATM_017,2023-12-14,417575,431478,424784.708333333333,14207,0,0,364044.172619047619,16240.714285714286,431782,healthy
ATM_017,2023-12-15,403383,417266,410598.333333333333,14192,0,0,412216.357142857143,16216.714285714286,417575,healthy
ATM_017,2023-12-16,382090,402876,392885.166666666667,21293,0,0,438943.458333333333,16221.857142857143,403383,healthy
ATM_017,2023-12-17,360637,381622,371528.791666666667,21453,0,0,422716.964285714286,16218.571428571429,382090,healthy
ATM_017,2023-12-18,346506,360313,353665.750000000000,14131,0,0,406497.154761904762,16228.714285714286,360637,healthy
ATM_017,2023-12-19,332650,346175,339665.708333333333,13856,0,0,390294.380952380952,16166.428571428571,346506,healthy
ATM_017,2023-12-20,318527,332314,325680.250000000000,14123,0,0,374115.529761904762,16179.285714285714,332650,healthy
ATM_017,2023-12-21,304475,318235,311647.500000000000,14052,0,0,357953.071428571429,16157.142857142857,318527,healthy
ATM_017,2023-12-22,290271,304154,297513.333333333333,14204,0,0,341798.071428571429,16158.857142857143,304475,healthy
ATM_017,2023-12-23,269079,289778,279749.333333333333,21192,0,0,325635.809523809524,16144.428571428571,290271,healthy
ATM_017,2023-12-24,247752,268567,258562.791666666667,21327,0,0,309497.809523809524,16126.428571428571,269079,healthy
ATM_017,2023-12-25,233667,247437,240790.958333333333,14085,0,0,293372.839285714286,16119.857142857143,247752,healthy
ATM_017,2023-12-26,208014,233083,220984.625000000000,25653,0,0,276418.398809523809,17805.142857142857,233667,healthy
ATM_017,2023-12-27,182571,207454,195552.958333333333,25443,0,0,257828.785714285714,19422.285714285714,208014,healthy
ATM_017,2023-12-28,157014,181960,169986.750000000000,25557,0,0,237591.535714285714,21065.857142857143,182571,healthy
ATM_017,2023-12-29,131405,156409,144411.583333333333,25609,0,0,215719.857142857143,22695.142857142857,157014,healthy
ATM_017,2023-12-30,93356,130615,112792.541666666667,38049,0,0,191868.886904761905,25103.285714285714,131405,low
ATM_017,2023-12-31,92432,92432,92432.000000000000,924,0,0,168135.916666666667,22188.571428571429,93356,low
ATM_018,2023-01-01,478700,499572,489545.375000000000,21300,0,0,489545.375000000000,21300.000000000000,,healthy
ATM_018,2023-01-02,464658,478379,471814.833333333333,14042,0,0,480680.104166666667,17671.000000000000,478700,healthy
ATM_018,2023-01-03,450595,464361,457756.458333333333,14063,0,0,473038.888888888889,16468.333333333333,464658,healthy
ATM_018,2023-01-04,436410,450270,443642.666666666667,14185,0,0,465689.833333333333,15897.500000000000,450595,healthy
ATM_018,2023-01-05,422026,436104,429361.791666666667,14384,0,0,458424.225000000000,15594.800000000000,436410,healthy
ATM_018,2023-01-06,408048,421722,415123.333333333333,13978,0,0,451207.409722222222,15325.333333333333,422026,healthy
ATM_018,2023-01-07,386729,407564,397547.666666666667,21319,0,0,443541.732142857143,16181.571428571429,408048,healthy
ATM_018,2023-01-08,365520,386225,376250.916666666667,21209,0,0,427356.809523809524,16168.571428571429,386729,healthy
ATM_018,2023-01-09,351547,365228,358655.791666666667,13973,0,0,411191.232142857143,16158.714285714286,365520,healthy
ATM_018,2023-01-10,337276,351207,344498.000000000000,14271,0,0,395011.452380952381,16188.428571428571,351547,healthy
ATM_018,2023-01-11,322997,336979,330229.666666666667,14279,0,0,378809.595238095238,16201.857142857143,337276,healthy
ATM_018,2023-01-12,308914,322703,316103.750000000000,14083,0,0,362629.875000000000,16158.857142857143,322997,healthy
ATM_018,2023-01-13,294909,308595,302032.416666666667,14005,0,0,346474.029761904762,16162.714285714286,308914,healthy
ATM_018,2023-01-14,273663,294414,284447.583333333333,21246,0,0,330316.875000000000,16152.285714285714,294909,healthy
ATM_018,2023-01-15,252223,273159,263119.916666666667,21440,0,0,314155.303571428572,16185.285714285714,273663,healthy
ATM_018,2023-01-16,238143,251923,245324.583333333333,14080,0,0,297965.130952380952,16200.571428571429,252223,healthy
ATM_018,2023-01-17,223820,237823,231084.625000000000,14323,0,0,281763.220238095238,16208.000000000000,238143,healthy
ATM_018,2023-01-18,209750,223519,216869.708333333333,14070,0,0,265568.940476190476,16178.142857142857,223820,healthy
ATM_018,2023-01-19,195364,209419,202674.625000000000,14386,0,0,249364.779761904762,16221.428571428571,209750,healthy
ATM_018,2023-01-20,181164,195041,188356.333333333333,14200,0,0,233125.339285714286,16249.285714285714,195364,healthy
ATM_018,2023-01-21,159880,180704,170629.291666666667,21284,0,0,216865.583333333333,16254.714285714286,181164,healthy
ATM_018,2023-01-22,138492,159414,149320.833333333333,21388,0,0,200608.571428571428,16247.285714285714,159880,healthy
ATM_018,2023-01-23,124551,138192,131684.333333333333,13941,0,0,184374.250000000000,16227.428571428571,138492,healthy
ATM_018,2023-01-24,110317,124211,117523.083333333333,14234,0,0,168151.172619047619,16214.714285714286,124551,healthy
ATM_018,2023-01-25,96120,110000,103361.583333333333,14197,0,0,151935.726190476190,16232.857142857143,110317,low
ATM_018,2023-01-26,70537,95562,83570.333333333333,25583,0,0,134920.827380952381,17832.428571428571,96120,low
ATM_018,2023-01-27,50462,500000,189719.833333333333,25476,1,0,135115.613095238095,19443.285714285714,70537,low
ATM_018,2023-01-28,458000,495645,477581.916666666667,38482,0,0,178965.988095238095,21900.142857142857,50462,healthy
ATM_018,2023-01-29,420147,457172,439372.500000000000,37853,0,0,220401.940476190476,24252.285714285714,458000,healthy
ATM_018,2023-01-30,394707,419596,407569.250000000000,25440,0,0,259814.071428571428,25895.000000000000,420147,healthy
ATM_018,2023-01-31,369160,394087,382193.208333333333,25547,0,0,297624.089285714286,27511.142857142857,394707,healthy
ATM_018,2023-02-01,355107,368848,362251.291666666667,14053,0,0,334608.333333333333,27490.571428571429,369160,healthy
ATM_018,2023-02-02,341067,354794,348209.416666666667,14040,0,0,372413.916666666667,25841.571428571429,355107,healthy
ATM_018,2023-02-03,326949,340735,334083.416666666667,14118,0,0,393037.285714285714,24219.000000000000,341067,healthy
ATM_018,2023-02-04,305646,326442,316420.625000000000,21303,0,0,370014.244047619048,21764.857142857143,326949,healthy
ATM_018,2023-02-05,284479,305162,295207.875000000000,21167,0,0,349419.297619047619,19381.142857142857,305646,healthy
ATM_018,2023-02-06,270417,284167,277544.041666666667,14062,0,0,330844.267857142857,17755.714285714286,284479,healthy
ATM_018,2023-02-07,256206,270119,263402.958333333333,14211,0,0,313874.232142857143,16136.285714285714,270417,healthy
ATM_018,2023-02-08,241843,255896,249108.750000000000,14363,0,0,297711.011904761905,16180.571428571429,256206,healthy
ATM_018,2023-02-09,227726,241530,234890.583333333333,14117,0,0,281522.607142857143,16191.571428571429,241843,healthy
ATM_018,2023-02-10,213377,227384,220655.833333333333,14349,0,0,265318.666666666667,16224.571428571429,227726,healthy
ATM_018,2023-02-11,192360,212890,203071.083333333333,21017,0,0,249125.875000000000,16183.714285714286,213377,healthy
ATM_018,2023-02-12,171435,191893,182066.041666666667,20925,0,0,232962.755952380952,16149.142857142857,192360,healthy
ATM_018,2023-02-13,157192,171098,164393.291666666667,14243,0,0,216798.363095238095,16175.000000000000,171435,healthy
ATM_018,2023-02-14,143275,156891,150352.625000000000,13917,0,0,200648.315476190476,16133.000000000000,157192,healthy
ATM_018,2023-02-15,129070,142991,136280.083333333333,14205,0,0,184529.934523809524,16110.428571428571,143275,healthy
ATM_018,2023-02-16,114853,128768,122077.083333333333,14217,0,0,168413.720238095238,16124.714285714286,129070,healthy
ATM_018,2023-02-17,100510,114541,107800.333333333333,14343,0,0,152291.505952380952,16123.857142857143,114853,healthy
ATM_018,2023-02-18,79504,100045,90151.791666666667,21006,0,0,136160.178571428571,16122.285714285714,100510,low
ATM_018,2023-02-19,58027,79075,68943.083333333333,21477,0,0,119999.755952380952,16201.142857142857,79504,low
ATM_018,2023-02-20,50808,500000,257316.250000000000,14216,1,0,133274.464285714286,16197.285714285714,58027,low
ATM_018,2023-02-21,479841,493687,487031.958333333333,14166,0,0,181371.511904761905,16232.857142857143,50808,healthy
ATM_018,2023-02-22,465846,479559,472975.375000000000,13995,0,0,229470.839285714286,16202.857142857143,479841,healthy
ATM_018,2023-02-23,451571,465509,458832.791666666667,14275,0,0,277578.797619047619,16211.142857142857,465846,healthy
ATM_018,2023-02-24,437366,451269,444588.000000000000,14205,0,0,325691.321428571429,16191.428571428571,451571,healthy
ATM_018,2023-02-25,416047,436927,426872.458333333333,21319,0,0,373794.273809523809,16236.142857142857,437366,healthy
ATM_018,2023-02-26,377219,415191,396935.416666666667,38828,0,0,420650.321428571429,18714.857142857143,416047,healthy
ATM_018,2023-02-27,351520,376638,364541.250000000000,25699,0,0,435968.178571428571,20355.285714285714,377219,healthy
ATM_018,2023-02-28,325910,350936,338927.666666666667,25610,0,0,414810.422619047619,21990.142857142857,351520,healthy
ATM_018,2023-03-01,311799,325589,318939.375000000000,14111,0,0,392805.279761904762,22006.714285714286,325910,healthy
ATM_018,2023-03-02,297616,311473,304819.416666666667,14183,0,0,370803.369047619048,21993.571428571429,311799,healthy
ATM_018,2023-03-03,283478,297291,290664.375000000000,14138,0,0,348814.279761904762,21984.000000000000,297616,healthy
ATM_018,2023-03-04,262488,283010,273171.000000000000,20990,0,0,326856.928571428572,21937.000000000000,283478,healthy
ATM_018,2023-03-05,241311,262022,252090.166666666667,21177,0,0,306164.750000000000,19415.428571428571,262488,healthy
ATM_018,2023-03-06,227160,240980,234326.125000000000,14151,0,0,287562.589285714286,17765.714285714286,241311,healthy
ATM_018,2023-03-07,212925,226832,220133.291666666667,14235,0,0,270591.964285714286,16140.714285714286,227160,healthy
ATM_018,2023-03-08,198683,212613,205924.916666666667,14242,0,0,254447.041666666667,16159.428571428571,212925,healthy
ATM_018,2023-03-09,184677,198390,191789.166666666667,14006,0,0,238299.863095238095,16134.142857142857,198683,healthy
ATM_018,2023-03-10,170571,184354,177703.166666666667,14106,0,0,222162.547619047619,16129.571428571429,184677,healthy
ATM_018,2023-03-11,149384,170052,160190.291666666667,21187,0,0,206022.446428571429,16157.714285714286,170571,healthy
ATM_018,2023-03-12,127974,148929,138838.708333333333,21410,0,0,189843.666666666667,16191.000000000000,149384,healthy
ATM_018,2023-03-13,113915,127678,121099.458333333333,14059,0,0,173668.428571428572,16177.857142857143,127974,healthy
ATM_018,2023-03-14,99799,113566,106956.250000000000,14116,0,0,157500.279761904762,16160.857142857143,113915,low
ATM_018,2023-03-15,85882,99485,92909.541666666667,13917,0,0,141355.226190476191,16114.428571428571,99799,low
ATM_018,2023-03-16,71669,85546,78851.666666666667,14213,0,0,125221.297619047619,16144.000000000000,85882,low
ATM_018,2023-03-17,57561,71352,64682.458333333333,14108,0,0,109075.482142857143,16144.285714285714,71669,low
ATM_018,2023-03-18,50141,500000,291634.541666666667,21214,1,0,127853.232142857143,16148.142857142857,57561,low
ATM_018,2023-03-19,466704,487340,477382.000000000000,21090,0,0,176216.559523809524,16102.428571428571,50141,healthy
ATM_018,2023-03-20,452547,466370,459736.708333333333,14157,0,0,224593.309523809524,16116.428571428571,466704,healthy
ATM_018,2023-03-21,438382,452232,445577.875000000000,14165,0,0,272967.827380952381,16123.428571428571,452547,healthy
ATM_018,2023-03-22,424280,438078,431476.583333333333,14102,0,0,321334.547619047619,16149.857142857143,438382,healthy
ATM_018,2023-03-23,410238,423948,417328.333333333333,14042,0,0,369688.357142857143,16125.428571428571,424280,healthy
ATM_018,2023-03-24,396015,409890,403212.250000000000,14223,0,0,418049.755952380952,16141.857142857143,410238,healthy
ATM_018,2023-03-25,374732,395529,385597.416666666667,21283,0,0,431473.023809523809,16151.714285714286,396015,healthy
ATM_018,2023-03-26,336409,373814,355789.250000000000,38323,0,0,414102.630952380952,18613.571428571429,374732,healthy
ATM_018,2023-03-27,310795,335816,323852.583333333333,25614,0,0,394690.613095238095,20250.285714285714,336409,healthy
ATM_018,2023-03-28,285466,310255,298386.958333333333,25329,0,0,373663.339285714286,21845.142857142857,310795,healthy
ATM_018,2023-03-29,260058,284891,273052.625000000000,25408,0,0,351031.345238095238,23460.285714285714,285466,healthy
ATM_018,2023-03-30,234560,259466,247488.875000000000,25498,0,0,326768.565476190476,25096.857142857143,260058,healthy
ATM_018,2023-03-31,208818,233977,221884.625000000000,25742,0,0,300864.619047619048,26742.428571428571,234560,healthy
ATM_018,2023-04-01,187496,208367,198369.416666666667,21322,0,0,274117.761904761905,26748.000000000000,208818,healthy
ATM_018,2023-04-02,166308,186993,177062.333333333333,21188,0,0,248585.345238095238,24300.142857142857,187496,healthy
ATM_018,2023-04-03,152044,165993,159291.916666666667,14264,0,0,225076.678571428571,22678.714285714286,166308,healthy
ATM_018,2023-04-04,137969,151727,145120.166666666667,14075,0,0,203181.422619047619,21071.000000000000,152044,healthy
ATM_018,2023-04-05,123636,137628,130891.791666666667,14333,0,0,182872.732142857143,19488.857142857143,137969,healthy
ATM_018,2023-04-06,109104,123317,116493.208333333333,14532,0,0,164159.065476190476,17922.285714285714,123636,healthy
ATM_018,2023-04-07,95002,108787,102128.500000000000,14102,0,0,147051.047619047619,16259.428571428571,109104,low
ATM_018,2023-04-08,73811,94488,84533.000000000000,21191,0,0,130788.702380952381,16240.714285714286,95002,low
ATM_018,2023-04-09,52435,73345,63290.083333333333,21376,0,0,114535.523809523810,16267.571428571429,73811,low
ATM_018,2023-04-10,50205,500000,364277.416666666667,14193,1,0,143819.166666666667,16257.428571428571,52435,low
ATM_018,2023-04-11,474448,488058,481489.291666666667,13929,0,0,191871.898809523810,16236.571428571429,50205,healthy
ATM_018,2023-04-12,460151,474150,467386.000000000000,14297,0,0,239942.500000000000,16231.428571428571,474448,healthy
ATM_018,2023-04-13,445960,459815,453147.333333333333,14191,0,0,288035.946428571429,16182.714285714286,460151,healthy
ATM_018,2023-04-14,431643,445654,438933.375000000000,14317,0,0,336150.928571428571,16213.428571428571,445960,healthy
ATM_018,2023-04-15,410341,431177,421190.416666666667,21302,0,0,384244.845238095238,16229.285714285714,431643,healthy
ATM_018,2023-04-16,389182,409830,399911.708333333333,21159,0,0,432333.648809523810,16198.285714285714,410341,healthy
ATM_018,2023-04-17,375018,388842,382158.125000000000,14164,0,0,434888.035714285714,16194.142857142857,389182,healthy
ATM_018,2023-04-18,361019,374684,368140.250000000000,13999,0,0,418695.315476190476,16204.142857142857,375018,healthy
ATM_018,2023-04-19,346668,360730,353961.208333333333,14351,0,0,402491.773809523809,16211.857142857143,361019,healthy
ATM_018,2023-04-20,332610,346319,339715.041666666667,14058,0,0,386287.160714285714,16192.857142857143,346668,healthy
ATM_018,2023-04-21,318325,332267,325555.041666666667,14285,0,0,370090.255952380952,16188.285714285714,332610,healthy
ATM_018,2023-04-22,296868,317796,307773.500000000000,21457,0,0,353887.839285714286,16210.428571428571,318325,healthy
ATM_018,2023-04-23,275785,296412,286497.041666666667,21083,0,0,337685.744047619048,16199.571428571429,296868,healthy
ATM_018,2023-04-24,261768,275474,268882.041666666667,14017,0,0,321503.446428571429,16178.571428571429,275785,healthy
ATM_018,2023-04-25,247922,261458,254965.208333333333,13846,0,0,305335.583333333333,16156.714285714286,261768,healthy
ATM_018,2023-04-26,222481,247333,235342.125000000000,25441,0,0,288390.000000000000,17741.000000000000,247922,healthy
ATM_018,2023-04-27,196883,221899,209953.666666666667,25598,0,0,269852.660714285714,19389.571428571429,222481,healthy
ATM_018,2023-04-28,171397,196314,184385.208333333333,25486,0,0,249685.541666666667,20989.714285714286,196883,healthy
ATM_018,2023-04-29,133148,170533,152646.500000000000,38249,0,0,227524.541666666667,23388.571428571429,171397,healthy
ATM_018,2023-04-30,94799,132269,114325.000000000000,38349,0,0,202928.535714285714,25855.142857142857,133148,low
ATM_018,2023-05-01,80679,94462,87792.333333333333,14120,0,0,177058.577380952381,25869.857142857143,94799,low
ATM_018,2023-05-02,66520,80363,73736.041666666667,14159,0,0,151168.696428571429,25914.571428571429,80679,low
ATM_018,2023-05-03,52134,66183,59455.166666666667,14386,0,0,126041.988095238095,24335.285714285714,66520,low
ATM_018,2023-05-04,50171,500000,382777.583333333333,14107,1,0,150731.119047619048,22693.714285714286,52134,low
ATM_018,2023-05-05,474164,487862,481279.875000000000,14013,0,0,193144.642857142857,21054.714285714286,50171,healthy
ATM_018,2023-05-06,452913,473648,463659.416666666667,21251,0,0,237575.059523809524,18626.428571428571,474164,healthy
ATM_018,2023-05-07,431732,452444,442507.583333333333,21181,0,0,284458.285714285714,16173.857142857143,452913,healthy
ATM_018,2023-05-08,417456,431441,424702.125000000000,14276,0,0,332588.255952380952,16196.142857142857,431732,healthy
ATM_018,2023-05-09,403314,417127,410516.583333333333,14142,0,0,380699.761904761905,16193.714285714286,417456,healthy
ATM_018,2023-05-10,389195,403028,396364.291666666667,14119,0,0,428829.636904761905,16155.571428571429,403314,healthy
ATM_018,2023-05-11,374923,388888,382162.458333333333,14272,0,0,428741.761904761905,16179.142857142857,389195,healthy
ATM_018,2023-05-12,360735,374593,367909.166666666667,14188,0,0,412545.946428571429,16204.142857142857,374923,healthy
ATM_018,2023-05-13,339387,360254,350197.583333333333,21348,0,0,396337.113095238095,16218.000000000000,360735,healthy
ATM_018,2023-05-14,318368,338886,329004.166666666667,21019,0,0,380122.339285714286,16194.857142857143,339387,healthy
ATM_018,2023-05-15,304265,318062,311408.083333333333,14103,0,0,363937.476190476190,16170.142857142857,318368,healthy
ATM_018,2023-05-16,289961,303935,297252.291666666667,14304,0,0,347756.863095238095,16193.285714285714,304265,healthy
ATM_018,2023-05-17,275630,289621,282865.416666666667,14331,0,0,331542.738095238095,16223.571428571429,289961,healthy
ATM_018,2023-05-18,261461,275307,268666.791666666667,14169,0,0,315329.071428571429,16208.857142857143,275630,healthy
ATM_018,2023-05-19,247347,261115,254507.166666666667,14114,0,0,299128.785714285714,16198.285714285714,261461,healthy
ATM_018,2023-05-20,226050,246841,236856.625000000000,21297,0,0,282937.220238095238,16191.000000000000,247347,healthy
ATM_018,2023-05-21,204772,225537,215603.208333333333,21278,0,0,266737.083333333333,16228.000000000000,226050,healthy
ATM_018,2023-05-22,190477,204452,197727.875000000000,14295,0,0,250497.053571428572,16255.428571428571,204772,healthy
ATM_018,2023-05-23,176302,190147,183487.083333333333,14175,0,0,234244.880952380952,16237.000000000000,190477,healthy
ATM_018,2023-05-24,161996,176001,169304.625000000000,14306,0,0,218021.910714285714,16233.428571428571,176302,healthy
ATM_018,2023-05-25,147751,161689,155047.500000000000,14245,0,0,201790.583333333333,16244.285714285714,161996,healthy
ATM_018,2023-05-26,121962,147126,135042.291666666667,25789,0,0,184724.172619047619,17912.142857142857,147751,healthy
ATM_018,2023-05-27,83740,121097,103164.416666666667,38222,0,0,165625.285714285714,20330.000000000000,121962,low
ATM_018,2023-05-28,50570,500000,177466.916666666667,38338,1,0,160177.244047619048,22767.142857142857,83740,low
ATM_018,2023-05-29,470539,495162,483420.208333333333,25184,0,0,200990.434523809524,24322.714285714286,50570,healthy
ATM_018,2023-05-30,444835,469955,457948.000000000000,25704,0,0,240199.136904761905,25969.714285714286,470539,healthy
ATM_018,2023-05-31,419525,444314,432347.416666666667,25310,0,0,277776.678571428572,27541.714285714286,444835,healthy
ATM_018,2023-06-01,405385,419230,412579.500000000000,14140,0,0,314566.964285714286,27526.714285714286,419525,healthy
ATM_018,2023-06-02,390965,405064,398268.791666666667,14420,0,0,352170.750000000000,25902.571428571429,405385,healthy
ATM_018,2023-06-03,369734,390506,380555.791666666667,21231,0,0,391798.089285714286,23475.285714285714,390965,healthy
ATM_018,2023-06-04,348461,369260,359268.625000000000,21273,0,0,417769.761904761905,21037.428571428571,369734,healthy
ATM_018,2023-06-05,334194,348141,341437.125000000000,14267,0,0,397486.464285714286,19477.857142857143,348461,healthy
ATM_018,2023-06-06,319986,333844,327228.833333333333,14208,0,0,378812.297619047619,17835.571428571429,334194,healthy
ATM_018,2023-06-07,306040,319684,313107.291666666667,13946,0,0,361777.994047619048,16212.142857142857,319986,healthy
ATM_018,2023-06-08,291671,305708,298963.208333333333,14369,0,0,345547.095238095238,16244.857142857143,306040,healthy
ATM_018,2023-06-09,277463,291369,284724.750000000000,14208,0,0,329326.517857142857,16214.571428571429,291671,healthy
ATM_018,2023-06-10,256296,277001,267056.500000000000,21167,0,0,313112.333333333333,16205.428571428571,277463,healthy
ATM_018,2023-06-11,235125,255829,245878.250000000000,21171,0,0,296913.708333333333,16190.857142857143,256296,healthy
ATM_018,2023-06-12,221057,234824,228210.416666666667,14068,0,0,280738.464285714286,16162.428571428571,235125,healthy
ATM_018,2023-06-13,206907,220726,214102.375000000000,14150,0,0,264577.541666666667,16154.142857142857,221057,healthy
ATM_018,2023-06-14,192951,206609,200043.125000000000,13956,0,0,248425.517857142857,16155.571428571429,206907,healthy
ATM_018,2023-06-15,178962,192627,186047.375000000000,13989,0,0,232294.684523809524,16101.285714285714,192951,healthy
ATM_018,2023-06-16,165037,178700,172106.541666666667,13925,0,0,216206.369047619048,16060.857142857143,178962,healthy
ATM_018,2023-06-17,144009,164562,154732.958333333333,21028,0,0,200160.148809523810,16041.000000000000,165037,healthy
ATM_018,2023-06-18,122764,143490,133526.000000000000,21245,0,0,184109.827380952381,16051.571428571429,144009,healthy
ATM_018,2023-06-19,108596,122440,115786.708333333333,14168,0,0,168049.297619047619,16065.857142857143,122764,healthy
ATM_018,2023-06-20,94564,108284,101710.458333333333,14032,0,0,151993.309523809524,16049.000000000000,108596,low
ATM_018,2023-06-21,80345,94259,87541.916666666667,14219,0,0,135921.708333333333,16086.571428571429,94564,low
ATM_018,2023-06-22,66321,80037,73423.791666666667,14024,0,0,119832.625000000000,16091.571428571429,80345,low
ATM_018,2023-06-23,52247,66029,59383.916666666667,14074,0,0,103729.392857142857,16112.857142857143,66321,low
ATM_018,2023-06-24,50421,500000,416845.083333333333,21279,1,0,141173.982142857143,16148.714285714286,52247,low
ATM_018,2023-06-25,459750,480567,470529.791666666667,21273,0,0,189317.380952380952,16152.714285714286,50421,healthy
ATM_018,2023-06-26,434484,459188,447256.833333333333,25266,0,0,236670.255952380952,17738.142857142857,459750,healthy
ATM_018,2023-06-27,409037,433902,421971.291666666667,25447,0,0,282421.803571428572,19368.857142857143,434484,healthy
ATM_018,2023-06-28,383426,408464,396415.958333333333,25611,0,0,326546.666666666667,20996.285714285714,409037,healthy
ATM_018,2023-06-29,357997,382860,370906.208333333333,25429,0,0,369044.154761904762,22625.571428571429,383426,healthy
ATM_018,2023-06-30,332509,357413,345484.333333333333,25488,0,0,409915.642857142857,24256.142857142857,357997,healthy
ATM_018,2023-07-01,311315,332039,322085.541666666667,21194,0,0,396378.565476190476,24244.000000000000,332509,healthy
ATM_018,2023-07-02,290317,310834,300930.791666666667,20998,0,0,372150.136904761905,24204.714285714286,311315,healthy
ATM_018,2023-07-03,276024,290004,283337.625000000000,14293,0,0,348733.107142857143,22637.142857142857,290317,healthy
ATM_018,2023-07-04,261801,275676,268986.041666666667,14223,0,0,326878.071428571429,21033.714285714286,276024,healthy
ATM_018,2023-07-05,247472,261459,254722.541666666667,14329,0,0,306636.154761904762,19422.000000000000,261801,healthy
ATM_018,2023-07-06,233342,247125,240468.791666666667,14130,0,0,288002.238095238095,17807.857142857143,247472,healthy
ATM_018,2023-07-07,219210,233051,226396.791666666667,14132,0,0,270989.732142857143,16185.571428571429,233342,healthy
ATM_018,2023-07-08,198181,218748,208871.625000000000,21029,0,0,254816.315476190476,16162.000000000000,219210,healthy
ATM_018,2023-07-09,177013,197705,187721.625000000000,21168,0,0,238643.577380952381,16186.285714285714,198181,healthy
ATM_018,2023-07-10,162812,176674,170036.250000000000,14201,0,0,222457.666666666667,16173.142857142857,177013,healthy
ATM_018,2023-07-11,148563,162497,155800.166666666667,14249,0,0,206288.255952380953,16176.857142857143,162812,healthy
ATM_018,2023-07-12,134621,148251,141700.166666666667,13942,0,0,190142.202380952381,16121.571428571429,148563,healthy
ATM_018,2023-07-13,120341,134267,127546.666666666667,14280,0,0,174010.470238095238,16143.000000000000,134621,healthy
ATM_018,2023-07-14,106082,120027,113316.000000000000,14259,0,0,157856.071428571429,16161.142857142857,120341,healthy
ATM_018,2023-07-15,84542,105598,95521.000000000000,21540,0,0,141663.125000000000,16234.142857142857,106082,low
ATM_018,2023-07-16,63333,84089,74098.875000000000,21209,0,0,125431.303571428572,16240.000000000000,84542,low
ATM_018,2023-07-17,50307,500000,131264.833333333333,14270,1,0,119892.529761904762,16249.857142857143,63333,low
ATM_018,2023-07-18,484811,498738,492037.000000000000,14256,0,0,167926.363095238095,16250.857142857143,50307,healthy
ATM_018,2023-07-19,470473,484508,477757.833333333333,14338,0,0,215934.601190476190,16307.428571428571,484811,healthy
ATM_018,2023-07-20,456403,470161,463563.833333333333,14070,0,0,263937.053571428571,16277.428571428571,470473,healthy
ATM_018,2023-07-21,442094,456095,449390.708333333333,14309,0,0,311947.726190476190,16284.571428571429,456403,healthy
ATM_018,2023-07-22,420877,441626,431596.458333333333,21217,0,0,359958.505952380952,16238.428571428571,442094,healthy
ATM_018,2023-07-23,399442,420365,410319.958333333333,21435,0,0,407990.089285714285,16270.714285714286,420877,healthy
ATM_018,2023-07-24,385342,399115,392504.666666666667,14100,0,0,445310.065476190476,16246.428571428571,399442,healthy
ATM_018,2023-07-25,371176,385025,378382.958333333333,14166,0,0,429073.773809523809,16233.571428571429,385342,healthy
ATM_018,2023-07-26,345625,370611,358643.041666666667,25551,0,0,412057.375000000000,17835.428571428571,371176,healthy
ATM_018,2023-07-27,320155,345040,333051.625000000000,25470,0,0,393412.773809523809,19464.000000000000,345625,healthy
ATM_018,2023-07-28,294394,319583,307495.375000000000,25761,0,0,373142.011904761905,21100.000000000000,320155,healthy
ATM_018,2023-07-29,256113,293457,275562.500000000000,38281,0,0,350851.446428571429,23537.714285714286,294394,healthy
ATM_018,2023-07-30,217723,255278,237273.750000000000,38390,0,0,326130.559523809524,25959.857142857143,256113,healthy
ATM_018,2023-07-31,192075,217127,205152.541666666667,25648,0,0,299365.970238095238,27609.571428571429,217723,healthy
ATM_018,2023-08-01,177874,191747,185088.291666666667,14201,0,0,271752.446428571429,27614.571428571429,192075,healthy
ATM_018,2023-08-02,163441,177531,170776.250000000000,14433,0,0,244914.333333333333,26026.285714285714,177874,healthy
ATM_018,2023-08-03,149276,163122,156437.333333333333,14165,0,0,219683.720238095238,24411.285714285714,163441,healthy
ATM_018,2023-08-04,134915,148959,142197.166666666667,14361,0,0,196069.690476190476,22782.714285714286,149276,healthy
ATM_018,2023-08-05,113671,134412,124430.708333333333,21244,0,0,174479.434523809524,20348.857142857143,134915,healthy
ATM_018,2023-08-06,92441,113212,103264.916666666667,21230,0,0,155335.315476190476,17897.428571428571,113671,low
ATM_018,2023-08-07,78276,92096,85442.500000000000,14165,0,0,138233.880952380952,16257.000000000000,92441,low
ATM_018,2023-08-08,64241,77955,71350.250000000000,14035,0,0,121985.589285714286,16233.285714285714,78276,low
ATM_018,2023-08-09,50071,63902,57289.875000000000,14170,0,0,105773.250000000000,16195.714285714286,64241,low
ATM_018,2023-08-10,486090,500000,493325.416666666667,14214,1,0,153900.119047619048,16202.714285714286,50071,healthy
ATM_018,2023-08-11,471844,485774,479106.416666666667,14246,0,0,202030.011904761905,16186.285714285714,486090,healthy
ATM_018,2023-08-12,450561,471355,461310.625000000000,21283,0,0,250155.714285714286,16191.857142857143,471844,healthy
ATM_018,2023-08-13,429322,450068,440088.166666666667,21239,0,0,298273.321428571429,16193.142857142857,450561,healthy
ATM_018,2023-08-14,415154,428995,422358.375000000000,14168,0,0,346404.160714285714,16193.571428571429,429322,healthy
ATM_018,2023-08-15,400974,414812,408128.958333333333,14180,0,0,394515.404761904762,16214.285714285714,415154,healthy
ATM_018,2023-08-16,386885,400651,394025.583333333333,14089,0,0,442620.505952380952,16202.714285714286,400974,healthy
ATM_018,2023-08-17,372658,386573,379883.791666666667,14227,0,0,426414.559523809524,16204.571428571429,386885,healthy
ATM_018,2023-08-18,358480,372367,365668.958333333333,14178,0,0,410209.208333333333,16194.857142857143,372658,healthy
ATM_018,2023-08-19,337267,357984,348051.416666666667,21213,0,0,394029.321428571429,16184.857142857143,358480,healthy
ATM_018,2023-08-20,316015,336790,326744.791666666667,21252,0,0,377837.410714285714,16186.714285714286,337267,healthy
ATM_018,2023-08-21,301730,315678,308970.333333333333,14285,0,0,361639.119047619048,16203.428571428571,316015,healthy
ATM_018,2023-08-22,287551,301404,294756.541666666667,14179,0,0,345443.059523809524,16203.285714285714,301730,healthy
ATM_018,2023-08-23,273396,287245,280630.000000000000,14155,0,0,329243.690476190476,16212.714285714286,287551,healthy
ATM_018,2023-08-24,259176,273079,266376.583333333333,14220,0,0,313028.375000000000,16211.714285714286,273396,healthy
ATM_018,2023-08-25,245079,258844,252222.791666666667,14097,0,0,296821.779761904762,16200.142857142857,259176,healthy
ATM_018,2023-08-26,206928,244236,226342.125000000000,38151,0,0,279434.738095238095,18619.857142857143,245079,healthy
ATM_018,2023-08-27,168634,206068,188120.291666666667,38294,0,0,259631.238095238095,21054.428571428571,206928,healthy
ATM_018,2023-08-28,143148,168035,156103.250000000000,25486,0,0,237793.083333333333,22654.571428571429,168634,healthy
ATM_018,2023-08-29,117548,142546,130500.958333333333,25600,0,0,214328.000000000000,24286.142857142857,143148,healthy
ATM_018,2023-08-30,91992,116973,105019.875000000000,25556,0,0,189240.839285714286,25914.857142857143,117548,low
ATM_018,2023-08-31,66574,91399,79488.541666666667,25418,0,0,162542.547619047619,27514.571428571429,91992,low
ATM_018,2023-09-01,52422,66236,59607.250000000000,14152,0,0,135026.041666666667,27522.428571428571,66574,low
ATM_018,2023-09-02,50459,500000,416990.291666666667,21257,1,0,162261.494047619048,25109.000000000000,52422,low
ATM_018,2023-09-03,459850,480737,470662.833333333333,21378,0,0,202624.714285714286,22692.428571428571,50459,healthy
ATM_018,2023-09-04,445782,459499,452874.458333333333,14068,0,0,245020.601190476190,21061.285714285714,459850,healthy
ATM_018,2023-09-05,431656,445457,438836.583333333333,14126,0,0,289068.547619047619,19422.142857142857,445782,healthy
ATM_018,2023-09-06,417520,431346,424705.291666666667,14136,0,0,334737.892857142857,17790.714285714286,431656,healthy
ATM_018,2023-09-07,403441,417213,410625.125000000000,14079,0,0,382043.119047619048,16170.857142857143,417520,healthy
ATM_018,2023-09-08,389318,403107,396457.416666666667,14123,0,0,430164.571428571429,16166.714285714286,403441,healthy
ATM_018,2023-09-09,368052,388862,378854.583333333333,21266,0,0,424716.613095238095,16168.000000000000,389318,healthy
ATM_018,2023-09-10,346630,367568,357496.166666666667,21422,0,0,408549.946428571429,16174.285714285714,368052,healthy
ATM_018,2023-09-11,332426,346326,339686.833333333333,14204,0,0,392380.285714285714,16193.714285714286,346630,healthy
ATM_018,2023-09-12,318337,332089,325519.375000000000,14089,0,0,376192.113095238095,16188.428571428571,332426,healthy
ATM_018,2023-09-13,304380,317977,311444.166666666667,13957,0,0,360011.952380952381,16162.857142857143,318337,healthy
ATM_018,2023-09-14,290239,304060,297407.791666666667,14141,0,0,343838.047619047619,16171.714285714286,304380,healthy
ATM_018,2023-09-15,276198,289912,283303.250000000000,14041,0,0,327673.166666666667,16160.000000000000,290239,healthy
ATM_018,2023-09-16,254998,275740,265792.958333333333,21200,0,0,311521.505952380952,16150.571428571429,276198,healthy
ATM_018,2023-09-17,233808,254557,244587.291666666667,21190,0,0,295391.666666666667,16117.428571428571,254998,healthy
ATM_018,2023-09-18,219620,233514,226883.500000000000,14188,0,0,279276.904761904762,16115.142857142857,233808,healthy
ATM_018,2023-09-19,205392,219270,212641.041666666667,14228,0,0,263151.428571428572,16135.000000000000,219620,healthy
ATM_018,2023-09-20,191276,205050,198408.916666666667,14116,0,0,247003.535714285714,16157.714285714286,205392,healthy
ATM_018,2023-09-21,177301,190958,184379.416666666667,13975,0,0,230856.625000000000,16134.000000000000,191276,healthy
ATM_018,2023-09-22,163091,176970,170341.916666666667,14210,0,0,214719.291666666667,16158.142857142857,177301,healthy
ATM_018,2023-09-23,142008,162615,152676.000000000000,21083,0,0,198559.726190476191,16141.428571428571,163091,healthy
ATM_018,2023-09-24,120735,141515,131578.833333333333,21273,0,0,182415.660714285714,16153.285714285714,142008,healthy
ATM_018,2023-09-25,106668,120411,113776.666666666667,14067,0,0,166257.541666666667,16136.000000000000,120735,healthy
ATM_018,2023-09-26,80959,106086,94033.000000000000,25709,0,0,149313.535714285714,17776.142857142857,106668,low
ATM_018,2023-09-27,55458,80406,68475.500000000000,25501,0,0,130751.619047619048,19402.571428571429,80959,low
ATM_018,2023-09-28,50403,500000,325180.166666666667,25462,1,0,150866.011904761905,21043.571428571429,55458,low
ATM_018,2023-09-29,455706,480910,468825.041666666667,25772,0,0,193506.458333333333,22695.285714285714,50403,healthy
ATM_018,2023-09-30,417365,454882,436921.000000000000,38341,0,0,234112.886904761905,25160.714285714286,455706,healthy
ATM_018,2023-10-01,396159,416850,406946.708333333333,21206,0,0,273451.154761904762,25151.142857142857,417365,healthy
ATM_018,2023-10-02,382018,395846,389192.208333333333,14141,0,0,312796.232142857143,25161.714285714286,396159,healthy
ATM_018,2023-10-03,367779,381698,375001.333333333333,14239,0,0,352934.565476190476,23523.142857142857,382018,healthy
ATM_018,2023-10-04,353638,367470,360867.458333333333,14141,0,0,394704.845238095238,21900.285714285714,367779,healthy
ATM_018,2023-10-05,339554,353312,346687.291666666667,14084,0,0,397777.291666666667,20274.857142857143,353638,healthy
ATM_018,2023-10-06,325266,339248,332509.375000000000,14288,0,0,378303.625000000000,18634.285714285714,339554,healthy
ATM_018,2023-10-07,304056,324762,314849.000000000000,21210,0,0,360864.767857142857,16187.000000000000,325266,healthy
ATM_018,2023-10-08,282611,303585,293551.625000000000,21445,0,0,344665.470238095238,16221.142857142857,304056,healthy
ATM_018,2023-10-09,268518,282265,275680.625000000000,14093,0,0,328449.529761904762,16214.285714285714,282611,healthy
ATM_018,2023-10-10,254496,268206,261578.541666666667,14022,0,0,312246.273809523810,16183.285714285714,268518,healthy
ATM_018,2023-10-11,240438,254176,247556.125000000000,14058,0,0,296058.940476190476,16171.428571428571,254496,healthy
ATM_018,2023-10-12,226267,240116,233481.833333333333,14171,0,0,279886.732142857143,16183.857142857143,240438,healthy
ATM_018,2023-10-13,212002,225969,219282.958333333333,14265,0,0,263711.529761904762,16180.571428571429,226267,healthy
ATM_018,2023-10-14,190713,211565,201539.791666666667,21289,0,0,247524.500000000000,16191.857142857143,212002,healthy
ATM_018,2023-10-15,169666,190260,180375.583333333333,21047,0,0,231356.494047619048,16135.000000000000,190713,healthy
ATM_018,2023-10-16,155608,169343,162800.291666666667,14058,0,0,215230.732142857143,16130.000000000000,169666,healthy
ATM_018,2023-10-17,141469,155299,148641.250000000000,14139,0,0,199096.833333333333,16146.714285714286,155608,healthy
ATM_018,2023-10-18,127261,141179,134498.208333333333,14208,0,0,182945.702380952381,16168.142857142857,141469,healthy
ATM_018,2023-10-19,112952,126922,120198.375000000000,14309,0,0,166762.351190476190,16187.857142857143,127261,healthy
ATM_018,2023-10-20,98807,112651,105952.666666666667,14145,0,0,150572.309523809524,16170.714285714286,112952,low
ATM_018,2023-10-21,77680,98329,88414.875000000000,21127,0,0,134411.607142857143,16147.571428571429,98807,low
ATM_018,2023-10-22,56573,77176,67307.458333333333,21107,0,0,118259.017857142857,16156.142857142857,77680,low
ATM_018,2023-10-23,50563,500000,274826.458333333333,14127,1,0,134262.755952380952,16166.000000000000,56573,low
ATM_018,2023-10-24,478819,492593,485959.291666666667,14076,0,0,182451.047619047619,16157.000000000000,50563,healthy
ATM_018,2023-10-25,464635,478498,471842.375000000000,14184,0,0,230643.071428571429,16153.571428571429,478819,healthy
ATM_018,2023-10-26,439164,464036,452099.208333333333,25471,0,0,278057.476190476190,17748.142857142857,464635,healthy
ATM_018,2023-10-27,413595,438555,426572.583333333333,25569,0,0,323860.321428571428,19380.142857142857,439164,healthy
ATM_018,2023-10-28,374967,412712,394556.583333333333,38628,0,0,367594.851190476190,21880.285714285714,413595,healthy
ATM_018,2023-10-29,336559,374090,356080.041666666667,38408,0,0,408848.077380952381,24351.857142857143,374967,healthy
ATM_018,2023-10-30,310788,335987,323928.791666666667,25771,0,0,415862.696428571429,26015.285714285714,336559,healthy
ATM_018,2023-10-31,285327,310241,298289.000000000000,25461,0,0,389052.654761904762,27641.714285714286,310788,healthy
ATM_018,2023-11-01,271020,285002,278244.291666666667,14307,0,0,361395.785714285714,27659.285714285714,285327,healthy
ATM_018,2023-11-02,257008,270708,264135.333333333333,14012,0,0,334543.803571428571,26022.285714285714,271020,healthy
ATM_018,2023-11-03,242789,256685,250034.791666666667,14219,0,0,309324.119047619048,24400.857142857143,257008,healthy
ATM_018,2023-11-04,221627,242328,232384.708333333333,21162,0,0,286156.708333333333,21905.714285714286,242789,healthy
ATM_018,2023-11-05,200457,221128,211189.458333333333,21170,0,0,265458.053571428571,19443.142857142857,221627,healthy
ATM_018,2023-11-06,186304,200141,193459.291666666667,14153,0,0,246819.553571428571,17783.428571428571,200457,healthy
ATM_018,2023-11-07,172170,185979,179364.958333333333,14134,0,0,229830.404761904762,16165.285714285714,186304,healthy
ATM_018,2023-11-08,157912,171851,165121.041666666667,14258,0,0,213669.940476190476,16158.285714285714,172170,healthy
ATM_018,2023-11-09,143784,157566,150961.708333333333,14128,0,0,197502.279761904762,16174.857142857143,157912,healthy
ATM_018,2023-11-10,129574,143475,136767.125000000000,14210,0,0,181321.184523809524,16173.571428571429,143784,healthy
ATM_018,2023-11-11,108286,129046,119069.750000000000,21288,0,0,165133.333333333333,16191.571428571429,129574,healthy
ATM_018,2023-11-12,87176,107807,97922.375000000000,21110,0,0,148952.321428571429,16183.000000000000,108286,low
ATM_018,2023-11-13,72890,86873,80149.791666666667,14286,0,0,132765.250000000000,16202.000000000000,87176,low
ATM_018,2023-11-14,58788,72561,65952.541666666667,14102,0,0,116563.476190476191,16197.428571428571,72890,low
ATM_018,2023-11-15,50740,500000,239472.750000000000,14028,1,0,127185.148809523810,16164.571428571429,58788,low
ATM_018,2023-11-16,480900,494765,488098.708333333333,14202,0,0,175347.577380952381,16175.142857142857,50740,healthy
ATM_018,2023-11-17,466845,480593,474017.208333333333,14055,0,0,223526.160714285714,16153.000000000000,480900,healthy
ATM_018,2023-11-18,445892,466420,456599.625000000000,20953,0,0,271744.714285714286,16105.142857142857,466845,healthy
ATM_018,2023-11-19,424570,445395,435359.791666666667,21322,0,0,319950.059523809524,16135.428571428571,445892,healthy
ATM_018,2023-11-20,410636,424292,417750.000000000000,13934,0,0,368178.660714285714,16085.142857142857,424570,healthy
ATM_018,2023-11-21,396325,410296,403612.416666666667,14311,0,0,416415.785714285714,16115.000000000000,410636,healthy
ATM_018,2023-11-22,382258,396032,389417.500000000000,14067,0,0,437836.464285714286,16120.571428571429,396325,healthy
ATM_018,2023-11-23,368102,381937,375301.708333333333,14156,0,0,421722.607142857143,16114.000000000000,382258,healthy
ATM_018,2023-11-24,354087,367807,361242.000000000000,14015,0,0,405611.863095238095,16108.285714285714,368102,healthy
ATM_018,2023-11-25,332821,353609,343560.625000000000,21266,0,0,389463.434523809524,16153.000000000000,354087,healthy
ATM_018,2023-11-26,294665,331985,314036.583333333333,38156,0,0,372131.547619047619,18557.857142857143,332821,healthy
ATM_018,2023-11-27,269174,294106,282120.916666666667,25491,0,0,352755.964285714286,20208.857142857143,294665,healthy
ATM_018,2023-11-28,243669,268601,256618.041666666667,25505,0,0,331756.767857142857,21808.000000000000,269174,healthy
ATM_018,2023-11-29,217950,243131,230958.875000000000,25719,0,0,309119.821428571429,23472.571428571429,243669,healthy
ATM_018,2023-11-30,192486,217387,205415.250000000000,25464,0,0,284850.327380952381,25088.000000000000,217950,healthy
ATM_018,2023-12-01,178316,192156,185458.500000000000,14170,0,0,259738.398809523810,25110.142857142857,192486,healthy
ATM_018,2023-12-02,157076,177826,167867.458333333333,21240,0,0,234639.375000000000,25106.428571428571,178316,healthy
ATM_018,2023-12-03,135858,156597,146623.458333333333,21218,0,0,210723.214285714286,22686.714285714286,157076,healthy
ATM_018,2023-12-04,121769,135543,128937.291666666667,14089,0,0,188839.839285714286,21057.857142857143,135858,healthy
ATM_018,2023-12-05,107663,121433,114842.500000000000,14106,0,0,168586.190476190476,19429.428571428571,121769,healthy
ATM_018,2023-12-06,93567,107317,100694.541666666667,14096,0,0,149977.000000000000,17769.000000000000,107663,low
ATM_018,2023-12-07,79349,93250,86542.750000000000,14218,0,0,132995.214285714286,16162.428571428571,93567,low
ATM_018,2023-12-08,65269,79016,72445.875000000000,14080,0,0,116850.553571428571,16149.571428571429,79349,low
ATM_018,2023-12-09,50168,500000,205383.000000000000,20905,1,0,122209.916666666667,16101.714285714286,65269,low
ATM_018,2023-12-10,474187,495223,485138.166666666667,21487,0,0,170569.160714285714,16140.142857142857,50168,healthy
ATM_018,2023-12-11,459956,473860,467133.791666666667,14231,0,0,218882.946428571429,16160.428571428571,474187,healthy
ATM_018,2023-12-12,445906,459633,453066.625000000000,14050,0,0,267200.678571428572,16152.428571428571,459956,healthy
ATM_018,2023-12-13,431834,445574,438984.041666666667,14072,0,0,315527.750000000000,16149.000000000000,445906,healthy
ATM_018,2023-12-14,417777,431511,424915.833333333333,14057,0,0,363866.761904761905,16126.000000000000,431834,healthy
ATM_018,2023-12-15,403403,417463,410672.083333333333,14374,0,0,412184.791666666667,16168.000000000000,417777,healthy
ATM_018,2023-12-16,382377,402905,393043.875000000000,21026,0,0,438993.488095238095,16185.285714285714,403403,healthy
ATM_018,2023-12-17,361126,381905,371849.333333333333,21251,0,0,422809.369047619048,16151.571428571429,382377,healthy
ATM_018,2023-12-18,346880,360804,354103.083333333333,14246,0,0,406662.125000000000,16153.714285714286,361126,healthy
ATM_018,2023-12-19,332747,346578,339926.541666666667,14133,0,0,390499.255952380952,16165.571428571429,346880,healthy
ATM_018,2023-12-20,318641,332437,325824.833333333333,14106,0,0,374333.654761904762,16170.428571428571,332747,healthy
ATM_018,2023-12-21,304618,318327,311744.291666666667,14023,0,0,358166.291666666667,16165.571428571429,318641,healthy
ATM_018,2023-12-22,290370,304319,297614.000000000000,14248,0,0,342015.136904761905,16147.571428571429,304618,healthy
ATM_018,2023-12-23,269118,289862,279850.000000000000,21252,0,0,325844.583333333333,16179.857142857143,290370,healthy
ATM_018,2023-12-24,248003,268637,258730.708333333333,21115,0,0,309684.779761904762,16160.428571428571,269118,healthy
ATM_018,2023-12-25,233983,247688,241121.208333333333,14020,0,0,293544.511904761905,16128.142857142857,248003,healthy
ATM_018,2023-12-26,208581,233384,221430.708333333333,25402,0,0,276616.535714285714,17738.000000000000,233983,healthy
ATM_018,2023-12-27,182793,207991,195866.375000000000,25788,0,0,258051.041666666667,19406.857142857143,208581,healthy
ATM_018,2023-12-28,157076,182164,170052.875000000000,25717,0,0,237809.410714285714,21077.428571428571,182793,healthy
ATM_018,2023-12-29,131356,156463,144385.625000000000,25720,0,0,215919.642857142857,22716.285714285714,157076,healthy
ATM_018,2023-12-30,93105,130479,112479.500000000000,38251,0,0,192009.571428571428,25144.714285714286,131356,low
ATM_018,2023-12-31,92211,92211,92211.000000000000,894,0,0,168221.041666666667,22256.000000000000,93105,low
ATM_019,2023-01-01,478778,499513,489564.666666666667,21222,0,0,489564.666666666667,21222.000000000000,,healthy
ATM_019,2023-01-02,464716,478466,471845.375000000000,14062,0,0,480705.020833333334,17642.000000000000,478778,healthy
ATM_019,2023-01-03,450805,464368,457833.208333333333,13911,0,0,473081.083333333333,16398.333333333333,464716,healthy
ATM_019,2023-01-04,436603,450506,443849.833333333333,14202,0,0,465773.270833333333,15849.250000000000,450805,healthy
ATM_019,2023-01-05,422368,436288,429593.291666666667,14235,0,0,458537.275000000000,15526.400000000000,436603,healthy
ATM_019,2023-01-06,408081,422059,415347.375000000000,14287,0,0,451338.958333333333,15319.833333333333,422368,healthy
ATM_019,2023-01-07,386871,407603,397629.083333333333,21210,0,0,443666.119047619048,16161.285714285714,408081,healthy
ATM_019,2023-01-08,365720,386417,376479.958333333333,21151,0,0,427511.160714285714,16151.142857142857,386871,healthy
ATM_019,2023-01-09,351516,365410,358721.750000000000,14204,0,0,411350.642857142857,16171.428571428571,365720,healthy
ATM_019,2023-01-10,337379,351197,344553.208333333333,14137,0,0,395167.785714285714,16203.714285714286,351516,healthy
ATM_019,2023-01-11,323119,337026,330317.791666666667,14260,0,0,378948.922619047619,16212.000000000000,337379,healthy
ATM_019,2023-01-12,308941,322758,316104.208333333333,14178,0,0,362736.196428571428,16203.857142857143,323119,healthy
ATM_019,2023-01-13,294701,308614,301908.916666666667,14240,0,0,346530.702380952381,16197.142857142857,308941,healthy
ATM_019,2023-01-14,273568,294225,284354.500000000000,21133,0,0,330348.619047619048,16186.142857142857,294701,healthy
ATM_019,2023-01-15,252207,273116,263030.916666666667,21361,0,0,314141.613095238095,16216.142857142857,273568,healthy
ATM_019,2023-01-16,238253,251859,245325.875000000000,13954,0,0,297942.202380952381,16180.428571428571,252207,healthy
ATM_019,2023-01-17,224296,237934,231389.416666666667,13957,0,0,281775.946428571429,16154.714285714286,238253,healthy
ATM_019,2023-01-18,210229,224002,217392.083333333333,14067,0,0,265643.702380952381,16127.142857142857,224296,healthy
ATM_019,2023-01-19,196016,209921,203249.416666666667,14213,0,0,249521.589285714286,16132.142857142857,210229,healthy
ATM_019,2023-01-20,181708,195711,188981.208333333333,14308,0,0,233389.059523809524,16141.857142857143,196016,healthy
ATM_019,2023-01-21,160424,181180,171235.416666666667,21284,0,0,217229.190476190476,16163.428571428571,181708,healthy
ATM_019,2023-01-22,139133,159913,149942.416666666667,21291,0,0,201073.690476190476,16153.428571428571,160424,healthy
ATM_019,2023-01-23,124764,138817,132066.958333333333,14369,0,0,184893.845238095238,16212.714285714286,139133,healthy
ATM_019,2023-01-24,110713,124440,117837.708333333333,14051,0,0,168672.172619047619,16226.142857142857,124764,healthy
ATM_019,2023-01-25,96658,110380,103788.125000000000,14055,0,0,152443.035714285714,16224.428571428571,110713,low
ATM_019,2023-01-26,71110,96094,84056.041666666667,25548,0,0,135415.410714285714,17843.714285714286,96658,low
ATM_019,2023-01-27,51023,500000,190104.000000000000,25453,1,0,135575.809523809524,19435.857142857143,71110,low
ATM_019,2023-01-28,458146,495665,477622.291666666667,38362,0,0,179345.363095238095,21875.571428571429,51023,healthy
ATM_019,2023-01-29,419879,457254,439290.041666666667,38267,0,0,220680.738095238095,24300.714285714286,458146,healthy
ATM_019,2023-01-30,394300,419298,407298.333333333333,25579,0,0,259999.505952380952,25902.142857142857,419879,healthy
ATM_019,2023-01-31,368737,393723,381732.750000000000,25563,0,0,297698.797619047619,27546.714285714286,394300,healthy
ATM_019,2023-02-01,354497,368404,361721.041666666667,14240,0,0,334546.357142857143,27573.142857142857,368737,healthy
ATM_019,2023-02-02,340515,354186,347632.958333333333,13982,0,0,372200.202380952381,25920.857142857143,354497,healthy
ATM_019,2023-02-03,326431,340208,333568.333333333333,14084,0,0,392695.107142857143,24296.714285714286,340515,healthy
ATM_019,2023-02-04,305086,325953,315955.583333333333,21345,0,0,369599.863095238095,21865.714285714286,326431,healthy
ATM_019,2023-02-05,283893,304619,294662.208333333333,21193,0,0,348938.744047619047,19426.571428571429,305086,healthy
ATM_019,2023-02-06,269462,283559,276772.416666666667,14431,0,0,330292.184523809524,17834.000000000000,283893,healthy
ATM_019,2023-02-07,255296,269153,262462.541666666667,14166,0,0,313253.583333333333,16205.857142857143,269462,healthy
ATM_019,2023-02-08,241199,254975,248364.208333333333,14097,0,0,297059.750000000000,16185.428571428571,255296,healthy
ATM_019,2023-02-09,227228,240896,234390.750000000000,13971,0,0,280882.291666666667,16183.857142857143,241199,healthy
ATM_019,2023-02-10,213018,226903,220246.291666666667,14210,0,0,264693.428571428571,16201.857142857143,227228,healthy
ATM_019,2023-02-11,192023,212554,202752.166666666667,20995,0,0,248521.511904761905,16151.857142857143,213018,healthy
ATM_019,2023-02-12,170647,191539,181544.083333333333,21376,0,0,232361.779761904762,16178.000000000000,192023,healthy
ATM_019,2023-02-13,156302,170323,163586.041666666667,14345,0,0,216192.297619047619,16165.714285714286,170647,healthy
ATM_019,2023-02-14,142119,155992,149313.250000000000,14183,0,0,200028.113095238095,16168.142857142857,156302,healthy
ATM_019,2023-02-15,127821,141785,135031.750000000000,14298,0,0,183837.761904761905,16196.857142857143,142119,healthy
ATM_019,2023-02-16,113875,127491,120967.500000000000,13946,0,0,167634.440476190476,16193.285714285714,127821,healthy
ATM_019,2023-02-17,99859,113542,106977.291666666667,14016,0,0,151453.154761904762,16165.571428571429,113875,low
ATM_019,2023-02-18,78500,99414,89387.208333333333,21359,0,0,135258.160714285714,16217.571428571429,99859,low
ATM_019,2023-02-19,57391,78010,68115.333333333333,21109,0,0,119054.053571428571,16179.428571428571,78500,low
ATM_019,2023-02-20,50372,500000,257051.666666666667,14051,1,0,132406.285714285714,16137.428571428571,57391,low
ATM_019,2023-02-21,479931,493719,487104.625000000000,14087,0,0,180662.196428571429,16123.714285714286,50372,healthy
ATM_019,2023-02-22,465918,479622,473002.458333333333,14013,0,0,228943.726190476190,16083.000000000000,479931,healthy
ATM_019,2023-02-23,451874,465613,459016.416666666667,14044,0,0,277236.428571428571,16097.000000000000,465918,healthy
ATM_019,2023-02-24,437668,451550,444872.166666666667,14206,0,0,325507.125000000000,16124.142857142857,451874,healthy
ATM_019,2023-02-25,416565,437241,427314.875000000000,21103,0,0,373782.505952380952,16087.571428571429,437668,healthy
ATM_019,2023-02-26,378427,415751,397822.916666666667,38138,0,0,420883.589285714286,18520.285714285714,416565,healthy
ATM_019,2023-02-27,353055,377855,365881.291666666667,25372,0,0,436430.678571428572,20137.571428571429,378427,healthy
ATM_019,2023-02-28,327517,352477,340494.916666666667,25538,0,0,415486.434523809524,21773.428571428571,353055,healthy
ATM_019,2023-03-01,313219,327192,320478.041666666667,14298,0,0,393697.232142857143,21814.142857142857,327517,healthy
ATM_019,2023-03-02,299140,312901,306272.500000000000,14079,0,0,371876.672619047619,21819.142857142857,313219,healthy
ATM_019,2023-03-03,284999,298802,292162.458333333333,14141,0,0,350061.000000000000,21809.857142857143,299140,healthy
ATM_019,2023-03-04,263474,284479,274416.708333333333,21525,0,0,328218.404761904762,21870.142857142857,284999,healthy
ATM_019,2023-03-05,242091,262964,252940.500000000000,21383,0,0,307520.916666666667,19476.571428571429,263474,healthy
ATM_019,2023-03-06,227732,241768,235052.625000000000,14359,0,0,288831.107142857143,17903.285714285714,242091,healthy
ATM_019,2023-03-07,213801,227449,220898.958333333333,13931,0,0,271745.970238095238,16245.142857142857,227732,healthy
ATM_019,2023-03-08,199648,213457,206785.791666666667,14153,0,0,255504.220238095238,16224.428571428571,213801,healthy
ATM_019,2023-03-09,185559,199350,192677.291666666667,14089,0,0,239276.333333333333,16225.857142857143,199648,healthy
ATM_019,2023-03-10,171244,185233,178578.583333333333,14315,0,0,223050.065476190476,16250.714285714286,185559,healthy
ATM_019,2023-03-11,149766,170703,160637.000000000000,21478,0,0,206795.821428571429,16244.000000000000,171244,healthy
ATM_019,2023-03-12,128465,149301,139231.333333333333,21301,0,0,190551.654761904762,16232.285714285714,149766,healthy
ATM_019,2023-03-13,114374,128154,121551.083333333333,14091,0,0,174337.148809523809,16194.000000000000,128465,healthy
ATM_019,2023-03-14,100124,114071,107304.083333333333,14250,0,0,158109.309523809524,16239.571428571429,114374,healthy
ATM_019,2023-03-15,85943,99777,93153.208333333333,14181,0,0,141876.083333333333,16243.571428571429,100124,low
ATM_019,2023-03-16,71913,85645,79020.083333333333,14030,0,0,125639.339285714285,16235.142857142857,85943,low
ATM_019,2023-03-17,57696,71601,64928.666666666667,14217,0,0,109403.636904761905,16221.142857142857,71913,low
ATM_019,2023-03-18,50356,500000,291651.916666666667,21237,1,0,128120.053571428571,16186.714285714286,57696,low
ATM_019,2023-03-19,466390,487149,477126.416666666667,21244,0,0,176390.779761904762,16178.571428571429,50356,healthy
ATM_019,2023-03-20,452136,466031,459341.791666666667,14254,0,0,224646.595238095238,16201.857142857143,466390,healthy
ATM_019,2023-03-21,438006,451820,445168.083333333333,14130,0,0,272912.880952380952,16184.714285714286,452136,healthy
ATM_019,2023-03-22,423749,437670,430954.916666666667,14257,0,0,321170.267857142857,16195.571428571429,438006,healthy
ATM_019,2023-03-23,409763,423437,416863.791666666667,13986,0,0,369433.654761904762,16189.285714285714,423749,healthy
ATM_019,2023-03-24,395395,409422,402689.041666666667,14368,0,0,417685.136904761905,16210.857142857143,409763,healthy
ATM_019,2023-03-25,374153,394914,384946.958333333333,21242,0,0,431013.000000000000,16211.571428571429,395395,healthy
ATM_019,2023-03-26,336143,373317,355523.375000000000,38010,0,0,413641.136904761905,18606.714285714286,374153,healthy
ATM_019,2023-03-27,310533,335595,323619.916666666667,25610,0,0,394252.297619047619,20229.000000000000,336143,healthy
ATM_019,2023-03-28,285160,309946,298001.791666666667,25373,0,0,373228.541666666667,21835.142857142857,310533,healthy
ATM_019,2023-03-29,259639,284562,272630.625000000000,25521,0,0,350610.785714285714,23444.285714285714,285160,healthy
ATM_019,2023-03-30,234100,259081,247139.416666666667,25539,0,0,326364.446428571429,25094.714285714286,259639,healthy
ATM_019,2023-03-31,208542,233514,221491.916666666667,25558,0,0,300479.142857142857,26693.285714285714,234100,healthy
ATM_019,2023-04-01,187123,208064,197980.125000000000,21419,0,0,273769.595238095238,26718.571428571429,208542,healthy
ATM_019,2023-04-02,165577,186669,176536.166666666667,21546,0,0,248199.994047619048,24366.571428571429,187123,healthy
ATM_019,2023-04-03,151533,165268,158698.583333333333,14044,0,0,224639.803571428572,22714.285714285714,165577,healthy
ATM_019,2023-04-04,137246,151191,144499.083333333333,14287,0,0,202710.845238095238,21130.571428571429,151533,healthy
ATM_019,2023-04-05,122900,136940,130228.416666666667,14346,0,0,182367.672619047619,19534.142857142857,137246,healthy
ATM_019,2023-04-06,108690,122578,115905.291666666667,14210,0,0,163619.940476190476,17915.714285714286,122900,healthy
ATM_019,2023-04-07,94585,108338,101717.583333333333,14105,0,0,146509.321428571429,16279.571428571429,108690,low
ATM_019,2023-04-08,73230,94073,84094.250000000000,21355,0,0,130239.910714285714,16270.428571428571,94585,low
ATM_019,2023-04-09,51894,72729,62674.666666666667,21336,0,0,113973.982142857143,16240.428571428571,73230,low
ATM_019,2023-04-10,50210,500000,401182.000000000000,14333,1,0,148614.470238095238,16281.714285714286,51894,low
ATM_019,2023-04-11,473399,487371,480620.250000000000,14288,0,0,196631.779761904762,16281.857142857143,50210,healthy
ATM_019,2023-04-12,459252,473068,466429.166666666667,14147,0,0,244660.458333333333,16253.428571428571,473399,healthy
ATM_019,2023-04-13,445095,458926,452262.333333333333,14157,0,0,292711.464285714286,16245.857142857143,459252,healthy
ATM_019,2023-04-14,430887,444783,438125.125000000000,14208,0,0,340769.684523809524,16260.571428571429,445095,healthy
ATM_019,2023-04-15,409819,430425,420523.708333333333,21068,0,0,388831.035714285714,16219.571428571429,430887,healthy
ATM_019,2023-04-16,388504,409302,399267.333333333333,21315,0,0,436915.702380952381,16216.571428571429,409819,healthy
ATM_019,2023-04-17,374536,388181,381610.750000000000,13968,0,0,434119.809523809524,16164.428571428571,388504,healthy
ATM_019,2023-04-18,360474,374213,367616.750000000000,14062,0,0,417976.452380952381,16132.142857142857,374536,healthy
ATM_019,2023-04-19,346245,360166,353489.750000000000,14229,0,0,401842.250000000000,16143.857142857143,360474,healthy
ATM_019,2023-04-20,332052,345914,339236.375000000000,14193,0,0,385695.684523809524,16149.000000000000,346245,healthy
ATM_019,2023-04-21,317843,331751,325075.458333333333,14209,0,0,369545.732142857143,16149.142857142857,332052,healthy
ATM_019,2023-04-22,296519,317387,307326.291666666667,21324,0,0,353374.672619047619,16185.714285714286,317843,healthy
ATM_019,2023-04-23,275206,296089,286044.958333333333,21313,0,0,337200.047619047619,16185.428571428571,296519,healthy
ATM_019,2023-04-24,261141,274859,268281.666666666667,14065,0,0,321010.178571428571,16199.285714285714,275206,healthy
ATM_019,2023-04-25,246894,260793,254140.458333333333,14247,0,0,304799.279761904762,16225.714285714286,261141,healthy
ATM_019,2023-04-26,221398,246321,234335.458333333333,25496,0,0,287777.238095238095,17835.285714285714,246894,healthy
ATM_019,2023-04-27,195775,220822,208709.000000000000,25623,0,0,269130.470238095238,19468.142857142857,221398,healthy
ATM_019,2023-04-28,170054,195220,183128.250000000000,25721,0,0,248852.297619047619,21112.714285714286,195775,healthy
ATM_019,2023-04-29,132109,169166,151315.916666666667,37945,0,0,226565.101190476190,23487.142857142857,170054,healthy
ATM_019,2023-04-30,93770,131224,113180.958333333333,38339,0,0,201870.244047619048,25919.428571428571,132109,low
ATM_019,2023-05-01,79593,93455,86778.291666666667,14177,0,0,175941.190476190476,25935.428571428571,93770,low
ATM_019,2023-05-02,65165,79262,72483.166666666667,14428,0,0,149990.148809523810,25961.285714285714,79593,low
ATM_019,2023-05-03,50901,64859,58122.208333333333,14264,0,0,124816.827380952381,24356.714285714286,65165,low
ATM_019,2023-05-04,50253,500000,456451.125000000000,14238,1,0,160208.559523809524,22730.285714285714,50901,low
ATM_019,2023-05-05,472579,486385,479778.291666666667,14158,0,0,202587.136904761905,21078.428571428571,50253,healthy
ATM_019,2023-05-06,451278,472086,462103.541666666667,21301,0,0,246985.369047619048,18700.714285714286,472579,healthy
ATM_019,2023-05-07,429859,450804,440779.583333333333,21419,0,0,293785.172619047619,16283.571428571429,451278,healthy
ATM_019,2023-05-08,415790,429547,422900.916666666667,14069,0,0,341802.690476190476,16268.142857142857,429859,healthy
ATM_019,2023-05-09,401593,415479,408829.791666666667,14197,0,0,389852.208333333333,16235.142857142857,415790,healthy
ATM_019,2023-05-10,387230,401241,394493.000000000000,14363,0,0,437905.178571428572,16249.285714285714,401593,healthy
ATM_019,2023-05-11,373197,386919,380285.500000000000,14033,0,0,427024.375000000000,16220.000000000000,387230,healthy
ATM_019,2023-05-12,358926,372910,366210.500000000000,14271,0,0,410800.404761904762,16236.142857142857,373197,healthy
ATM_019,2023-05-13,337493,358452,348332.708333333333,21433,0,0,394547.428571428571,16255.000000000000,358926,healthy
ATM_019,2023-05-14,316346,337000,327097.958333333333,21147,0,0,378307.196428571429,16216.142857142857,337493,healthy
ATM_019,2023-05-15,302164,316020,309373.708333333333,14182,0,0,362089.023809523809,16232.285714285714,316346,healthy
ATM_019,2023-05-16,288110,301852,295298.500000000000,14054,0,0,345870.267857142857,16211.857142857143,302164,healthy
ATM_019,2023-05-17,273848,287783,281119.791666666667,14262,0,0,329674.095238095238,16197.428571428571,288110,healthy
ATM_019,2023-05-18,259547,273514,266857.916666666667,14301,0,0,313470.154761904762,16235.714285714286,273848,healthy
ATM_019,2023-05-19,245271,259211,252533.458333333333,14276,0,0,297230.577380952381,16236.428571428571,259547,healthy
ATM_019,2023-05-20,224072,244793,234865.583333333333,21199,0,0,281020.988095238095,16203.000000000000,245271,healthy
ATM_019,2023-05-21,202716,223602,213538.291666666667,21356,0,0,264798.178571428571,16232.857142857143,224072,healthy
ATM_019,2023-05-22,188498,202352,195659.791666666667,14218,0,0,248553.333333333333,16238.000000000000,202716,healthy
ATM_019,2023-05-23,174126,188162,181405.000000000000,14372,0,0,232282.833333333333,16283.428571428571,188498,healthy
ATM_019,2023-05-24,160114,173821,167212.250000000000,14012,0,0,216010.327380952381,16247.714285714286,174126,healthy
ATM_019,2023-05-25,145964,159802,153160.583333333333,14150,0,0,199767.851190476190,16226.142857142857,160114,healthy
ATM_019,2023-05-26,120527,145360,133418.291666666667,25437,0,0,182751.398809523810,17820.571428571429,145964,healthy
ATM_019,2023-05-27,82622,119640,101897.208333333333,37905,0,0,163755.916666666667,20207.142857142857,120527,low
ATM_019,2023-05-28,52198,500000,195132.958333333333,38342,1,0,161126.583333333333,22633.714285714286,82622,low
ATM_019,2023-05-29,469009,494294,482155.583333333333,25846,0,0,202054.553571428571,24294.857142857143,52198,healthy
ATM_019,2023-05-30,443421,468454,456494.416666666667,25588,0,0,241353.041666666667,25897.142857142857,469009,healthy
ATM_019,2023-05-31,418007,442847,430938.750000000000,25414,0,0,279028.255952380952,27526.000000000000,443421,healthy
ATM_019,2023-06-01,403893,417685,411059.166666666667,14114,0,0,315870.910714285714,27520.857142857143,418007,healthy
ATM_019,2023-06-02,389756,403578,396921.583333333333,14137,0,0,353514.238095238095,25906.571428571429,403893,healthy
ATM_019,2023-06-03,368319,389264,379154.708333333333,21437,0,0,393122.452380952381,23554.000000000000,389756,healthy
ATM_019,2023-06-04,347073,367834,357829.250000000000,21246,0,0,416364.779761904762,21111.714285714286,368319,healthy
ATM_019,2023-06-05,333036,346745,340118.541666666667,14037,0,0,396073.773809523810,19424.714285714286,347073,healthy
ATM_019,2023-06-06,318713,332680,325994.000000000000,14323,0,0,377430.857142857143,17815.428571428571,333036,healthy
ATM_019,2023-06-07,304801,318391,311836.500000000000,13912,0,0,360416.250000000000,16172.285714285714,318713,healthy
ATM_019,2023-06-08,290731,304502,297888.541666666667,14070,0,0,344249.017857142857,16166.000000000000,304801,healthy
ATM_019,2023-06-09,276684,290391,283744.916666666667,14047,0,0,328080.922619047619,16153.142857142857,290731,healthy
ATM_019,2023-06-10,255470,276200,266190.500000000000,21214,0,0,311943.178571428572,16121.285714285714,276684,healthy
ATM_019,2023-06-11,234144,255006,244968.833333333333,21326,0,0,295820.261904761905,16132.714285714286,255470,healthy
ATM_019,2023-06-12,219905,233786,227102.541666666667,14239,0,0,279675.119047619048,16161.571428571429,234144,healthy
ATM_019,2023-06-13,205624,219563,212938.791666666667,14281,0,0,263524.375000000000,16155.571428571429,219905,healthy
ATM_019,2023-06-14,191437,205317,198634.083333333333,14187,0,0,247352.601190476191,16194.857142857143,205624,healthy
ATM_019,2023-06-15,177505,191104,184568.000000000000,13932,0,0,231163.952380952381,16175.142857142857,191437,healthy
ATM_019,2023-06-16,163399,177158,170542.083333333333,14106,0,0,214992.119047619048,16183.571428571429,177505,healthy
ATM_019,2023-06-17,142192,162924,152931.125000000000,21207,0,0,198812.208333333333,16182.571428571429,163399,healthy
ATM_019,2023-06-18,120833,141675,131653.375000000000,21359,0,0,182624.285714285714,16187.285714285714,142192,healthy
ATM_019,2023-06-19,106347,120474,113658.791666666667,14486,0,0,166418.035714285714,16222.571428571429,120833,healthy
ATM_019,2023-06-20,92170,106008,99377.500000000000,14177,0,0,150194.994047619048,16207.714285714286,106347,low
ATM_019,2023-06-21,78309,91864,85308.833333333333,13861,0,0,134005.672619047619,16161.142857142857,92170,low
ATM_019,2023-06-22,64220,78006,71386.000000000000,14089,0,0,117836.815476190476,16183.571428571429,78309,low
ATM_019,2023-06-23,50003,63881,57227.666666666667,14217,0,0,101649.041666666667,16199.428571428571,64220,low
ATM_019,2023-06-24,479152,500000,490011.125000000000,21336,1,0,149803.327380952381,16217.857142857143,50003,healthy
ATM_019,2023-06-25,457698,478665,468598.916666666667,21454,0,0,197938.404761904762,16231.428571428571,479152,healthy
ATM_019,2023-06-26,432291,457154,445198.125000000000,25407,0,0,245301.166666666667,17791.571428571429,457698,healthy
ATM_019,2023-06-27,407081,431751,419862.125000000000,25210,0,0,291084.684523809524,19367.714285714286,432291,healthy
ATM_019,2023-06-28,381556,406536,394570.458333333333,25525,0,0,335264.916666666667,21034.000000000000,407081,healthy
ATM_019,2023-06-29,356117,380985,369032.958333333333,25439,0,0,377785.910714285714,22655.428571428571,381556,healthy
ATM_019,2023-06-30,330674,355538,343612.583333333333,25443,0,0,418698.041666666667,24259.142857142857,356117,healthy
ATM_019,2023-07-01,309252,330153,320136.500000000000,21422,0,0,394430.238095238095,24271.428571428571,330674,healthy
ATM_019,2023-07-02,287910,308774,298783.333333333333,21342,0,0,370170.869047619047,24255.428571428571,309252,healthy
ATM_019,2023-07-03,273676,287584,280892.916666666667,14234,0,0,346698.696428571428,22659.285714285714,287910,healthy
ATM_019,2023-07-04,259441,273339,266657.000000000000,14235,0,0,324812.250000000000,21091.428571428571,273676,healthy
ATM_019,2023-07-05,245210,259109,252439.875000000000,14231,0,0,304507.880952380952,19478.000000000000,259441,healthy
ATM_019,2023-07-06,231085,244856,238228.916666666667,14125,0,0,285821.589285714286,17861.714285714286,245210,healthy
ATM_019,2023-07-07,216940,230750,224097.666666666667,14145,0,0,268748.029761904762,16247.714285714286,231085,healthy
ATM_019,2023-07-08,195555,216439,206357.791666666667,21385,0,0,252493.928571428572,16242.428571428571,216940,healthy
ATM_019,2023-07-09,174324,195053,185117.208333333333,21231,0,0,236255.910714285714,16226.571428571429,195555,healthy
ATM_019,2023-07-10,160137,173995,167335.750000000000,14187,0,0,220033.458333333333,16219.857142857143,174324,healthy
ATM_019,2023-07-11,145940,159794,153127.958333333333,14197,0,0,203815.023809523810,16214.428571428571,160137,healthy
ATM_019,2023-07-12,131793,145611,138968.958333333333,14147,0,0,187604.892857142857,16202.428571428571,145940,healthy
ATM_019,2023-07-13,117542,131475,124809.791666666667,14251,0,0,171402.160714285714,16220.428571428571,131793,healthy
ATM_019,2023-07-14,103320,117210,110538.625000000000,14222,0,0,155179.440476190476,16231.428571428571,117542,healthy
ATM_019,2023-07-15,82216,102843,92914.250000000000,21104,0,0,138973.220238095238,16191.285714285714,103320,low
ATM_019,2023-07-16,60996,81751,71788.000000000000,21220,0,0,122783.333333333333,16189.714285714286,82216,low
ATM_019,2023-07-17,50954,500000,204134.791666666667,14095,1,0,128040.339285714286,16176.571428571429,60996,low
ATM_019,2023-07-18,482904,496697,490106.125000000000,14084,0,0,176180.077380952381,16160.428571428571,50954,healthy
ATM_019,2023-07-19,468936,482602,475982.250000000000,13968,0,0,224324.833333333333,16134.857142857143,482904,healthy
ATM_019,2023-07-20,454598,468605,461868.125000000000,14338,0,0,272476.023809523810,16147.285714285714,468936,healthy
ATM_019,2023-07-21,440238,454265,447532.583333333333,14360,0,0,320618.017857142857,16167.000000000000,454598,healthy
ATM_019,2023-07-22,419139,439757,429865.916666666667,21099,0,0,368753.970238095238,16166.285714285714,440238,healthy
ATM_019,2023-07-23,397957,418655,408741.375000000000,21182,0,0,416890.166666666667,16160.857142857143,419139,healthy
ATM_019,2023-07-24,383729,397608,390973.500000000000,14228,0,0,443581.410714285714,16179.857142857143,397957,healthy
ATM_019,2023-07-25,369397,383357,376664.000000000000,14332,0,0,427375.392857142857,16215.285714285714,383729,healthy
ATM_019,2023-07-26,343754,368833,356817.291666666667,25643,0,0,410351.827380952381,17883.142857142857,369397,healthy
ATM_019,2023-07-27,318210,343205,331162.583333333333,25544,0,0,391679.607142857143,19484.000000000000,343754,healthy
ATM_019,2023-07-28,292620,317653,305606.625000000000,25590,0,0,371404.470238095238,21088.285714285714,318210,healthy
ATM_019,2023-07-29,254383,291768,273831.833333333333,38237,0,0,349113.886904761905,23536.571428571429,292620,healthy
ATM_019,2023-07-30,216157,253525,235598.958333333333,38226,0,0,324379.255952380952,25971.428571428571,254383,healthy
ATM_019,2023-07-31,190895,215587,203693.750000000000,25262,0,0,297625.005952380952,27547.714285714286,216157,healthy
ATM_019,2023-08-01,176794,190572,184001.416666666667,14101,0,0,270101.779761904762,27514.714285714286,190895,healthy
ATM_019,2023-08-02,162445,176456,169690.916666666667,14349,0,0,243369.440476190476,25901.285714285714,176794,healthy
ATM_019,2023-08-03,148315,162124,155497.000000000000,14130,0,0,218274.357142857143,24270.714285714286,162445,healthy
ATM_019,2023-08-04,134221,148004,141395.583333333333,14094,0,0,194815.636904761905,22628.428571428571,148315,healthy
ATM_019,2023-08-05,112927,133685,123671.500000000000,21294,0,0,173364.160714285714,20208.000000000000,134221,healthy
ATM_019,2023-08-06,91695,112443,102438.166666666667,21232,0,0,154341.190476190476,17780.285714285714,112927,low
ATM_019,2023-08-07,77677,91369,84809.333333333333,14018,0,0,137357.702380952381,16174.000000000000,91695,low
ATM_019,2023-08-08,63555,77355,70682.666666666667,14122,0,0,121169.309523809524,16177.000000000000,77677,low
ATM_019,2023-08-09,50112,500000,112727.083333333333,14442,1,0,113031.619047619048,16190.285714285714,63555,low
ATM_019,2023-08-10,485010,499024,492290.291666666667,14335,0,0,161144.946428571429,16219.571428571429,50112,healthy
ATM_019,2023-08-11,471107,484676,478164.250000000000,13903,0,0,209254.755952380952,16192.285714285714,485010,healthy
ATM_019,2023-08-12,449670,470639,460599.208333333333,21437,0,0,257387.285714285714,16212.714285714286,471107,healthy
ATM_019,2023-08-13,428158,449177,439067.791666666667,21512,0,0,305477.232142857143,16252.714285714286,449670,healthy
ATM_019,2023-08-14,414019,427825,421242.625000000000,14139,0,0,353539.130952380952,16270.000000000000,428158,healthy
ATM_019,2023-08-15,399716,413667,406973.083333333333,14303,0,0,401580.619047619048,16295.857142857143,414019,healthy
ATM_019,2023-08-16,385617,399415,392789.458333333333,14099,0,0,441589.529761904762,16246.857142857143,399716,healthy
ATM_019,2023-08-17,371556,385302,378717.458333333333,14061,0,0,425364.839285714286,16207.714285714286,385617,healthy
ATM_019,2023-08-18,357374,371254,364615.291666666667,14182,0,0,409143.559523809524,16247.571428571429,371556,healthy
ATM_019,2023-08-19,336293,356880,346922.458333333333,21081,0,0,392904.023809523809,16196.714285714286,357374,healthy
ATM_019,2023-08-20,314933,335824,325782.208333333333,21360,0,0,376720.369047619047,16175.000000000000,336293,healthy
ATM_019,2023-08-21,300796,314601,307934.291666666667,14137,0,0,360533.464285714286,16174.714285714286,314933,healthy
ATM_019,2023-08-22,286586,300454,293814.708333333333,14210,0,0,344367.982142857143,16161.428571428571,300796,healthy
ATM_019,2023-08-23,272619,286269,279687.791666666667,13967,0,0,328210.601190476190,16142.571428571429,286586,healthy
ATM_019,2023-08-24,258367,272305,265628.666666666667,14252,0,0,312055.059523809524,16169.857142857143,272619,healthy
ATM_019,2023-08-25,244351,258079,251513.083333333333,14016,0,0,295897.601190476190,16146.142857142857,258367,healthy
ATM_019,2023-08-26,206279,243449,225633.166666666667,38072,0,0,278570.559523809524,18573.428571428571,244351,healthy
ATM_019,2023-08-27,168232,205422,187556.625000000000,38047,0,0,258824.047619047619,20957.285714285714,206279,healthy
ATM_019,2023-08-28,142763,167653,155753.541666666667,25469,0,0,237083.940476190476,22576.142857142857,168232,healthy
ATM_019,2023-08-29,117198,142209,130169.458333333333,25565,0,0,213706.047619047619,24198.285714285714,142763,healthy
ATM_019,2023-08-30,91768,116672,104670.250000000000,25430,0,0,188703.541666666667,25835.857142857143,117198,low
ATM_019,2023-08-31,66229,91147,79182.583333333333,25539,0,0,162068.386904761905,27448.285714285714,91768,low
ATM_019,2023-09-01,52233,65938,59388.000000000000,13996,0,0,134621.946428571429,27445.428571428571,66229,low
ATM_019,2023-09-02,50397,500000,417033.333333333333,21010,1,0,161964.827380952381,25008.000000000000,52233,low
ATM_019,2023-09-03,459697,480857,470707.000000000000,21660,0,0,202414.880952380952,22667.000000000000,50397,healthy
ATM_019,2023-09-04,445510,459388,452715.375000000000,14187,0,0,244838.000000000000,21055.285714285714,459697,healthy
ATM_019,2023-09-05,431179,445207,438432.541666666667,14331,0,0,288875.583333333333,19450.428571428571,445510,healthy
ATM_019,2023-09-06,416945,430846,424194.166666666667,14234,0,0,334521.857142857143,17851.000000000000,431179,healthy
ATM_019,2023-09-07,402805,416612,409951.708333333333,14140,0,0,381774.589285714286,16222.571428571429,416945,healthy
ATM_019,2023-09-08,388827,402514,395925.541666666667,13978,0,0,429851.380952380952,16220.000000000000,402805,healthy
ATM_019,2023-09-09,367375,388341,378336.750000000000,21452,0,0,424323.297619047619,16283.142857142857,388827,healthy
ATM_019,2023-09-10,345982,366902,356853.041666666667,21393,0,0,408058.446428571429,16245.000000000000,367375,healthy
ATM_019,2023-09-11,332085,345682,339159.583333333333,13897,0,0,391836.190476190476,16203.571428571429,345982,healthy
ATM_019,2023-09-12,318249,331765,325265.291666666667,13836,0,0,375669.440476190476,16132.857142857143,332085,healthy
ATM_019,2023-09-13,303971,317933,311233.416666666667,14278,0,0,359532.190476190476,16139.142857142857,318249,healthy
ATM_019,2023-09-14,289847,303643,296999.125000000000,14124,0,0,343396.107142857143,16136.857142857143,303971,healthy
ATM_019,2023-09-15,275639,289532,282890.916666666667,14208,0,0,327248.303571428572,16169.714285714286,289847,healthy
ATM_019,2023-09-16,254383,275156,265201.166666666667,21256,0,0,311086.077380952381,16141.714285714286,275639,healthy
ATM_019,2023-09-17,232949,253922,243904.958333333333,21434,0,0,294950.636904761905,16147.571428571429,254383,healthy
ATM_019,2023-09-18,218682,232619,225918.416666666667,14267,0,0,278773.327380952381,16200.428571428571,232949,healthy
ATM_019,2023-09-19,204470,218337,211683.250000000000,14212,0,0,262547.321428571429,16254.142857142857,218682,healthy
ATM_019,2023-09-20,190338,204147,197472.250000000000,14132,0,0,246295.726190476191,16233.285714285714,204470,healthy
ATM_019,2023-09-21,176373,190023,183451.000000000000,13965,0,0,230074.565476190476,16210.571428571429,190338,healthy
ATM_019,2023-09-22,162086,176064,169389.083333333333,14287,0,0,213860.017857142857,16221.857142857143,176373,healthy
ATM_019,2023-09-23,140780,161590,151631.541666666667,21306,0,0,197635.785714285714,16229.000000000000,162086,healthy
ATM_019,2023-09-24,119613,140326,130395.208333333333,21167,0,0,181420.107142857143,16190.857142857143,140780,healthy
ATM_019,2023-09-25,105549,119337,112678.833333333333,14064,0,0,165243.023809523809,16161.857142857143,119613,healthy
ATM_019,2023-09-26,79993,104979,93043.708333333333,25556,0,0,148294.517857142857,17782.428571428571,105549,low
ATM_019,2023-09-27,54422,79385,67389.125000000000,25571,0,0,129711.214285714286,19416.571428571429,79993,low
ATM_019,2023-09-28,50460,500000,360687.500000000000,25598,1,0,155030.714285714286,21078.428571428571,54422,low
ATM_019,2023-09-29,453497,478323,466489.375000000000,25435,0,0,197473.613095238095,22671.000000000000,50460,healthy
ATM_019,2023-09-30,414788,452632,434454.791666666667,38709,0,0,237876.934523809524,25157.142857142857,453497,healthy
ATM_019,2023-10-01,393620,414318,404361.625000000000,21168,0,0,277014.994047619048,25157.285714285714,414788,healthy
ATM_019,2023-10-02,379511,393330,386716.750000000000,14109,0,0,316163.267857142857,25163.714285714286,393620,healthy
ATM_019,2023-10-03,365624,379186,372662.083333333333,13887,0,0,356108.750000000000,23496.714285714286,379511,healthy
ATM_019,2023-10-04,351205,365294,358570.041666666667,14419,0,0,397706.023809523810,21903.571428571429,365624,healthy
ATM_019,2023-10-05,336960,350882,344193.041666666667,14245,0,0,395349.672619047619,20281.714285714286,351205,healthy
ATM_019,2023-10-06,322719,336609,329881.125000000000,14241,0,0,375834.208333333333,18682.571428571429,336960,healthy
ATM_019,2023-10-07,301559,322258,312323.666666666667,21160,0,0,358386.904761904762,16175.571428571429,322719,healthy
ATM_019,2023-10-08,280171,301099,291078.583333333333,21388,0,0,342203.613095238095,16207.000000000000,301559,healthy
ATM_019,2023-10-09,266033,279841,273221.833333333333,14138,0,0,325990.053571428571,16211.142857142857,280171,healthy
ATM_019,2023-10-10,251941,265692,259095.833333333333,14092,0,0,309766.303571428571,16240.428571428571,266033,healthy
ATM_019,2023-10-11,237769,251583,244928.000000000000,14172,0,0,293531.726190476190,16205.142857142857,251941,healthy
ATM_019,2023-10-12,223317,237424,230655.625000000000,14452,0,0,277312.095238095238,16234.714285714286,237769,healthy
ATM_019,2023-10-13,209165,222991,216360.125000000000,14152,0,0,261094.809523809524,16222.000000000000,223317,healthy
ATM_019,2023-10-14,187927,208698,198724.791666666667,21238,0,0,244866.398809523809,16233.142857142857,209165,healthy
ATM_019,2023-10-15,166607,187451,177434.791666666667,21320,0,0,228631.571428571429,16223.428571428571,187927,healthy
ATM_019,2023-10-16,152686,166304,159750.333333333333,13921,0,0,212421.357142857143,16192.428571428571,166607,healthy
ATM_019,2023-10-17,138502,152369,145681.708333333333,14184,0,0,196219.339285714286,16205.571428571429,152686,healthy
ATM_019,2023-10-18,124301,138178,131571.333333333333,14201,0,0,180025.529761904762,16209.714285714286,138502,healthy
ATM_019,2023-10-19,110347,123968,117402.416666666667,13954,0,0,163846.500000000000,16138.571428571429,124301,healthy
ATM_019,2023-10-20,96292,110023,103423.458333333333,14055,0,0,147712.690476190476,16124.714285714286,110347,low
ATM_019,2023-10-21,75144,95823,85931.958333333333,21148,0,0,131599.428571428571,16111.857142857143,96292,low
ATM_019,2023-10-22,53884,74635,64692.291666666667,21260,0,0,115493.357142857143,16103.285714285714,75144,low
ATM_019,2023-10-23,50121,500000,310048.083333333333,14037,1,0,136964.464285714286,16119.857142857143,53884,low
ATM_019,2023-10-24,476703,490454,483843.625000000000,14057,0,0,185273.309523809524,16101.714285714286,50121,healthy
ATM_019,2023-10-25,462609,476405,469762.541666666667,14094,0,0,233586.339285714286,16086.428571428571,476703,healthy
ATM_019,2023-10-26,437309,462006,450137.708333333333,25300,0,0,281119.952380952381,17707.285714285714,462609,healthy
ATM_019,2023-10-27,411783,436740,424698.500000000000,25526,0,0,327016.386904761905,19346.000000000000,437309,healthy
ATM_019,2023-10-28,373529,410923,392929.875000000000,38254,0,0,370873.232142857143,21789.714285714286,411783,healthy
ATM_019,2023-10-29,335685,372683,354899.583333333333,37844,0,0,412331.416666666667,24158.857142857143,373529,healthy
ATM_019,2023-10-30,310285,335072,323155.916666666667,25400,0,0,414203.964285714286,25782.142857142857,335685,healthy
ATM_019,2023-10-31,284808,309707,297742.791666666667,25477,0,0,387618.130952380952,27413.571428571429,310285,healthy
ATM_019,2023-11-01,270734,284493,277936.291666666667,14074,0,0,360214.380952380952,27410.714285714286,284808,healthy
ATM_019,2023-11-02,256695,270410,263842.083333333333,14039,0,0,333600.720238095238,25802.000000000000,270734,healthy
ATM_019,2023-11-03,242491,256352,249690.583333333333,14204,0,0,308599.589285714286,24184.571428571429,256695,healthy
ATM_019,2023-11-04,221293,241997,232034.000000000000,21198,0,0,285614.464285714286,21748.000000000000,242491,healthy
ATM_019,2023-11-05,200103,220810,210821.833333333333,21190,0,0,265031.928571428571,19368.857142857143,221293,healthy
ATM_019,2023-11-06,186070,199781,193160.708333333333,14033,0,0,246461.184523809524,17745.000000000000,200103,healthy
ATM_019,2023-11-07,171720,185733,178963.291666666667,14350,0,0,229492.684523809524,16155.428571428571,186070,healthy
ATM_019,2023-11-08,157363,171395,164663.458333333333,14357,0,0,213310.851190476190,16195.857142857143,171720,healthy
ATM_019,2023-11-09,142977,157018,150296.000000000000,14386,0,0,197089.982142857143,16245.428571428571,157363,healthy
ATM_019,2023-11-10,128703,142632,135941.500000000000,14274,0,0,180840.113095238095,16255.428571428571,142977,healthy
ATM_019,2023-11-11,107579,128221,118329.916666666667,21124,0,0,164596.672619047619,16244.857142857143,128703,healthy
ATM_019,2023-11-12,86222,107060,97015.791666666667,21357,0,0,148338.666666666667,16268.714285714286,107579,low
ATM_019,2023-11-13,71792,85883,79109.416666666667,14430,0,0,132045.625000000000,16325.428571428571,86222,low
ATM_019,2023-11-14,57606,71448,64813.791666666667,14186,0,0,115738.553571428572,16302.000000000000,71792,low
ATM_019,2023-11-15,50552,500000,257075.625000000000,14228,1,0,128940.291666666667,16283.571428571429,57606,low
ATM_019,2023-11-16,479531,493520,486772.250000000000,14307,0,0,177008.327380952381,16272.285714285714,50552,healthy
ATM_019,2023-11-17,465335,479199,472491.125000000000,14196,0,0,225086.845238095238,16261.142857142857,479531,healthy
ATM_019,2023-11-18,444043,464822,454849.500000000000,21292,0,0,273161.071428571429,16285.142857142857,465335,healthy
ATM_019,2023-11-19,422741,443601,433552.708333333333,21302,0,0,321237.773809523810,16277.285714285714,444043,healthy
ATM_019,2023-11-20,408750,422432,415867.416666666667,13991,0,0,369346.059523809524,16214.571428571429,422741,healthy
ATM_019,2023-11-21,394473,408409,401696.583333333333,14277,0,0,417472.172619047619,16227.571428571429,408750,healthy
ATM_019,2023-11-22,380369,394165,387547.541666666667,14104,0,0,436111.017857142857,16209.857142857143,394473,healthy
ATM_019,2023-11-23,366237,380056,373451.500000000000,14132,0,0,419922.339285714286,16184.857142857143,380369,healthy
ATM_019,2023-11-24,351909,365899,359198.000000000000,14328,0,0,403737.607142857143,16203.714285714286,366237,healthy
ATM_019,2023-11-25,330929,351402,341508.250000000000,20980,0,0,387546.000000000000,16159.142857142857,351909,healthy
ATM_019,2023-11-26,293368,330048,312427.750000000000,37561,0,0,370242.434523809524,18481.857142857143,330929,healthy
ATM_019,2023-11-27,267814,292800,280854.458333333333,25554,0,0,350954.869047619048,20133.714285714286,293368,healthy
ATM_019,2023-11-28,242317,267243,255275.166666666667,25497,0,0,330037.523809523810,21736.571428571429,267814,healthy
ATM_019,2023-11-29,216908,241726,229810.833333333333,25409,0,0,307503.708333333333,23351.571428571429,242317,healthy
ATM_019,2023-11-30,191736,216342,204508.250000000000,25172,0,0,283368.958333333333,24928.714285714286,216908,healthy
ATM_019,2023-12-01,177661,191435,184752.916666666667,14075,0,0,258448.232142857143,24892.571428571429,191736,healthy
ATM_019,2023-12-02,156147,177178,167074.833333333333,21514,0,0,233529.172619047619,24968.857142857143,177661,healthy
ATM_019,2023-12-03,135243,155663,145859.291666666667,20904,0,0,209733.678571428571,22589.285714285714,156147,healthy
ATM_019,2023-12-04,121355,134946,128424.291666666667,13888,0,0,187957.940476190476,20922.714285714286,135243,healthy
ATM_019,2023-12-05,107125,121037,114357.875000000000,14230,0,0,167826.898809523810,19313.142857142857,121355,healthy
ATM_019,2023-12-06,92835,106850,100163.500000000000,14290,0,0,149305.851190476191,17724.714285714286,107125,low
ATM_019,2023-12-07,78915,92529,85982.958333333333,13920,0,0,132373.666666666667,16117.285714285714,92835,low
ATM_019,2023-12-08,64741,78591,71963.958333333333,14174,0,0,116260.958333333333,16131.428571428571,78915,low
ATM_019,2023-12-09,51055,500000,223242.208333333333,21219,1,0,124284.869047619048,16089.285714285714,64741,low
ATM_019,2023-12-10,472809,493659,483684.416666666667,21281,0,0,172545.601190476190,16143.142857142857,51055,healthy
ATM_019,2023-12-11,458588,472472,465812.958333333333,14221,0,0,220743.982142857143,16190.714285714286,472809,healthy
ATM_019,2023-12-12,444373,458264,451579.583333333333,14215,0,0,268918.511904761905,16188.571428571429,458588,healthy
ATM_019,2023-12-13,430296,444025,437417.333333333333,14077,0,0,317097.630952380952,16158.142857142857,444373,healthy
ATM_019,2023-12-14,416243,429976,423377.083333333333,14053,0,0,365296.791666666666,16177.142857142857,430296,healthy
ATM_019,2023-12-15,401897,415943,409237.750000000000,14346,0,0,413478.761904761905,16201.714285714286,416243,healthy
ATM_019,2023-12-16,380811,401442,391513.250000000000,21086,0,0,437517.482142857143,16182.714285714286,401897,healthy
ATM_019,2023-12-17,359508,380315,370347.666666666667,21303,0,0,421326.517857142857,16185.857142857143,380811,healthy
ATM_019,2023-12-18,345371,359151,352528.166666666667,14137,0,0,405142.976190476190,16173.857142857143,359508,healthy
ATM_019,2023-12-19,331200,345069,338428.958333333333,14171,0,0,388978.601190476190,16167.571428571429,345371,healthy
ATM_019,2023-12-20,316775,330870,324091.500000000000,14425,0,0,372789.196428571429,16217.285714285714,331200,healthy
ATM_019,2023-12-21,302656,316432,309808.750000000000,14119,0,0,356565.148809523810,16226.714285714286,316775,healthy
ATM_019,2023-12-22,288662,302333,295741.875000000000,13994,0,0,340351.452380952381,16176.428571428571,302656,healthy
ATM_019,2023-12-23,267514,288160,278213.333333333333,21148,0,0,324165.750000000000,16185.285714285714,288662,healthy
ATM_019,2023-12-24,246356,267011,257093.125000000000,21158,0,0,307986.529761904762,16164.571428571429,267514,healthy
ATM_019,2023-12-25,232246,246033,239405.500000000000,14110,0,0,291826.148809523809,16160.714285714286,246356,healthy
ATM_019,2023-12-26,206595,231695,219653.125000000000,25651,0,0,274858.172619047619,17800.714285714286,232246,healthy
ATM_019,2023-12-27,181126,205999,194056.166666666667,25469,0,0,256281.696428571429,19378.428571428571,206595,healthy
ATM_019,2023-12-28,155874,180515,168676.500000000000,25252,0,0,236119.946428571429,20968.857142857143,181126,healthy
ATM_019,2023-12-29,130362,155308,143329.416666666667,25512,0,0,214346.738095238095,22614.285714285714,155874,healthy
ATM_019,2023-12-30,91748,129515,111368.375000000000,38614,0,0,190511.744047619048,25109.428571428571,130362,low
ATM_019,2023-12-31,90880,90880,90880.000000000000,868,0,0,166767.011904761905,22210.857142857143,91748,low
ATM_020,2023-01-01,478912,499541,489616.708333333333,21088,0,0,489616.708333333333,21088.000000000000,,healthy
ATM_020,2023-01-02,464683,478602,471911.583333333333,14229,0,0,480764.145833333333,17658.500000000000,478912,healthy
ATM_020,2023-01-03,450313,464348,457599.250000000000,14370,0,0,473042.513888888889,16562.333333333333,464683,healthy
ATM_020,2023-01-04,436039,449973,443284.291666666667,14274,0,0,465602.958333333333,15990.250000000000,450313,healthy
ATM_020,2023-01-05,421766,435731,429014.958333333333,14273,0,0,458285.358333333333,15646.800000000000,436039,healthy
ATM_020,2023-01-06,407711,421457,414864.083333333333,14055,0,0,451048.479166666667,15381.500000000000,421766,healthy
ATM_020,2023-01-07,386525,407254,397274.750000000000,21186,0,0,443366.517857142857,16210.714285714286,407711,healthy
ATM_020,2023-01-08,365123,386016,375899.125000000000,21402,0,0,427121.148809523809,16255.571428571429,386525,healthy
ATM_020,2023-01-09,351112,364818,358241.416666666667,14011,0,0,410882.553571428571,16224.428571428571,365123,healthy
ATM_020,2023-01-10,336911,350793,344112.916666666667,14201,0,0,394670.220238095238,16200.285714285714,351112,healthy
ATM_020,2023-01-11,322800,336599,329992.500000000000,14111,0,0,378485.678571428571,16177.000000000000,336911,healthy
ATM_020,2023-01-12,308746,322513,315883.958333333333,14054,0,0,362324.107142857143,16145.714285714286,322800,healthy
ATM_020,2023-01-13,294345,308424,301697.625000000000,14401,0,0,346157.470238095238,16195.142857142857,308746,healthy
ATM_020,2023-01-14,273212,293871,283946.916666666667,21133,0,0,329967.779761904762,16187.571428571429,294345,healthy
ATM_020,2023-01-15,252104,272758,262836.166666666667,21108,0,0,313815.928571428572,16145.571428571429,273212,healthy
ATM_020,2023-01-16,238027,251759,245160.875000000000,14077,0,0,297661.565476190476,16155.000000000000,252104,healthy
ATM_020,2023-01-17,223748,237707,230993.500000000000,14279,0,0,281501.648809523810,16166.142857142857,238027,healthy
ATM_020,2023-01-18,209453,223425,216674.500000000000,14295,0,0,265313.363095238095,16192.428571428571,223748,healthy
ATM_020,2023-01-19,195221,209144,202480.666666666667,14232,0,0,249112.892857142857,16217.857142857143,209453,healthy
ATM_020,2023-01-20,181101,194918,188266.083333333333,14120,0,0,232908.386904761905,16177.714285714286,195221,healthy
ATM_020,2023-01-21,159616,180607,170521.166666666667,21485,0,0,216704.708333333333,16228.000000000000,181101,healthy
ATM_020,2023-01-22,138261,159106,149078.708333333333,21355,0,0,200453.642857142857,16263.285714285714,159616,healthy
ATM_020,2023-01-23,124398,137934,131458.291666666667,13863,0,0,184210.416666666667,16232.714285714286,138261,healthy
ATM_020,2023-01-24,110335,124094,117518.583333333333,14063,0,0,167999.714285714286,16201.857142857143,124398,healthy
ATM_020,2023-01-25,96394,109996,103448.375000000000,13941,0,0,151824.553571428571,16151.285714285714,110335,low
ATM_020,2023-01-26,70572,95843,83662.250000000000,25822,0,0,134850.494047619048,17807.000000000000,96394,low
ATM_020,2023-01-27,50278,500000,189673.875000000000,25647,1,0,135051.607142857143,19453.714285714286,70572,low
ATM_020,2023-01-28,457983,495677,477596.416666666667,38553,0,0,178919.500000000000,21892.000000000000,50278,healthy
ATM_020,2023-01-29,419877,457164,439201.750000000000,38106,0,0,220365.648809523810,24285.000000000000,457983,healthy
ATM_020,2023-01-30,394262,419278,407241.625000000000,25615,0,0,259763.267857142857,25963.857142857143,419877,healthy
ATM_020,2023-01-31,369021,393703,381868.458333333333,25241,0,0,297527.535714285714,27560.714285714286,394262,healthy
ATM_020,2023-02-01,354946,368703,362078.875000000000,14075,0,0,334474.750000000000,27579.857142857143,369021,healthy
ATM_020,2023-02-02,340716,354657,347966.708333333333,14230,0,0,372232.529761904762,25923.857142857143,354946,healthy
ATM_020,2023-02-03,326403,340391,333662.166666666667,14313,0,0,392802.285714285714,24304.714285714286,340716,healthy
ATM_020,2023-02-04,305250,325924,316008.708333333333,21153,0,0,369718.327380952381,21819.000000000000,326403,healthy
ATM_020,2023-02-05,284047,304752,294796.166666666667,21203,0,0,349088.958333333333,19404.285714285714,305250,healthy
ATM_020,2023-02-06,269985,283724,277111.541666666667,14062,0,0,330498.946428571429,17753.857142857143,284047,healthy
ATM_020,2023-02-07,255783,269682,262986.666666666667,14202,0,0,313515.833333333333,16176.857142857143,269985,healthy
ATM_020,2023-02-08,241696,255466,248873.041666666667,14087,0,0,297343.571428571429,16178.571428571429,255783,healthy
ATM_020,2023-02-09,227540,241365,234703.958333333333,14156,0,0,281163.178571428572,16168.000000000000,241696,healthy
ATM_020,2023-02-10,213280,227211,220488.958333333333,14260,0,0,264995.577380952381,16160.428571428571,227540,healthy
ATM_020,2023-02-11,191944,212800,202775.416666666667,21336,0,0,248819.392857142857,16186.571428571429,213280,healthy
ATM_020,2023-02-12,170512,191427,181366.458333333333,21432,0,0,232615.148809523810,16219.285714285714,191944,healthy
ATM_020,2023-02-13,156183,170182,163446.708333333333,14329,0,0,216377.315476190476,16257.428571428571,170512,healthy
ATM_020,2023-02-14,141862,155838,149134.166666666667,14321,0,0,200112.672619047619,16274.428571428571,156183,healthy
ATM_020,2023-02-15,127488,141508,134767.791666666667,14374,0,0,183811.922619047619,16315.428571428571,141862,healthy
ATM_020,2023-02-16,113367,127195,120541.416666666667,14121,0,0,167502.988095238095,16310.428571428571,127488,healthy
ATM_020,2023-02-17,99121,113011,106343.666666666667,14246,0,0,151196.517857142857,16308.428571428571,113367,low
ATM_020,2023-02-18,77833,98642,88580.291666666667,21288,0,0,134882.928571428572,16301.571428571429,99121,low
ATM_020,2023-02-19,56499,77362,67403.458333333333,21334,0,0,118602.500000000000,16287.571428571429,77833,low
ATM_020,2023-02-20,50597,500000,274803.916666666667,14161,1,0,134510.672619047619,16263.571428571429,56499,low
ATM_020,2023-02-21,478527,492495,485754.791666666667,14306,0,0,182599.333333333334,16261.428571428571,50597,healthy
ATM_020,2023-02-22,464359,478209,471580.708333333333,14168,0,0,230715.464285714286,16232.000000000000,478527,healthy
ATM_020,2023-02-23,450355,464033,457509.041666666667,14004,0,0,278853.696428571429,16215.285714285714,464359,healthy
ATM_020,2023-02-24,436294,450037,443454.708333333333,14061,0,0,327012.416666666667,16188.857142857143,450355,healthy
ATM_020,2023-02-25,414890,435803,425706.083333333333,21404,0,0,375173.244047619048,16205.428571428571,436294,healthy
ATM_020,2023-02-26,376584,413989,396067.291666666667,38306,0,0,422125.220238095238,18630.000000000000,414890,healthy
ATM_020,2023-02-27,351150,376026,364110.000000000000,25434,0,0,434883.232142857143,20240.428571428571,376584,healthy
ATM_020,2023-02-28,325802,350591,338699.291666666667,25348,0,0,413875.303571428571,21817.857142857143,351150,healthy
ATM_020,2023-03-01,311465,325474,318747.041666666667,14337,0,0,392041.922619047619,21842.000000000000,325802,healthy
ATM_020,2023-03-02,297482,311115,304524.041666666667,13983,0,0,370186.922619047619,21839.000000000000,311465,healthy
ATM_020,2023-03-03,283349,297185,290515.708333333333,14133,0,0,348338.494047619048,21849.285714285714,297482,healthy
ATM_020,2023-03-04,262305,282905,273031.833333333333,21044,0,0,326527.886904761905,21797.857142857143,283349,healthy
ATM_020,2023-03-05,240827,261837,251764.708333333333,21478,0,0,305913.232142857143,19393.857142857143,262305,healthy
ATM_020,2023-03-06,226870,240534,233999.833333333333,13957,0,0,287326.065476190476,17754.285714285714,240827,healthy
ATM_020,2023-03-07,212813,226555,219921.833333333333,14057,0,0,270357.857142857143,16141.285714285714,226870,healthy
ATM_020,2023-03-08,198572,212507,205813.250000000000,14241,0,0,254224.458333333333,16127.571428571429,212813,healthy
ATM_020,2023-03-09,184352,198250,191585.500000000000,14220,0,0,238090.380952380952,16161.428571428571,198572,healthy
ATM_020,2023-03-10,170130,184031,177368.958333333333,14222,0,0,221926.559523809524,16174.142857142857,184352,healthy
ATM_020,2023-03-11,148873,169651,159668.333333333333,21257,0,0,205731.773809523809,16204.571428571429,170130,healthy
ATM_020,2023-03-12,127618,148400,138430.750000000000,21255,0,0,189541.208333333333,16172.714285714286,148873,healthy
ATM_020,2023-03-13,113448,127313,120638.250000000000,14170,0,0,173346.696428571428,16203.142857142857,127618,healthy
ATM_020,2023-03-14,99278,113141,106525.958333333333,14170,0,0,157147.285714285714,16219.285714285714,113448,low
ATM_020,2023-03-15,85261,98967,92373.541666666667,14017,0,0,140941.613095238095,16187.285714285714,99278,low
ATM_020,2023-03-16,71215,84931,78325.625000000000,14046,0,0,124761.630952380952,16162.428571428571,85261,low
ATM_020,2023-03-17,57134,70875,64264.250000000000,14081,0,0,108603.815476190476,16142.285714285714,71215,low
ATM_020,2023-03-18,51293,500000,309405.333333333333,21250,1,0,129994.815476190476,16141.285714285714,57134,low
ATM_020,2023-03-19,464907,485758,475769.166666666667,21308,0,0,178186.017857142857,16148.857142857143,51293,healthy
ATM_020,2023-03-20,450838,464553,457971.625000000000,14069,0,0,226376.500000000000,16134.428571428571,464907,healthy
ATM_020,2023-03-21,436527,450539,443769.625000000000,14311,0,0,274554.166666666667,16154.571428571429,450838,healthy
ATM_020,2023-03-22,422148,436200,429448.583333333333,14379,0,0,322707.744047619048,16206.285714285714,436527,healthy
ATM_020,2023-03-23,408141,421823,415259.583333333333,14007,0,0,370841.166666666667,16200.714285714286,422148,healthy
ATM_020,2023-03-24,394132,407830,401262.750000000000,14009,0,0,418983.809523809524,16190.428571428571,408141,healthy
ATM_020,2023-03-25,373066,393721,383808.958333333333,21066,0,0,429612.898809523809,16164.142857142857,394132,healthy
ATM_020,2023-03-26,334887,372197,354252.291666666667,38179,0,0,412253.345238095238,18574.285714285714,373066,healthy
ATM_020,2023-03-27,309369,334289,322316.083333333333,25518,0,0,392873.982142857143,20209.857142857143,334887,healthy
ATM_020,2023-03-28,284125,308773,296914.916666666667,25244,0,0,371894.738095238095,21771.714285714286,309369,healthy
ATM_020,2023-03-29,258515,283530,271523.208333333333,25610,0,0,349333.970238095238,23376.142857142857,284125,healthy
ATM_020,2023-03-30,232936,257942,245955.833333333333,25579,0,0,325147.720238095238,25029.285714285714,258515,healthy
ATM_020,2023-03-31,207679,232418,220596.791666666667,25257,0,0,299338.297619047619,26636.142857142857,232936,healthy
ATM_020,2023-04-01,186315,207172,197120.958333333333,21364,0,0,272668.583333333333,26678.714285714286,207679,healthy
ATM_020,2023-04-02,165135,185846,175852.500000000000,21180,0,0,247182.898809523809,24250.285714285714,186315,healthy
ATM_020,2023-04-03,151165,164833,158237.500000000000,13970,0,0,223743.101190476190,22600.571428571429,165135,healthy
ATM_020,2023-04-04,137166,150845,144286.916666666667,13999,0,0,201939.101190476190,20994.142857142857,151165,healthy
ATM_020,2023-04-05,123028,136861,130202.416666666667,14138,0,0,181750.416666666667,19355.285714285714,137166,healthy
ATM_020,2023-04-06,108897,122694,116056.708333333333,14131,0,0,163193.398809523810,17719.857142857143,123028,healthy
ATM_020,2023-04-07,94775,108568,101936.166666666667,14122,0,0,146241.880952380952,16129.142857142857,108897,low
ATM_020,2023-04-08,73313,94299,84234.083333333333,21462,0,0,130115.184523809524,16143.142857142857,94775,low
ATM_020,2023-04-09,52047,72846,62876.833333333333,21266,0,0,113975.803571428571,16155.428571428571,73313,low
ATM_020,2023-04-10,50064,500000,382626.250000000000,14490,1,0,146031.339285714286,16229.714285714286,52047,low
ATM_020,2023-04-11,473719,487492,480870.791666666667,14077,0,0,194114.750000000000,16240.857142857143,50064,healthy
ATM_020,2023-04-12,459282,473400,466593.291666666667,14437,0,0,242170.589285714286,16283.571428571429,473719,healthy
ATM_020,2023-04-13,445173,458988,452320.458333333333,14109,0,0,290208.267857142857,16280.428571428571,459282,healthy
ATM_020,2023-04-14,430864,444836,438129.333333333333,14309,0,0,338235.863095238095,16307.142857142857,445173,healthy
ATM_020,2023-04-15,409627,430357,420394.166666666667,21237,0,0,386258.732142857143,16275.000000000000,430864,healthy
ATM_020,2023-04-16,388360,409172,399174.625000000000,21267,0,0,434301.273809523810,16275.142857142857,409627,healthy
ATM_020,2023-04-17,374351,388013,381457.291666666667,14009,0,0,434134.279761904762,16206.428571428571,388360,healthy
ATM_020,2023-04-18,359945,374009,367233.375000000000,14406,0,0,417900.363095238095,16253.428571428571,374351,healthy
ATM_020,2023-04-19,345770,359579,352965.125000000000,14175,0,0,401667.767857142857,16216.000000000000,359945,healthy
ATM_020,2023-04-20,331394,345461,338719.833333333333,14376,0,0,385439.107142857143,16254.142857142857,345770,healthy
ATM_020,2023-04-21,317317,331052,324476.666666666667,14077,0,0,369203.011904761905,16221.000000000000,331394,healthy
ATM_020,2023-04-22,296077,316854,306881.208333333333,21240,0,0,352986.875000000000,16221.428571428571,317317,healthy
ATM_020,2023-04-23,274914,295611,285682.625000000000,21163,0,0,336773.732142857143,16206.571428571429,296077,healthy
ATM_020,2023-04-24,260760,274602,267949.000000000000,14154,0,0,320558.261904761905,16227.285714285714,274914,healthy
ATM_020,2023-04-25,246525,260401,253750.875000000000,14235,0,0,304346.476190476190,16202.857142857143,260760,healthy
ATM_020,2023-04-26,220966,245972,233899.875000000000,25559,0,0,287337.154761904762,17829.142857142857,246525,healthy
ATM_020,2023-04-27,195757,220404,208586.958333333333,25209,0,0,268746.744047619048,19376.714285714286,220966,healthy
ATM_020,2023-04-28,170034,195193,183140.000000000000,25723,0,0,248555.791666666667,21040.428571428571,195757,healthy
ATM_020,2023-04-29,132066,169198,151349.541666666667,37968,0,0,226336.982142857143,23430.142857142857,170034,healthy
ATM_020,2023-04-30,93876,131159,113264.541666666667,38190,0,0,201705.827380952381,25862.571428571429,132066,low
ATM_020,2023-05-01,79843,93557,86972.125000000000,14033,0,0,175851.988095238095,25845.285714285714,93876,low
ATM_020,2023-05-02,65778,79553,72915.791666666667,14065,0,0,150018.404761904762,25821.000000000000,79843,low
ATM_020,2023-05-03,51531,65445,58738.375000000000,14247,0,0,124995.333333333333,24205.000000000000,65778,low
ATM_020,2023-05-04,50163,500000,419659.000000000000,14101,1,0,155148.482142857143,22618.142857142857,51531,low
ATM_020,2023-05-05,473586,487273,480676.000000000000,13988,0,0,197653.625000000000,20941.714285714286,50163,healthy
ATM_020,2023-05-06,452446,473127,463148.333333333333,21140,0,0,242196.309523809524,18537.714285714286,473586,healthy
ATM_020,2023-05-07,431298,451975,442012.291666666667,21148,0,0,289160.273809523810,16103.142857142857,452446,healthy
ATM_020,2023-05-08,416955,430947,424178.666666666667,14343,0,0,337332.636904761905,16147.428571428571,431298,healthy
ATM_020,2023-05-09,402756,416634,409957.458333333333,14199,0,0,385481.446428571429,16166.571428571429,416955,healthy
ATM_020,2023-05-10,388590,402410,395737.750000000000,14166,0,0,433624.214285714286,16155.000000000000,402756,healthy
ATM_020,2023-05-11,374567,388269,381683.750000000000,14023,0,0,428199.178571428571,16143.857142857143,388590,healthy
ATM_020,2023-05-12,360445,374220,367557.333333333333,14122,0,0,412039.369047619048,16163.000000000000,374567,healthy
ATM_020,2023-05-13,339024,359958,349889.541666666667,21421,0,0,395859.541666666667,16203.142857142857,360445,healthy
ATM_020,2023-05-14,317717,338517,328499.083333333333,21307,0,0,379643.369047619048,16225.857142857143,339024,healthy
ATM_020,2023-05-15,303646,317376,310769.083333333333,14071,0,0,363442.000000000000,16187.000000000000,317717,healthy
ATM_020,2023-05-16,289543,303336,296730.000000000000,14103,0,0,347266.648809523809,16173.285714285714,303646,healthy
ATM_020,2023-05-17,275409,289215,282626.708333333333,14134,0,0,331107.928571428571,16168.714285714286,289543,healthy
ATM_020,2023-05-18,261151,275079,268406.333333333333,14258,0,0,314925.440476190476,16202.285714285714,275409,healthy
ATM_020,2023-05-19,247075,260831,254210.583333333333,14076,0,0,298733.047619047619,16195.714285714286,261151,healthy
ATM_020,2023-05-20,225595,246573,236509.791666666667,21480,0,0,282535.940476190476,16204.142857142857,247075,healthy
ATM_020,2023-05-21,204379,225115,215106.333333333333,21216,0,0,266336.976190476190,16191.142857142857,225595,healthy
ATM_020,2023-05-22,189851,204062,197249.291666666667,14528,0,0,250119.863095238095,16256.428571428571,204379,healthy
ATM_020,2023-05-23,175539,189535,182814.625000000000,14312,0,0,233846.238095238095,16286.285714285714,189851,healthy
ATM_020,2023-05-24,161448,175209,168593.625000000000,14091,0,0,217555.797619047619,16280.142857142857,175539,healthy
ATM_020,2023-05-25,147196,161104,154380.458333333333,14252,0,0,201266.386904761905,16279.285714285714,161448,healthy
ATM_020,2023-05-26,121774,146623,134687.833333333333,25422,0,0,184191.708333333333,17900.142857142857,147196,healthy
ATM_020,2023-05-27,83618,120879,103032.041666666667,38156,0,0,165123.458333333333,20282.428571428571,121774,low
ATM_020,2023-05-28,52869,500000,195719.041666666667,38895,1,0,162353.845238095238,22808.000000000000,83618,low
ATM_020,2023-05-29,469699,494243,482449.791666666667,25116,0,0,203096.773809523810,24320.571428571429,52869,healthy
ATM_020,2023-05-30,444324,469115,457217.250000000000,25375,0,0,242297.148809523810,25901.000000000000,469699,healthy
ATM_020,2023-05-31,418960,443759,431886.916666666667,25364,0,0,279910.476190476191,27511.428571428571,444324,healthy
ATM_020,2023-06-01,404831,418630,412007.083333333333,14129,0,0,316714.279761904762,27493.857142857143,418960,healthy
ATM_020,2023-06-02,390541,404514,397803.958333333333,14290,0,0,354302.297619047619,25903.571428571429,404831,healthy
ATM_020,2023-06-03,369389,390062,380200.916666666667,21152,0,0,393897.851190476191,23474.428571428571,390541,healthy
ATM_020,2023-06-04,348256,368954,358969.125000000000,21133,0,0,417219.291666666667,20937.000000000000,369389,healthy
ATM_020,2023-06-05,334003,347949,341234.958333333333,14253,0,0,397045.744047619048,19385.142857142857,348256,healthy
ATM_020,2023-06-06,319820,333680,326991.125000000000,14183,0,0,378442.011904761905,17786.285714285714,334003,healthy
ATM_020,2023-06-07,305681,319492,312882.583333333333,14139,0,0,361441.392857142857,16182.714285714286,319820,healthy
ATM_020,2023-06-08,291295,305364,298606.500000000000,14386,0,0,345241.309523809524,16219.428571428571,305681,healthy
ATM_020,2023-06-09,276962,290971,284191.791666666667,14333,0,0,329011.000000000000,16225.571428571429,291295,healthy
ATM_020,2023-06-10,255589,276477,266427.958333333333,21373,0,0,312757.720238095238,16257.142857142857,276962,healthy
ATM_020,2023-06-11,234108,255078,245031.916666666667,21481,0,0,296480.976190476190,16306.857142857143,255589,healthy
ATM_020,2023-06-12,220044,233811,227192.083333333333,14064,0,0,280189.136904761905,16279.857142857143,234108,healthy
ATM_020,2023-06-13,205823,219720,213043.125000000000,14221,0,0,263910.851190476190,16285.285714285714,220044,healthy
ATM_020,2023-06-14,191619,205500,198802.041666666667,14204,0,0,247613.630952380952,16294.571428571429,205823,healthy
ATM_020,2023-06-15,177535,191340,184707.208333333333,14084,0,0,231342.303571428571,16251.428571428571,191619,healthy
ATM_020,2023-06-16,163424,177223,170587.666666666667,14111,0,0,215113.142857142857,16219.714285714286,177535,healthy
ATM_020,2023-06-17,142022,162917,152852.125000000000,21402,0,0,198888.023809523810,16223.857142857143,163424,healthy
ATM_020,2023-06-18,120782,141516,131607.500000000000,21240,0,0,182684.535714285714,16189.428571428571,142022,healthy
ATM_020,2023-06-19,106561,120456,113786.166666666667,14221,0,0,166483.690476190476,16211.857142857143,120782,healthy
ATM_020,2023-06-20,92343,106233,99553.291666666667,14218,0,0,150270.857142857143,16211.428571428571,106561,low
ATM_020,2023-06-21,78219,92045,85415.250000000000,14124,0,0,134072.744047619048,16200.000000000000,92343,low
ATM_020,2023-06-22,64151,77906,71282.750000000000,14068,0,0,117869.250000000000,16197.714285714286,78219,low
ATM_020,2023-06-23,50080,63836,57250.208333333333,14071,0,0,101678.184523809524,16192.000000000000,64151,low
ATM_020,2023-06-24,479189,500000,490048.000000000000,21283,1,0,149849.023809523810,16175.000000000000,50080,healthy
ATM_020,2023-06-25,457931,478710,468665.625000000000,21258,0,0,198000.184523809524,16177.571428571429,479189,healthy
ATM_020,2023-06-26,432583,457308,445438.416666666667,25348,0,0,245379.077380952381,17767.142857142857,457931,healthy
ATM_020,2023-06-27,406939,431974,419971.041666666667,25644,0,0,291153.041666666667,19399.428571428571,432583,healthy
ATM_020,2023-06-28,381204,406341,394219.708333333333,25735,0,0,335267.964285714286,21058.142857142857,406939,healthy
ATM_020,2023-06-29,355848,380639,368679.583333333333,25356,0,0,377753.226190476190,22670.714285714286,381204,healthy
ATM_020,2023-06-30,330666,355286,343495.458333333333,25182,0,0,418645.404761904762,24258.000000000000,355848,healthy
ATM_020,2023-07-01,309622,330202,320294.125000000000,21044,0,0,394394.851190476190,24223.857142857143,330666,healthy
ATM_020,2023-07-02,288457,309128,299220.833333333333,21165,0,0,370188.452380952381,24210.571428571429,309622,healthy
ATM_020,2023-07-03,274368,288170,281507.375000000000,14089,0,0,346769.732142857143,22602.142857142857,288457,healthy
ATM_020,2023-07-04,260281,274057,267417.541666666667,14087,0,0,324976.375000000000,20951.142857142857,274368,healthy
ATM_020,2023-07-05,246048,259948,253235.916666666667,14233,0,0,304835.833333333333,19308.000000000000,260281,healthy
ATM_020,2023-07-06,231912,245731,239112.625000000000,14136,0,0,286326.267857142857,17705.142857142857,246048,healthy
ATM_020,2023-07-07,217754,231601,224910.958333333333,14158,0,0,269385.625000000000,16130.285714285714,231912,healthy
ATM_020,2023-07-08,196729,217346,207463.208333333333,21025,0,0,253266.922619047619,16127.571428571429,217754,healthy
ATM_020,2023-07-09,175457,196277,186243.541666666667,21272,0,0,237127.309523809524,16142.857142857143,196729,healthy
ATM_020,2023-07-10,161419,175145,168553.291666666667,14038,0,0,220991.011904761905,16135.571428571429,175457,healthy
ATM_020,2023-07-11,147273,161097,154492.000000000000,14146,0,0,204858.791666666667,16144.000000000000,161419,healthy
ATM_020,2023-07-12,133043,146926,140276.166666666667,14230,0,0,188721.684523809524,16143.571428571429,147273,healthy
ATM_020,2023-07-13,118732,132710,125970.750000000000,14311,0,0,172558.559523809524,16168.571428571429,133043,healthy
ATM_020,2023-07-14,104456,118360,111663.708333333333,14276,0,0,156380.380952380952,16185.428571428571,118732,healthy
ATM_020,2023-07-15,83016,103983,93904.791666666667,21440,0,0,140157.750000000000,16244.714285714286,104456,low
ATM_020,2023-07-16,61685,82557,72548.958333333333,21331,0,0,123915.666666666667,16253.142857142857,83016,low
ATM_020,2023-07-17,50498,500000,186162.583333333333,14198,1,0,126431.279761904762,16276.000000000000,61685,low
ATM_020,2023-07-18,484091,497765,491242.250000000000,13963,0,0,174538.458333333333,16249.857142857143,50498,healthy
ATM_020,2023-07-19,470042,483803,477162.166666666667,14049,0,0,222665.029761904762,16224.000000000000,484091,healthy
ATM_020,2023-07-20,455919,469750,463137.916666666667,14123,0,0,270831.767857142857,16197.142857142857,470042,healthy
ATM_020,2023-07-21,441738,455593,448935.666666666667,14181,0,0,319013.476190476191,16183.571428571429,455919,healthy
ATM_020,2023-07-22,420582,441246,431348.125000000000,21156,0,0,367219.666666666667,16143.000000000000,441738,healthy
ATM_020,2023-07-23,399255,420110,410085.500000000000,21327,0,0,415439.172619047619,16142.428571428571,420582,healthy
ATM_020,2023-07-24,385221,398923,392341.958333333333,14034,0,0,444893.369047619048,16119.000000000000,399255,healthy
ATM_020,2023-07-25,370968,384908,378209.125000000000,14253,0,0,428745.779761904762,16160.428571428571,385221,healthy
ATM_020,2023-07-26,345712,370417,358495.750000000000,25256,0,0,411793.434523809524,17761.428571428571,370968,healthy
ATM_020,2023-07-27,320162,345169,333144.625000000000,25550,0,0,393222.964285714286,19393.857142857143,345712,healthy
ATM_020,2023-07-28,294679,319626,307641.166666666667,25483,0,0,373038.035714285714,21008.428571428571,320162,healthy
ATM_020,2023-07-29,256422,293804,275765.541666666667,38257,0,0,350811.952380952381,23451.428571428571,294679,healthy
ATM_020,2023-07-30,218055,255549,237504.291666666667,38367,0,0,326157.494047619048,25885.714285714286,256422,healthy
ATM_020,2023-07-31,192432,217455,205421.875000000000,25623,0,0,299454.625000000000,27541.285714285714,218055,healthy
ATM_020,2023-08-01,178149,192111,185405.333333333333,14283,0,0,271911.226190476191,27545.571428571429,192432,healthy
ATM_020,2023-08-02,163950,177826,171127.791666666667,14199,0,0,245144.375000000000,25966.000000000000,178149,healthy
ATM_020,2023-08-03,149937,163629,157055.333333333333,14013,0,0,219988.761904761905,24317.857142857143,163950,healthy
ATM_020,2023-08-04,135874,149612,143048.375000000000,14063,0,0,196475.505952380952,22686.428571428571,149937,healthy
ATM_020,2023-08-05,114438,135357,125284.500000000000,21436,0,0,174978.214285714286,20283.428571428571,135874,healthy
ATM_020,2023-08-06,93204,113961,103988.750000000000,21234,0,0,155904.565476190476,17835.857142857143,114438,low
ATM_020,2023-08-07,78960,92882,86207.708333333333,14244,0,0,138873.970238095238,16210.285714285714,93204,low
ATM_020,2023-08-08,64813,78627,72003.625000000000,14147,0,0,122673.726190476190,16190.857142857143,78960,low
ATM_020,2023-08-09,50600,64491,57820.333333333333,14213,0,0,106486.946428571428,16192.857142857143,64813,low
ATM_020,2023-08-10,50014,500000,456418.250000000000,14262,1,0,149253.077380952381,16228.428571428571,50600,low
ATM_020,2023-08-11,472393,486351,479611.000000000000,14262,0,0,197333.452380952381,16256.857142857143,50014,healthy
ATM_020,2023-08-12,451107,471899,461880.625000000000,21286,0,0,245418.613095238095,16235.428571428571,472393,healthy
ATM_020,2023-08-13,430115,450650,440749.458333333333,20992,0,0,293527.285714285714,16200.857142857143,451107,healthy
ATM_020,2023-08-14,415918,429765,423108.791666666667,14197,0,0,341656.011904761905,16194.142857142857,430115,healthy
ATM_020,2023-08-15,401597,415577,408845.041666666667,14321,0,0,389776.214285714286,16219.000000000000,415918,healthy
ATM_020,2023-08-16,387446,401301,394625.541666666667,14151,0,0,437891.244047619048,16210.142857142857,401597,healthy
ATM_020,2023-08-17,373374,387124,380501.583333333333,14072,0,0,427046.005952380952,16183.000000000000,387446,healthy
ATM_020,2023-08-18,359188,373048,366362.708333333333,14186,0,0,410867.678571428571,16172.142857142857,373374,healthy
ATM_020,2023-08-19,337968,358704,348810.833333333333,21220,0,0,394714.851190476190,16162.714285714286,359188,healthy
ATM_020,2023-08-20,316795,337489,327546.000000000000,21173,0,0,378542.928571428571,16188.571428571429,337968,healthy
ATM_020,2023-08-21,302653,316488,309858.166666666667,14142,0,0,362364.267857142857,16180.714285714286,316795,healthy
ATM_020,2023-08-22,288532,302355,295721.083333333333,14121,0,0,346203.702380952381,16152.142857142857,302653,healthy
ATM_020,2023-08-23,274288,288208,281488.291666666667,14244,0,0,330041.238095238095,16165.428571428571,288532,healthy
ATM_020,2023-08-24,260376,273967,267464.166666666667,13912,0,0,313893.035714285714,16142.571428571429,274288,healthy
ATM_020,2023-08-25,246151,260015,253374.541666666667,14225,0,0,297751.869047619048,16148.142857142857,260376,healthy
ATM_020,2023-08-26,207675,245286,227132.291666666667,38476,0,0,280369.220238095238,18613.285714285714,246151,healthy
ATM_020,2023-08-27,169413,206837,188869.041666666667,38262,0,0,260558.226190476191,21054.571428571429,207675,healthy
ATM_020,2023-08-28,144230,168858,157032.125000000000,25183,0,0,238725.934523809524,22631.857142857143,169413,healthy
ATM_020,2023-08-29,118679,143708,131655.000000000000,25551,0,0,215287.922619047619,24264.714285714286,144230,healthy
ATM_020,2023-08-30,93186,118129,106195.750000000000,25493,0,0,190246.130952380953,25871.714285714286,118679,low
ATM_020,2023-08-31,67914,92593,80677.125000000000,25272,0,0,163562.267857142857,27494.571428571429,93186,low
ATM_020,2023-09-01,53675,67567,60905.083333333333,14239,0,0,136066.630952380952,27496.571428571429,67914,low
ATM_020,2023-09-02,50382,500000,362118.708333333333,21214,1,0,155350.404761904762,25030.571428571429,53675,low
ATM_020,2023-09-03,461272,482102,472091.625000000000,21330,0,0,195810.773809523809,22611.714285714286,50382,healthy
ATM_020,2023-09-04,447116,460960,454268.833333333333,14156,0,0,238273.160714285714,21036.428571428571,461272,healthy
ATM_020,2023-09-05,432931,446767,440089.708333333333,14185,0,0,282335.261904761905,19412.714285714286,447116,healthy
ATM_020,2023-09-06,418818,432618,425951.083333333333,14113,0,0,328014.595238095238,17787.000000000000,432931,healthy
ATM_020,2023-09-07,404696,418517,411859.083333333333,14122,0,0,375326.303571428571,16194.142857142857,418818,healthy
ATM_020,2023-09-08,390541,404380,397685.833333333333,14155,0,0,423437.839285714285,16182.142857142857,404696,healthy
ATM_020,2023-09-09,369391,390060,380164.000000000000,21150,0,0,426015.738095238095,16173.000000000000,390541,healthy
ATM_020,2023-09-10,348165,368905,358914.958333333333,21226,0,0,409847.642857142857,16158.142857142857,369391,healthy
ATM_020,2023-09-11,333987,347846,341192.833333333333,14178,0,0,393693.928571428571,16161.285714285714,348165,healthy
ATM_020,2023-09-12,320083,333651,327137.791666666667,13904,0,0,377557.940476190476,16121.142857142857,333987,healthy
ATM_020,2023-09-13,306057,319772,313185.875000000000,14026,0,0,361448.625000000000,16108.714285714286,320083,healthy
ATM_020,2023-09-14,291817,305745,299033.708333333333,14240,0,0,345330.714285714286,16125.571428571429,306057,healthy
ATM_020,2023-09-15,277633,291479,284834.625000000000,14184,0,0,329209.113095238095,16129.714285714286,291817,healthy
ATM_020,2023-09-16,256501,277175,267192.125000000000,21132,0,0,313070.273809523809,16127.142857142857,277633,healthy
ATM_020,2023-09-17,235362,256038,246112.500000000000,21139,0,0,296955.636904761905,16114.714285714286,256501,healthy
ATM_020,2023-09-18,220977,235042,228286.291666666667,14385,0,0,280826.130952380952,16144.285714285714,235362,healthy
ATM_020,2023-09-19,206870,220682,214060.250000000000,14107,0,0,264672.196428571429,16173.285714285714,220977,healthy
ATM_020,2023-09-20,192705,206581,199946.083333333333,14165,0,0,248495.083333333333,16193.142857142857,206870,healthy
ATM_020,2023-09-21,178498,192376,185678.833333333333,14207,0,0,232301.529761904762,16188.428571428571,192705,healthy
ATM_020,2023-09-22,164240,178184,171525.500000000000,14258,0,0,216114.511904761905,16199.000000000000,178498,healthy
ATM_020,2023-09-23,142936,163726,153705.291666666667,21304,0,0,199902.107142857143,16223.571428571429,164240,healthy
ATM_020,2023-09-24,121912,142513,132566.333333333333,21024,0,0,183681.226190476190,16207.142857142857,142936,healthy
ATM_020,2023-09-25,107613,121584,114887.125000000000,14299,0,0,167481.345238095238,16194.857142857143,121912,healthy
ATM_020,2023-09-26,82140,107042,95065.833333333333,25473,0,0,150482.142857142857,17818.571428571429,107613,low
ATM_020,2023-09-27,56722,81556,69653.166666666667,25418,0,0,131868.869047619048,19426.142857142857,82140,low
ATM_020,2023-09-28,51485,500000,325553.083333333333,25694,1,0,151850.904761904762,21067.142857142857,56722,low
ATM_020,2023-09-29,455720,480824,468718.875000000000,25637,0,0,194307.101190476190,22692.714285714286,51485,healthy
ATM_020,2023-09-30,417217,454839,436779.833333333333,38503,0,0,234746.321428571428,25149.714285714286,455720,healthy
ATM_020,2023-10-01,395950,416759,406747.083333333333,21267,0,0,273915.000000000000,25184.428571428571,417217,healthy
ATM_020,2023-10-02,381888,395610,389062.833333333333,14062,0,0,313082.958333333333,25150.571428571429,395950,healthy
ATM_020,2023-10-03,367732,381592,374929.333333333333,14156,0,0,353063.458333333333,23533.857142857143,381888,healthy
ATM_020,2023-10-04,353624,367420,360805.250000000000,14108,0,0,394656.613095238095,21918.142857142857,367732,healthy
ATM_020,2023-10-05,339398,353319,346628.750000000000,14226,0,0,397667.422619047619,20279.857142857143,353624,healthy
ATM_020,2023-10-06,325465,339092,332531.875000000000,13933,0,0,378212.136904761905,18607.857142857143,339398,healthy
ATM_020,2023-10-07,304272,325008,315112.416666666667,21193,0,0,360831.077380952381,16135.000000000000,325465,healthy
ATM_020,2023-10-08,282974,303755,293732.791666666667,21298,0,0,344686.178571428571,16139.428571428571,304272,healthy
ATM_020,2023-10-09,268905,282631,276051.875000000000,14069,0,0,328541.755952380952,16140.428571428571,282974,healthy
ATM_020,2023-10-10,254837,268599,261981.333333333333,14068,0,0,312406.327380952381,16127.857142857143,268905,healthy
ATM_020,2023-10-11,240493,254546,247794.125000000000,14344,0,0,296261.880952380952,16161.571428571429,254837,healthy
ATM_020,2023-10-12,226397,240187,233557.708333333333,14096,0,0,280108.875000000000,16143.000000000000,240493,healthy
ATM_020,2023-10-13,212133,226091,219357.458333333333,14264,0,0,263941.101190476190,16190.285714285714,226397,healthy
ATM_020,2023-10-14,190738,211657,201594.083333333333,21395,0,0,247724.196428571428,16219.142857142857,212133,healthy
ATM_020,2023-10-15,169333,190286,180211.625000000000,21405,0,0,231506.886904761905,16234.428571428571,190738,healthy
ATM_020,2023-10-16,155103,169016,162338.583333333333,14230,0,0,215262.130952380952,16257.428571428571,169333,healthy
ATM_020,2023-10-17,140693,154783,148063.166666666667,14410,0,0,198988.107142857143,16306.285714285714,155103,healthy
ATM_020,2023-10-18,126409,140359,133605.166666666667,14284,0,0,182675.398809523809,16297.714285714286,140693,healthy
ATM_020,2023-10-19,112434,126084,119502.041666666667,13975,0,0,166381.732142857143,16280.428571428571,126409,healthy
ATM_020,2023-10-20,98292,112101,105453.583333333333,14142,0,0,150109.750000000000,16263.000000000000,112434,low
ATM_020,2023-10-21,77152,97779,87843.750000000000,21140,0,0,133859.702380952381,16226.571428571429,98292,low
ATM_020,2023-10-22,55943,76713,66755.416666666667,21209,0,0,117651.672619047619,16198.571428571429,77152,low
ATM_020,2023-10-23,50979,500000,292767.125000000000,14104,1,0,136284.321428571429,16180.571428571429,55943,low
ATM_020,2023-10-24,477804,491595,484955.916666666667,14070,0,0,184411.857142857143,16132.000000000000,50979,healthy
ATM_020,2023-10-25,463673,477496,470832.583333333333,14131,0,0,232587.202380952381,16110.142857142857,477804,healthy
ATM_020,2023-10-26,437900,463097,450975.416666666667,25773,0,0,279940.541666666667,17795.571428571429,463673,healthy
ATM_020,2023-10-27,412482,437368,425380.875000000000,25418,0,0,325644.440476190476,19406.428571428571,437900,healthy
ATM_020,2023-10-28,374159,411623,393638.458333333333,38323,0,0,369329.398809523810,21861.142857142857,412482,healthy
ATM_020,2023-10-29,336107,373304,355443.083333333333,38052,0,0,410570.494047619048,24267.285714285714,374159,healthy
ATM_020,2023-10-30,310674,335517,323611.000000000000,25433,0,0,414976.761904761905,25885.714285714286,336107,healthy
ATM_020,2023-10-31,285172,310118,298096.916666666667,25502,0,0,388282.619047619048,27518.857142857143,310674,healthy
ATM_020,2023-11-01,270905,284858,278150.500000000000,14267,0,0,360756.607142857143,27538.285714285714,285172,healthy
ATM_020,2023-11-02,256894,270585,263955.791666666667,14011,0,0,334039.517857142857,25858.000000000000,270905,healthy
ATM_020,2023-11-03,242624,256585,249866.375000000000,14270,0,0,308966.017857142857,24265.428571428571,256894,healthy
ATM_020,2023-11-04,221410,242108,232143.625000000000,21214,0,0,285895.327380952381,21821.285714285714,242624,healthy
ATM_020,2023-11-05,200490,220956,211156.583333333333,20920,0,0,265282.970238095238,19373.857142857143,221410,healthy
ATM_020,2023-11-06,186486,200193,193617.666666666667,14004,0,0,246712.494047619048,17741.142857142857,200490,healthy
ATM_020,2023-11-07,172182,186166,179502.333333333333,14304,0,0,229770.410714285714,16141.428571428571,186486,healthy
ATM_020,2023-11-08,158028,171865,165179.041666666667,14154,0,0,213631.630952380952,16125.285714285714,172182,healthy
ATM_020,2023-11-09,143799,157709,151001.916666666667,14229,0,0,197495.363095238095,16156.428571428571,158028,healthy
ATM_020,2023-11-10,129746,143454,136860.333333333333,14053,0,0,181351.642857142857,16125.428571428571,143799,healthy
ATM_020,2023-11-11,108436,129229,119302.958333333333,21310,0,0,165231.547619047619,16139.142857142857,129746,healthy
ATM_020,2023-11-12,86871,107907,97766.000000000000,21565,0,0,149032.892857142857,16231.285714285714,108436,low
ATM_020,2023-11-13,72903,86578,79997.875000000000,13968,0,0,132801.494047619048,16226.142857142857,86871,low
ATM_020,2023-11-14,58635,72575,65860.541666666667,14268,0,0,116566.952380952381,16221.000000000000,72903,low
ATM_020,2023-11-15,50624,500000,239389.708333333333,14094,1,0,127168.476190476190,16212.428571428571,58635,low
ATM_020,2023-11-16,481139,494657,488141.208333333333,13822,0,0,175331.232142857143,16154.285714285714,50624,healthy
ATM_020,2023-11-17,467118,480793,474217.875000000000,14021,0,0,223525.166666666667,16149.714285714286,481139,healthy
ATM_020,2023-11-18,445971,466670,456749.833333333333,21147,0,0,271731.863095238095,16126.428571428571,467118,healthy
ATM_020,2023-11-19,424916,445500,435633.041666666667,21055,0,0,319998.583333333333,16053.571428571429,445971,healthy
ATM_020,2023-11-20,410764,424598,417916.625000000000,14152,0,0,368272.690476190476,16079.857142857143,424916,healthy
ATM_020,2023-11-21,396563,410429,403789.125000000000,14201,0,0,416548.202380952381,16070.285714285714,410764,healthy
ATM_020,2023-11-22,382322,396242,389581.833333333333,14241,0,0,438004.220238095238,16091.285714285714,396563,healthy
ATM_020,2023-11-23,368136,381997,375324.166666666667,14186,0,0,421887.500000000000,16143.285714285714,382322,healthy
ATM_020,2023-11-24,354053,367846,361225.791666666667,14083,0,0,405745.773809523810,16152.142857142857,368136,healthy
ATM_020,2023-11-25,333001,353549,343595.541666666667,21052,0,0,389580.875000000000,16138.571428571429,354053,healthy
ATM_020,2023-11-26,294570,332128,314068.666666666667,38431,0,0,372214.535714285714,18620.857142857143,333001,healthy
ATM_020,2023-11-27,269021,294004,281983.916666666667,25549,0,0,352795.577380952381,20249.000000000000,294570,healthy
ATM_020,2023-11-28,243425,268457,256392.333333333333,25596,0,0,331738.892857142857,21876.857142857143,269021,healthy
ATM_020,2023-11-29,217841,242844,230790.166666666667,25584,0,0,309054.369047619048,23497.285714285714,243425,healthy
ATM_020,2023-11-30,192170,217266,205216.791666666667,25671,0,0,284753.315476190476,25138.000000000000,217841,healthy
ATM_020,2023-12-01,178123,191863,185301.041666666667,14047,0,0,259621.208333333334,25132.857142857143,192170,healthy
ATM_020,2023-12-02,156890,177622,167670.291666666667,21233,0,0,234489.029761904762,25158.714285714286,178123,healthy
ATM_020,2023-12-03,135910,156403,146556.125000000000,20980,0,0,210558.666666666667,22665.714285714286,156890,healthy
ATM_020,2023-12-04,121746,135580,128952.583333333333,14164,0,0,188697.047619047619,21039.285714285714,135910,healthy
ATM_020,2023-12-05,107601,121426,114756.291666666667,14145,0,0,168463.327380952381,19403.428571428571,121746,healthy
ATM_020,2023-12-06,93344,107312,100632.375000000000,14257,0,0,149869.357142857143,17785.285714285714,107601,low
ATM_020,2023-12-07,79122,93033,86356.875000000000,14222,0,0,132889.369047619048,16149.714285714286,93344,low
ATM_020,2023-12-08,65136,78791,72260.333333333333,13986,0,0,116740.696428571429,16141.000000000000,79122,low
ATM_020,2023-12-09,51508,500000,223464.916666666667,21156,1,0,124711.357142857143,16130.000000000000,65136,low
ATM_020,2023-12-10,472961,493554,483673.375000000000,21090,0,0,172870.964285714286,16145.714285714286,51508,healthy
ATM_020,2023-12-11,458765,472670,465995.750000000000,14196,0,0,221019.988095238095,16150.285714285714,472961,healthy
ATM_020,2023-12-12,444441,458454,451695.791666666667,14324,0,0,269154.202380952381,16175.857142857143,458765,healthy
ATM_020,2023-12-13,430449,444127,437570.583333333333,13992,0,0,317288.232142857143,16138.000000000000,444441,healthy
ATM_020,2023-12-14,416248,430119,423469.916666666667,14201,0,0,365447.238095238095,16135.000000000000,430449,healthy
ATM_020,2023-12-15,402222,415942,409353.291666666667,14026,0,0,413603.375000000000,16140.714285714286,416248,healthy
ATM_020,2023-12-16,381146,401786,391902.625000000000,21076,0,0,437665.904761904762,16129.285714285714,402222,healthy
ATM_020,2023-12-17,359894,380645,370646.333333333333,21252,0,0,421519.184523809524,16152.428571428571,381146,healthy
ATM_020,2023-12-18,345705,359604,352924.666666666667,14189,0,0,405366.172619047619,16151.428571428571,359894,healthy
ATM_020,2023-12-19,331424,345375,338679.000000000000,14281,0,0,389220.916666666667,16145.285714285714,345705,healthy
ATM_020,2023-12-20,317118,331124,324399.458333333333,14306,0,0,373053.613095238095,16190.142857142857,331424,healthy
ATM_020,2023-12-21,303144,316807,310240.000000000000,13974,0,0,356877.910714285714,16157.714285714286,317118,healthy
ATM_020,2023-12-22,289032,302825,296177.083333333333,14112,0,0,340709.880952380952,16170.000000000000,303144,healthy
ATM_020,2023-12-23,267908,288571,278609.750000000000,21124,0,0,324525.184523809524,16176.857142857143,289032,healthy
ATM_020,2023-12-24,246516,267404,257352.458333333333,21392,0,0,308340.345238095238,16196.857142857143,267908,healthy
ATM_020,2023-12-25,232158,246186,239457.208333333333,14358,0,0,292130.708333333333,16221.000000000000,246516,healthy
ATM_020,2023-12-26,206479,231581,219548.291666666667,25679,0,0,275112.035714285714,17849.285714285714,232158,healthy
ATM_020,2023-12-27,180782,205892,193808.916666666667,25697,0,0,256456.244047619048,19476.571428571429,206479,healthy
ATM_020,2023-12-28,155404,180229,168303.708333333333,25378,0,0,236179.630952380952,21105.714285714286,180782,healthy
ATM_020,2023-12-29,130144,154828,142984.833333333333,25260,0,0,214295.023809523809,22698.285714285714,155404,healthy
ATM_020,2023-12-30,91897,129264,111295.666666666667,38247,0,0,190393.011904761905,25144.428571428571,130144,low
ATM_020,2023-12-31,91078,91078,91078.000000000000,819,0,0,166639.517857142857,22205.428571428571,91897,low
